sci_name_norm,sci_name,common_name_en,toxic_to_dogs,toxic_to_cats,toxic_to_horses,clinical_signs,toxic_principles,additional_common_names,detail_url
abronia fragrans,Abronia fragrans,Sand Verbena,false,false,false,,Non-toxic,"Fragrant sand-verbena, snowball sand-verbena, prairie snowball",https://www.aspca.org/pet-care/aspca-poison-control/toxic-and-non-toxic-plants/sand-verbena
abrus precatorius,Abrus precatorius,Rosary Pea,true,true,true,"Severe vomiting and diarrhea (sometimes bloody), tremors, high heart rate, fever, shock, death. Seeds are very toxic (seed coat must be broken).",Abrin (lectin or a toxalbumin) and abric acid (a glycoside),,https://www.aspca.org/pet-care/aspca-poison-control/toxic-and-non-toxic-plants/rosary-pea
acalypha godseffiana,Acalypha godseffiana,Copperleaf,true,true,true,"Drooling, vomiting, and diarrhea",Diterpene esters,"Firestorm, match-me-if-you-can",https://www.aspca.org/pet-care/aspca-poison-control/toxic-and-non-toxic-plants/copperleaf
acalypha hispida,Acalypha hispida,Foxtail,true,true,true,"Drooling, vomiting, diarrhea",Diterpene esters,"Bristly copperleaf, chenille, red hot cat's tail, red cattail, cat's tail",https://www.aspca.org/pet-care/aspca-poison-control/toxic-and-non-toxic-plants/foxtail
acantha,Acantha,Measles Plant,false,false,false,"Mild vomiting, diarrhea.",Unknown,"Polka Dot Plant, Flamingo Plant, Baby’s Tears, Freckle Face",https://www.aspca.org/pet-care/aspca-poison-control/toxic-and-non-toxic-plants/measles-plant
acer ginnala,Acer ginnala,Amur Maple,false,false,,"Some other maples can cause destruction of red blood cells in horses, it is unknown if these species is toxic.",Unknown,"Maple, Amur",https://www.aspca.org/pet-care/aspca-poison-control/toxic-and-non-toxic-plants/amur-maple
acer rubrum,Acer rubrum,Carolina Maple,false,false,true,"Destruction of red blood cells (anemia), weakness, dark urine, difficulty breathing, abortion, death. Wilted leaves are most toxic.",Pyrogallol,"Swamp Maple, Scarlet Maple, Red Maple, Curled Maple, Acer Sanguineum, Soft Maple, Rufacer Rubrum",https://www.aspca.org/pet-care/aspca-poison-control/toxic-and-non-toxic-plants/carolina-maple
achillea millefolium,Achillea millefolium,Dog Daisy,true,true,true,"Increased urination, vomiting, diarrhea, dermatitis.",Achilleine and alkaloids.,Dog Fennel,https://www.aspca.org/pet-care/aspca-poison-control/toxic-and-non-toxic-plants/dog-daisy
adenium obesum,Adenium obesum,Desert Azalea,true,true,true,"Vomiting, diarrhea, anorexia, depression, irregular heart beat, death",Cardiac glycosides,"Desert Rose, Mock Azalea, Sabi Star, Impala Lily, Kudu Lily",https://www.aspca.org/pet-care/aspca-poison-control/toxic-and-non-toxic-plants/desert-azalea
adonidia merrillii,Adonidia merrillii,Christmas Palm,false,false,false,,,Manila Palm,https://www.aspca.org/pet-care/aspca-poison-control/toxic-and-non-toxic-plants/christmas-palm
aeschynanthus humilis,Aeschynanthus humilis,Lipstick Plant,false,false,false,,Non-toxic,,https://www.aspca.org/pet-care/aspca-poison-control/toxic-and-non-toxic-plants/lipstick-plant
aesculus,Aesculus spp,Buckeye,true,true,true,"Severe vomiting and diarrhea, depression or excitement, dilated pupils, coma, convulsions, wobbly","Aesculin (a glycosidic saponin), other saponins",Horse Chestnut,https://www.aspca.org/pet-care/aspca-poison-control/toxic-and-non-toxic-plants/buckeye
aesculus glabra,Aesculus glabra,Horse Chestnut,true,true,true,"Severe vomiting and diarrhea, depression or excitement, dilated pupils, weakness, unsteadiness, depression, seizures, coma","Aesculin (a glycosidic saponin), other saponins","Buckeye, Ohio Buckeye, Fetid Buckeye",https://www.aspca.org/pet-care/aspca-poison-control/toxic-and-non-toxic-plants/horse-chestnut
ageratina altissima,Ageratina altissima,White Snakeroot,,,true,"All species - Weakness, stiffness, tremors, collapse; Horses - heart damage, swallowing difficulty; Goats - liver failure and dermatitis",Trematol,"Richweed, White sanicle",https://www.aspca.org/pet-care/aspca-poison-control/toxic-and-non-toxic-plants/white-snakeroot
aglaonema modestum,Aglaonema modestum,Chinese Evergreen,true,true,true,"Oral irritation, pain and swelling of mouth, tongue and lips, excessive drooling, vomiting (not horses), difficulty swallowing",Insoluble calcium oxalates,,https://www.aspca.org/pet-care/aspca-poison-control/toxic-and-non-toxic-plants/chinese-evergreen
albiflora,Albiflora spp.,Giant White Inch Plant,false,false,false,,Non-toxic,,https://www.aspca.org/pet-care/aspca-poison-control/toxic-and-non-toxic-plants/giant-white-inch-plant
alcea rosea,Alcea rosea,Hollyhock,false,false,false,,Non-toxic,,https://www.aspca.org/pet-care/aspca-poison-control/toxic-and-non-toxic-plants/hollyhock
allium ampeloprasum,Allium ampeloprasum,Leek,true,true,true,"Vomiting, breakdown of red blood cells (hemolytic anemia, Heinz body anemia), blood in urine, weakness, high heart rate, panting",N-propyl disulfide,Elephant Garlic,https://www.aspca.org/pet-care/aspca-poison-control/toxic-and-non-toxic-plants/leek
allium cepa,Allium cepa,Onion,true,true,true,"Vomiting, breakdown of red blood cells (hemolytic anemia, Heinz body anemia), blood in urine, weakness, high heart rate, panting",N-propyl disulfide,,https://www.aspca.org/pet-care/aspca-poison-control/toxic-and-non-toxic-plants/onion
allium sativum,Allium sativum,Garlic,true,true,true,"Vomiting, breakdown of red blood cells (hemolytic anemia, Heinz body anemia), blood in urine, weakness, high heart rate, panting",N-propyl disulfide,"Stinking Rose, Rustic Treacle, Camphor of the Poor, Nectar of the Gods, Serpent Garlic, Rocambole",https://www.aspca.org/pet-care/aspca-poison-control/toxic-and-non-toxic-plants/garlic
allium schoenoprasum,Allium schoenoprasum,Chives,true,true,true,"Vomiting, breakdown of red blood cells (hemolytic anemia, Heinz body anemia), blood in urine, weakness, high heart rate, panting.",N-propyl disulfide,,https://www.aspca.org/pet-care/aspca-poison-control/toxic-and-non-toxic-plants/chives
alocasia,Alocasia spp.,Alocasia,true,true,true,"Oral irritation, pain and swelling of mouth, tongue and lips, excessive drooling, vomiting (not horses), difficulty swallowing",Insoluble calcium oxalates,Elephant's Ear,https://www.aspca.org/pet-care/aspca-poison-control/toxic-and-non-toxic-plants/alocasia
aloe barbadensis,Aloe barbadensis,Barbados Aloe,true,true,true,"Vomiting (not horses), lethargy, diarrhea. The gel is considered edible.","Saponins, anthraquinones","Medicine Plant, True Aloe",https://www.aspca.org/pet-care/aspca-poison-control/toxic-and-non-toxic-plants/barbados-aloe
aloe retusa,Aloe retusa,Cushion Aloe,false,false,false,,,,https://www.aspca.org/pet-care/aspca-poison-control/toxic-and-non-toxic-plants/cushion-aloe
aloe vera,Aloe vera,Aloe,true,true,true,"Vomiting (not horses), lethargy, diarrhea. The gel is considered edible.","Saponins, anthraquinones",,https://www.aspca.org/pet-care/aspca-poison-control/toxic-and-non-toxic-plants/aloe
aloysia triphylla,Aloysia triphylla,Lemon Verbena,true,true,true,"Stomach upset, colic. No concerns if small amounts used in cooking or as flavoring agent.",Essential oils,Lemon Beebrush,https://www.aspca.org/pet-care/aspca-poison-control/toxic-and-non-toxic-plants/lemon-verbena
alstroemeria,Alstroemeria,Peruvian Lily,false,false,false,,,"Lily of the Incas, Princess Lily, Alstromeria",https://www.aspca.org/pet-care/aspca-poison-control/toxic-and-non-toxic-plants/peruvian-lily
alyssum,Alyssum spp.,Alyssum,false,false,false,,,Alyssum varieties,https://www.aspca.org/pet-care/aspca-poison-control/toxic-and-non-toxic-plants/alyssum
amaranthus hypochondriacus,Amaranthus hypochondriacus,Cocks Comb,false,false,false,,,"Pile Wort, Lady Bleeding, Red Cocks Comb",https://www.aspca.org/pet-care/aspca-poison-control/toxic-and-non-toxic-plants/cocks-comb
amaryllis,Amaryllis spp.,Amaryllis,true,true,true,"Vomiting (not horses), depression, diarrhea, abdominal pain, hypersalivation, anorexia, tremors.",Lycorine and others,"Many, including: Belladonna lily, Saint Joseph lily, Cape Belladonna, Naked Lady",https://www.aspca.org/pet-care/aspca-poison-control/toxic-and-non-toxic-plants/amaryllis
ambrosia mexicana,Ambrosia mexicana,Feather Geranium,true,true,,"Vomiting, anorexia, depression",Sesquiterpene lactones,"Jerusalem Oak, Ambrosia Mexicana",https://www.aspca.org/pet-care/aspca-poison-control/toxic-and-non-toxic-plants/feather-geranium
ammi majus,Ammi majus,Bishop’s Weed,true,true,true,"Photosensitization (sunburn, dermatitis)",Insoluble calcium oxalates,"Greater Ammi, False Queen Anne's Lace",https://www.aspca.org/pet-care/aspca-poison-control/toxic-and-non-toxic-plants/bishops-weed
amsinckia,Amsinckia spp.,Fiddleneck,,,true,Horses: liver disease (must be ingested in large amount or over a long time period),Pyrrolizidine alkaloids,,https://www.aspca.org/pet-care/aspca-poison-control/toxic-and-non-toxic-plants/fiddleneck
anethum graveolena,Anethum graveolena,Dill,false,false,false,Dermatitis with prolonged contact,Essential oils,,https://www.aspca.org/pet-care/aspca-poison-control/toxic-and-non-toxic-plants/dill
anoectuchilus setaceus,Anoectuchilus setaceus,King of the Forest,false,false,,,Non-toxic,Golden Jewel Orchid,https://www.aspca.org/pet-care/aspca-poison-control/toxic-and-non-toxic-plants/king-forest
anthemis cotula,Anthemis cotula,Mayweed,true,true,true,"Contact dermatitis, vomiting, diarrhea, anorexia, allergic reactions. Long term use can lead to bleeding tendencies.","Volatile oil; bisabolol, chamazulene, anthemic acid, tannic acid","Poison Daisy, Stinking Chamomile",https://www.aspca.org/pet-care/aspca-poison-control/toxic-and-non-toxic-plants/mayweed
anthemis nobilis,Anthemis nobilis,Chamomile,true,true,true,"Contact dermatitis, vomiting, diarrhea, anorexia, allergic reactions. Long term use can lead to bleeding tendencies.","Volatile oil; bisabolol, chamazulene, anthemic acid, tannic acid","Manzanilla, Garden Chamomile, Roman Chamomile, True Chamomile, Corn Feverfew, Barnyard Daisy, Ground-apple, Turkey-weed",https://www.aspca.org/pet-care/aspca-poison-control/toxic-and-non-toxic-plants/chamomile
anthericum comosum,Anthericum comosum,Chlorophytum,false,false,false,,Non-toxic,"Ribbon Plant, Spider Ivy, Spider Plant",https://www.aspca.org/pet-care/aspca-poison-control/toxic-and-non-toxic-plants/chlorophytum
anthericum liliago,Anthericum liliago,Saint Bernards Lily,false,false,,,,,https://www.aspca.org/pet-care/aspca-poison-control/toxic-and-non-toxic-plants/saint-bernards-lily
anthirrhinum multiflorum,Anthirrhinum multiflorum,Withered Snapdragon,false,false,,,,,https://www.aspca.org/pet-care/aspca-poison-control/toxic-and-non-toxic-plants/withered-snapdragon
anthriscus cerefolium,Anthriscus cerefolium,Chervil,false,false,false,,,"Garden Chervil, French Parsley",https://www.aspca.org/pet-care/aspca-poison-control/toxic-and-non-toxic-plants/chervil
anthurium scherzeranum,Anthurium scherzeranum,Flamingo Flower,true,true,true,"Oral irritation, pain and swelling of mouth, tongue and lips, excessive drooling, vomiting (not horses), difficulty swallowing",Insoluble calcium oxalates,"Flamingo Lily, Tail Flower, Oilcloth Flower, Pigtail Plant, Painter's Pallet",https://www.aspca.org/pet-care/aspca-poison-control/toxic-and-non-toxic-plants/flamingo-flower
antirrhinum majus,Antirrhinum majus,Common Snapdragon,false,false,false,,,Garden Snapdragon,https://www.aspca.org/pet-care/aspca-poison-control/toxic-and-non-toxic-plants/common-snapdragon
antirrhinum multiflorum,Antirrhinum multiflorum,Antirrhinum Multiflorum,false,false,false,,,Withered Snapdragon,https://www.aspca.org/pet-care/aspca-poison-control/toxic-and-non-toxic-plants/antirrhinum-multiflorum
antirrhinum orontium,Antirrhinum orontium,Lesser Snapdragon,false,false,false,,Non-toxic,,https://www.aspca.org/pet-care/aspca-poison-control/toxic-and-non-toxic-plants/lesser-snapdragon
aphelandra squarrosa,Aphelandra squarrosa,Saffron Spike Zebra,false,false,false,,Non-toxic,,https://www.aspca.org/pet-care/aspca-poison-control/toxic-and-non-toxic-plants/saffron-spike-zebra
apocynum,Apocynum spp.,Dogbane Hemp,true,true,true,"Diarrhea (possibly with blood), slow heart rate, weakness",Cardenolides,"Bitterroot, Indian Hemp",https://www.aspca.org/pet-care/aspca-poison-control/toxic-and-non-toxic-plants/dogbane-hemp
apocynum androsaemifolium,Apocynum androsaemifolium,Bitter Root,true,true,true,"Diarrhea (possibly with blood), slow heart rate, weakness",Cardenolides,"Dogbane Hemp, Indian Hemp",https://www.aspca.org/pet-care/aspca-poison-control/toxic-and-non-toxic-plants/bitter-root
aralia spinosa,Aralia spinosa,Angelica Tree,true,true,true,"Skin and oral irritation, hypersalivation, vomiting, diarrhea",Araliin,"Hercules' Club, Devil's Walking Stick, Prickly Ash, Prickly Elder",https://www.aspca.org/pet-care/aspca-poison-control/toxic-and-non-toxic-plants/angelica-tree
araucaria heterophylla,Araucaria heterophylla,Australian Pine,false,false,false,,Non-toxic,"Norfolk Pine, House Pine, Norfolk Island Pine",https://www.aspca.org/pet-care/aspca-poison-control/toxic-and-non-toxic-plants/australian-pine
arctotis stoechadifolia,Arctotis stoechadifolia,Blue Eyed Daisy,false,false,false,,Non-toxic,Blue-eyed African Daisy,https://www.aspca.org/pet-care/aspca-poison-control/toxic-and-non-toxic-plants/blue-eyed-daisy
arisaema triphyllum,Arisaema triphyllum,Jack-in-the-pulpit,true,true,true,"Oral irritation, pain and swelling of mouth, tongue and lips, excessive drooling, vomiting (not horses), difficulty swallowing",Insoluble calcium oxalates,"Three-leaved indian turnip, Devil's dear, Wake robin, Starch wort, Wild turnip, Dragon root, Bog onion, Pepper turnip, Brown dragon, Memory root",https://www.aspca.org/pet-care/aspca-poison-control/toxic-and-non-toxic-plants/jack-pulpit
artemisia dracunculus,Artemisia dracunculus,Tarragon,true,true,true,Mild vomiting and diarrhea,Essential Oils,"French Tarragon, Estragon",https://www.aspca.org/pet-care/aspca-poison-control/toxic-and-non-toxic-plants/tarragon
arum maculatum,Arum maculatum,Adam-and-Eve,true,true,true,"Oral irritation, pain and swelling of mouth, tongue and lips, excessive drooling, vomiting (not horses), difficulty swallowing",Insoluble calcium oxalates,"Arum, Lord-and-Ladies, Wake Robin, Starch Root, Bobbins, Cuckoo Plant",https://www.aspca.org/pet-care/aspca-poison-control/toxic-and-non-toxic-plants/adam-and-eve
arum palestinum,Arum palestinum,Black Calla,true,true,true,"Oral irritation, pain and swelling of mouth, tongue and lips, excessive drooling, vomiting (not horses), difficulty swallowing",Insoluble calcium oxalates,"Solomon's Lily, Wild Calla, Wild Arum",https://www.aspca.org/pet-care/aspca-poison-control/toxic-and-non-toxic-plants/black-calla
asarina erubescens,Asarina erubescens,Creeping Gloxinia,false,false,false,,,Maurandya,https://www.aspca.org/pet-care/aspca-poison-control/toxic-and-non-toxic-plants/creeping-gloxinia
asclepias species,Asclepias species,Milkweed,true,true,true,"Vomiting, profound depression, weakness, anorexia, and diarrhea are common; may be followed by seizures, difficulty breathing, rapid, weak pulse, dilated pupils, kidney or liver failure, coma, respiratory paralysis and death",Some species contain cardiotoxins (steroidal glycosidic cardenolides) and other species contain neurotoxins.,,https://www.aspca.org/pet-care/aspca-poison-control/toxic-and-non-toxic-plants/milkweed
asparagus densiflorus,Asparagus densiflorus,Emerald Feather,true,true,true,"Allergic dermatitis with repeated dermal exposure. Berry ingestion could result in gastric upset (vomiting, abdominal pain, or diarrhea).",Unknown,"Emerald Fern, Asparagus, Asparagus fern, Sprengeri fern, Plumosa fern, Lace fern, Racemose asparagus, Shatavari",https://www.aspca.org/pet-care/aspca-poison-control/toxic-and-non-toxic-plants/emerald-feather
asparagus densiflorus sprengeri,Asparagus densiflorus cv sprengeri,Asparagus Fern,true,true,true,"Allergic dermatitis with repeated dermal exposure. Berry ingestion could result in gastric upset (vomiting, abdominal pain, or diarrhea).",,"Asparagus, Emerald Feather, Emerald Fern, Sprengeri Fern, Plumosa Fern, Lace Fern, Racemose Asparagus, Shatavari",https://www.aspca.org/pet-care/aspca-poison-control/toxic-and-non-toxic-plants/asparagus-fern
aspidistra elatior,Aspidistra elatior,Cast Iron Plant,false,false,false,,,"Bar Room Plant, Iron Plant, Variegated Cast Iron Plant",https://www.aspca.org/pet-care/aspca-poison-control/toxic-and-non-toxic-plants/cast-iron-plant
asplenium bulbiferum,Asplenium bulbiferum,Hen and Chickens Fern,false,false,false,,Non-toxic,"King and queen fern, Spleenwort, Parsley fern",https://www.aspca.org/pet-care/aspca-poison-control/toxic-and-non-toxic-plants/hen-and-chickens-fern
astragalus,Astragalus spp.,Loco Weed (Astragalus spp.),,,true,"Incoordination, depression, inability to eat and drink, fetal death and birth defects",Swainsonine,Locoweed,https://www.aspca.org/pet-care/aspca-poison-control/toxic-and-non-toxic-plants/loco-weed-astragalus-spp
barbarea orthoceras,Barbarea orthoceras,Wintercress,,,true,"Gastrointestinal irritation, colic",Isothiocyanates,,https://www.aspca.org/pet-care/aspca-poison-control/toxic-and-non-toxic-plants/wintercress
barbarea vulgaris,Barbarea vulgaris,Yellowrocket,false,false,true,"Gastrointestinal irritation, colic",Isothiocyanates,,https://www.aspca.org/pet-care/aspca-poison-control/toxic-and-non-toxic-plants/yellowrocket
beaucarnea recurvata,Beaucarnea recurvata,Bottle Palm,false,false,false,,,"Elephant-foot Tree, Pony Tail Plant",https://www.aspca.org/pet-care/aspca-poison-control/toxic-and-non-toxic-plants/bottle-palm
begonia,Begonia spp.,Begonia,true,true,true,"Kidney failure (in grazing animals), vomiting, salivation in dogs/cats. Most toxic part is underground.",Soluble calcium oxalates,"Over 1,000 species and 10,000 hybrids",https://www.aspca.org/pet-care/aspca-poison-control/toxic-and-non-toxic-plants/begonia
begonia cleopatra,Begonia cleopatra,Mapleleaf Begonia,true,true,true,"Kidney failure (in grazing animals), vomiting, salivation in dogs/cats. Most toxic part is underground.",Soluble calcium oxalates,,https://www.aspca.org/pet-care/aspca-poison-control/toxic-and-non-toxic-plants/mapleleaf-begonia
begonia masoniana,Begonia masoniana,Iron Cross Begonia,true,true,true,"Kidney failure (in grazing animals), vomiting, salivation in dogs/cats. Most toxic part is underground.",Soluble calcium oxalates,,https://www.aspca.org/pet-care/aspca-poison-control/toxic-and-non-toxic-plants/iron-cross-begonia
begonia metallica,Begonia metallica,Metallic Leaf Begonia,true,true,true,"Kidney failure (in grazing animals), vomiting, salivation in dogs/cats. Most toxic part is underground.",Soluble calcium oxalates,,https://www.aspca.org/pet-care/aspca-poison-control/toxic-and-non-toxic-plants/metallic-leaf-begonia
begonia rex,Begonia rex,Rex Begonia,true,true,true,"Kidney failure (in grazing animals), vomiting, salivation in dogs/cats. Most toxic part is underground.",Soluble calcium oxalates,,https://www.aspca.org/pet-care/aspca-poison-control/toxic-and-non-toxic-plants/rex-begonia
begonia rex 'peace',Begonia rex 'peace',Peace Begonia,true,true,true,"Kidney failure (in grazing animals), vomiting, salivation in dogs/cats. Most toxic part is underground.",Soluble calcium oxalates,,https://www.aspca.org/pet-care/aspca-poison-control/toxic-and-non-toxic-plants/peace-begonia
begonia scharfii,Begonia scharfii,Elephant-Ear Begonia,true,true,true,"Kidney failure (in grazing animals), vomiting, salivation in dogs/cats. Most toxic part is underground.",Soluble calcium oxalates,,https://www.aspca.org/pet-care/aspca-poison-control/toxic-and-non-toxic-plants/elephant-ear-begonia
begonia semperflorens,Begonia semperflorens cultivar,Pink Pearl,true,true,true,"Kidney failure (rare in dogs/cats), tremors, salivation.",Soluble calcium oxalates,,https://www.aspca.org/pet-care/aspca-poison-control/toxic-and-non-toxic-plants/pink-pearl
berteroa incana,Berteroa incana,Hoary Alyssum,false,false,true,"Fever, swollen limbs, laminitis, bloody diarrhea, abortion, death",Unknown,,https://www.aspca.org/pet-care/aspca-poison-control/toxic-and-non-toxic-plants/hoary-alyssum
bertolonia mosaica,Bertolonia mosaica,Mosaic Plant,false,false,false,,Non-toxic,"Jewel Plant, Siver Nerve, Nerve Plant, Silver Threads",https://www.aspca.org/pet-care/aspca-poison-control/toxic-and-non-toxic-plants/mosaic-plant
beta vulgaris,Beta vulgaris,Beets,false,false,false,Large mature leaves contain oxalic acid,Non-toxic,"Beet Root, Red Beet, Swiss Chard, Roman Kale, Sugar Beet",https://www.aspca.org/pet-care/aspca-poison-control/toxic-and-non-toxic-plants/beets
borage officinalis,Borage officinalis,Borage,true,true,true,"Vomiting, diarrhea, dermatitis","Tannins, mucilage",Starflower,https://www.aspca.org/pet-care/aspca-poison-control/toxic-and-non-toxic-plants/borage
brassaia actinophylla,Brassaia actinophylla,Australian Ivy Palm,true,true,true,"Oral irritation, pain and swelling of mouth, tongue and lips, excessive drooling, vomiting (not horses), difficulty swallowing","Terpenoids, saponins, insoluble oxalates","Schefflera, Umbrella Tree, Octopus Tree, Starleaf",https://www.aspca.org/pet-care/aspca-poison-control/toxic-and-non-toxic-plants/australian-ivy-palm
brassica kaber,Brassica kaber,Charlock,,,true,"Gastrointestinal irritation, colic",Isothiocyanates,"Wild Mustard, California Rape",https://www.aspca.org/pet-care/aspca-poison-control/toxic-and-non-toxic-plants/charlock
brassica species,Brassica species,White/Black/Yellow Indian Mustard,,,true,"Gastrointestinal irritation, colic",Isothiocyanates,,https://www.aspca.org/pet-care/aspca-poison-control/toxic-and-non-toxic-plants/whiteblackyellow-indian-mustard
brodiaea pulchella,Brodiaea pulchella,Blue-dicks 3,false,false,false,,,Wild Hyacinth,https://www.aspca.org/pet-care/aspca-poison-control/toxic-and-non-toxic-plants/blue-dicks-3
brunfelsia species,Brunfelsia species,Brunfelsia,true,true,true,"Tremors, seizures (for several days), diarrhea, vomiting, hypersalivation, lethargy, incoordination, coughing",Brunfelsamidine,"Yesterday, Today, Tomorrow, Kiss-Me-Quick, Lady-of-the-Night, Fransiscan Rain Tree",https://www.aspca.org/pet-care/aspca-poison-control/toxic-and-non-toxic-plants/brunfelsia
bulbophyllum appendiculatum,Bulbophyllum appendiculatum,Cirrhopetalum,false,false,false,,Non-toxic,Old World Orchid,https://www.aspca.org/pet-care/aspca-poison-control/toxic-and-non-toxic-plants/cirrhopetalum
buxus,Buxus spp.,Boxwood,true,true,true,"Dogs and cats: vomiting, diarrhea; Horses: colic, diarrhea, respiratory failure, seizures",Alkaloids,,https://www.aspca.org/pet-care/aspca-poison-control/toxic-and-non-toxic-plants/boxwood
caesalpinia gilliesii,Caesalpinia gilliesii,Bird of Paradise,true,true,,"Oral irritation, intense burning and irritation of mouth, tongue and lips, excessive drooling, vomiting, diarrhea, difficulty swallowing and incoordination is possible. Deaths in rabbits have been reported.",possibly hydrocyanic acid,"Peacock Flower, Barbados Pride, Poinciana, Pride of Barbados",https://www.aspca.org/pet-care/aspca-poison-control/toxic-and-non-toxic-plants/bird-paradise
caesalpinia gilliessi,Caesalpinia gilliessi,Poinciana,true,true,true,"Intense burning and irritation of mouth, tongue and lips, excessive drooling, vomiting, diarrhea, difficulty swallowing, incoordination (rare)",GI irritants,"Peacock Flower, Bird of Paradise, Barbados Pride, Pride of Barbados",https://www.aspca.org/pet-care/aspca-poison-control/toxic-and-non-toxic-plants/poinciana
caesalpinia pulcherrima,Caesalpinia pulcherrima,Barbados Pride,true,true,true,Vomiting and diarrhea.,"GI Irritants, Tannins.","Peacock Flower, Dwarf Poinciana",https://www.aspca.org/pet-care/aspca-poison-control/toxic-and-non-toxic-plants/barbados-pride
caladium hortulanum,Caladium hortulanum,Caladium,true,true,true,"Oral irritation, pain and swelling of mouth, tongue and lips, excessive drooling, vomiting (not horses), difficulty swallowing",Insoluble calcium oxalates,"Malanga, Elephant's Ears, Stoplight, Seagull, Mother-in-law Plant, Pink Cloud, Texas Wonder, Angel-Wings, Exposition, Candidum, Fancy-leaved Caladium",https://www.aspca.org/pet-care/aspca-poison-control/toxic-and-non-toxic-plants/caladium
calathea,Calathea spp.,Calathea,false,false,false,,,,https://www.aspca.org/pet-care/aspca-poison-control/toxic-and-non-toxic-plants/calathea
calathea insignis,Calathea insignis,Caeroba,false,false,false,,,"Rattle Snake Plant, Peacock Plant, Zebra Plant",https://www.aspca.org/pet-care/aspca-poison-control/toxic-and-non-toxic-plants/caeroba
calathea micans,Calathea micans,Miniature Maranta,false,false,false,,Non-toxic,,https://www.aspca.org/pet-care/aspca-poison-control/toxic-and-non-toxic-plants/miniature-maranta
calendula officinalis,Calendula officinalis,Garden Marigold,false,false,,,Non-toxic,"Marigold, Mary Bud, Gold bloom, Pot marigold",https://www.aspca.org/pet-care/aspca-poison-control/toxic-and-non-toxic-plants/garden-marigold
callistemon citrinus,Callistemon citrinus,Callistemon citrinus,false,false,false,,,Crimson Bottlebrush,https://www.aspca.org/pet-care/aspca-poison-control/toxic-and-non-toxic-plants/callistemon-citrinus
callistemon species,Callistemon species,Bottlebrush,false,false,false,"Do not confuse with Aesculus parviflora, a toxic Buckeye ""Bottlebrush"" plant containing Aesculin.",,"Weeping Bottlebrush, Prickly Bottlebrush, Crimson Bottlebrush",https://www.aspca.org/pet-care/aspca-poison-control/toxic-and-non-toxic-plants/bottlebrush
callistemon viminalis,Callistemon viminalis,Callistemon viminalis,false,false,false,,,"Weeping Bottlebrush, Prickly Bottlebrush, Crimson Bottlebrush",https://www.aspca.org/pet-care/aspca-poison-control/toxic-and-non-toxic-plants/callistemon-viminalis
callistephus chinensis,Callistephus chinensis,China Aster,false,false,false,,,"Annual Aster, Aster Sinensis",https://www.aspca.org/pet-care/aspca-poison-control/toxic-and-non-toxic-plants/china-aster
calochortus,Calochortus spp.,Calochortus nuttalli,false,false,false,,,"Sego Lily, Star Tulip, Mariposa Lily, Cat Ear, Butterfly Tulip",https://www.aspca.org/pet-care/aspca-poison-control/toxic-and-non-toxic-plants/calochortus-nuttalli
calochortus gunnisonii,Calochortus gunnisonii,Mariposa Lily,false,false,,,Non-toxic,Sego Lily,https://www.aspca.org/pet-care/aspca-poison-control/toxic-and-non-toxic-plants/mariposa-lily
camellia japonica,Camellia japonica,Camellia,false,false,false,,,"Common Camellia, Peony Camellia",https://www.aspca.org/pet-care/aspca-poison-control/toxic-and-non-toxic-plants/camellia
canna edulis,Canna edulis,Queensland Arrowroot,false,false,false,,,"Achira, Canna, Arrowroot",https://www.aspca.org/pet-care/aspca-poison-control/toxic-and-non-toxic-plants/queensland-arrowroot
canna generalis,Canna generalis,Canna Lily,false,false,false,,,Common Garden Canna,https://www.aspca.org/pet-care/aspca-poison-control/toxic-and-non-toxic-plants/canna-lily
canna indica,Canna indica,Canna,false,false,false,,,"Achira, Indian shot, African arrow root, edible canna, purple arrow root, sierra leone arrow root",https://www.aspca.org/pet-care/aspca-poison-control/toxic-and-non-toxic-plants/canna
cannabis sativa,Cannabis sativa,Hashish,true,true,true,"Prolonged depression, vomiting, incoordination, sleepiness or excitation, hypersalivaton, dilated pupils, low blood pressure, low body temperature, seizure, coma, death (rare)",Delta-9-THC (tetrahydrocannabinol),"Marijuana, Indian Hemp",https://www.aspca.org/pet-care/aspca-poison-control/toxic-and-non-toxic-plants/hashish
carissa grandiflora,Carissa grandiflora,Natal Plum,false,false,false,,Non-toxic,,https://www.aspca.org/pet-care/aspca-poison-control/toxic-and-non-toxic-plants/natal-plum
carum carvi,Carum carvi,Caraway,true,true,true,Mild Vomiting and diarrhea,"oils, carvone and limonene","Meridian Fennel, Persian Cumin",https://www.aspca.org/pet-care/aspca-poison-control/toxic-and-non-toxic-plants/caraway
carya aquatica,Carya aquatica,Bitter Pecan,false,false,false,,,Water Hickory,https://www.aspca.org/pet-care/aspca-poison-control/toxic-and-non-toxic-plants/bitter-pecan
carya cordiformis,Carya cordiformis,Bitternut,false,false,false,,,,https://www.aspca.org/pet-care/aspca-poison-control/toxic-and-non-toxic-plants/bitternut
carya glabra,Carya glabra,Pignut Hickory,false,false,false,,Non-toxic,,https://www.aspca.org/pet-care/aspca-poison-control/toxic-and-non-toxic-plants/pignut-hickory
carya laciniosa,Carya laciniosa,Big Shagbark Hickory,false,false,false,,,"Big Shellbark Hickory, Shellbark Hickory, Shagbark Hickory",https://www.aspca.org/pet-care/aspca-poison-control/toxic-and-non-toxic-plants/big-shagbark-hickory
carya tomentosa,Carya tomentosa,Mockernut Hickory,false,false,false,,Non-toxic,Squarenut,https://www.aspca.org/pet-care/aspca-poison-control/toxic-and-non-toxic-plants/mockernut-hickory
castanea dentata,Castanea dentata,Chestnut,false,false,false,,,American Chestnut,https://www.aspca.org/pet-care/aspca-poison-control/toxic-and-non-toxic-plants/chestnut
cattleya forbesii,Cattleya forbesii,Cocktail Orchid,false,false,false,,,,https://www.aspca.org/pet-care/aspca-poison-control/toxic-and-non-toxic-plants/cocktail-orchid
cattleya labiata,Cattleya labiata,Cattleya Labiata,false,false,false,,,"Crimson Cattleya, Ruby-lipped Cattleya",https://www.aspca.org/pet-care/aspca-poison-control/toxic-and-non-toxic-plants/cattleya-labiata
cattleya mossiae,Cattleya mossiae,Easter Cattleya,false,false,false,,Non-toxic,Easter Orchid,https://www.aspca.org/pet-care/aspca-poison-control/toxic-and-non-toxic-plants/easter-cattleya
cattleya trianaei,Cattleya trianaei,Christmas Orchid,false,false,false,,,Winter Cattleya,https://www.aspca.org/pet-care/aspca-poison-control/toxic-and-non-toxic-plants/christmas-orchid
celastrus scandens,Celastrus scandens,American Bittersweet,true,true,true,"Vomiting (not horses), diarrhea, seizures (rare), weakness","Cardenolides, alkaloids","Bittersweet, Waxwork, Shrubby Bittersweet, False Bittersweet, Climbing Bittersweet",https://www.aspca.org/pet-care/aspca-poison-control/toxic-and-non-toxic-plants/american-bittersweet
celosia cristata,Celosia cristata,Fairy Fountain,false,false,false,,Non-toxic,"Feathered Amaranth, Woolflower",https://www.aspca.org/pet-care/aspca-poison-control/toxic-and-non-toxic-plants/fairy-fountain
celosia globosa,Celosia globosa,Celosia Globosa,false,false,false,,,"Globe Amarantha, Perpetua",https://www.aspca.org/pet-care/aspca-poison-control/toxic-and-non-toxic-plants/celosia-globosa
celosia plumosa,Celosia plumosa,Celosia Plumosa,false,false,false,,,Cockscomb,https://www.aspca.org/pet-care/aspca-poison-control/toxic-and-non-toxic-plants/celosia-plumosa
celosia spicata,Celosia spicata,Celosia Spicata,false,false,false,,,Flamingo Feather,https://www.aspca.org/pet-care/aspca-poison-control/toxic-and-non-toxic-plants/celosia-spicata
centaurea cyanus,Centaurea cyanus,Bachelors Buttons,false,false,false,,,"Cornflower, Bluebottle",https://www.aspca.org/pet-care/aspca-poison-control/toxic-and-non-toxic-plants/bachelors-buttons
centaurea repens,Centaurea repens,Russian Knapweed,false,false,true,"""Chewing disease"" - can chew but unable to swallow, dehydration, malnutrition, death",Unknown,,https://www.aspca.org/pet-care/aspca-poison-control/toxic-and-non-toxic-plants/russian-knapweed
centaurea solstitialis,Centaurea solstitialis,Barnaby's Thistle,false,false,true,"""Chewing disease"" - can chew but unable to swallow, dehydration, malnutrition, death",Unknown,Yellow Star Thistle,https://www.aspca.org/pet-care/aspca-poison-control/toxic-and-non-toxic-plants/barnabys-thistle
cephalocereus senilis,Cephalocereus senilis,Old Man Cactus,false,false,false,,Non-toxic,,https://www.aspca.org/pet-care/aspca-poison-control/toxic-and-non-toxic-plants/old-man-cactus
ceratonia siliqua,Ceratonia siliqua,Carob,false,false,false,,,"Sugar Pod, Locust Pods, Algaroba, Carob Tree Kharoub, Beans",https://www.aspca.org/pet-care/aspca-poison-control/toxic-and-non-toxic-plants/carob
ceratostigma larpentiae,Ceratostigma larpentiae,Plumbago Larpentiae,false,false,false,,Non-toxic,,https://www.aspca.org/pet-care/aspca-poison-control/toxic-and-non-toxic-plants/plumbago-larpentiae
ceratostigma willmottianum,Ceratostigma willmottianum,Chinese Plumbago,false,false,false,,,,https://www.aspca.org/pet-care/aspca-poison-control/toxic-and-non-toxic-plants/chinese-plumbago
chamaedorea elegans,Chamaedorea elegans,Bamboo Palm,false,false,false,,,"Miniature Fish Tail Dwarf Palm, Parlor Palm, Good Luck Palm",https://www.aspca.org/pet-care/aspca-poison-control/toxic-and-non-toxic-plants/bamboo-palm
chenopodium ambrosioides,Chenopodium ambrosioides,Epazote,true,true,true,"Vomiting, diarrhea (with ingestion of concentrated oils)","Essential oils: ascaridole, limonene, p-cymene","Wormseed, Jusuit's Tea, Mexican Tea, Paico",https://www.aspca.org/pet-care/aspca-poison-control/toxic-and-non-toxic-plants/epazote
chenopodium botrys,Chenopodium botrys,Ambrosia Mexicana,true,true,true,"Vomiting, anorexia, depression",Sesquiterpene lactones,"Jerusalem Oak, Feather Geranium",https://www.aspca.org/pet-care/aspca-poison-control/toxic-and-non-toxic-plants/ambrosia-mexicana
chlorophytum bichetti,Chlorophytum bichetti,Chlorophytum bichetti,false,false,false,,,Saint Bernard's Lily,https://www.aspca.org/pet-care/aspca-poison-control/toxic-and-non-toxic-plants/chlorophytum-bichetti
chlorophytum comosum,Chlorophytum comosum,Anthericum Comosum,false,false,false,,,"Ribbon Plant, Spider Plant, Spider Ivy",https://www.aspca.org/pet-care/aspca-poison-control/toxic-and-non-toxic-plants/anthericum-comosum
chrysanthemum,Chrysanthemum spp.,Chrysanthemum,true,true,true,"Vomiting, diarrhea, hypersalivation, incoordination, dermatitis","Sesquiterpene, lactones, pyrethrins and other potential irritants","Daisy, Mum; many varieties",https://www.aspca.org/pet-care/aspca-poison-control/toxic-and-non-toxic-plants/chrysanthemum
chrysanthemum species,Chrysanthemum species,Daisy,true,true,,"Vomiting, diarrhea, hypersalivation, incoordination, dermatitis","Sesquiterpene, lactones, pyrethrins and other potential irritants","Chrysanthemum, Mum",https://www.aspca.org/pet-care/aspca-poison-control/toxic-and-non-toxic-plants/daisy
cicuta maculata,Cicuta maculata,Poison Parsnip,true,true,true,"Diarrhea, seizures, tremors, extreme stomach pain, dilated pupils, fever, bloat, respiratory depression, and death.",Cicutoxin,"water hemlock, cowbane",https://www.aspca.org/pet-care/aspca-poison-control/toxic-and-non-toxic-plants/poison-parsnip
cicuta species,Cicuta species,Cowbane,true,true,true,"Diarrhea, seizures, tremors, extreme stomach pain, dilated pupils, fever, bloat, respiratory depression, and death",Cicutoxin,"Water Hemlock, Poison Parsnip",https://www.aspca.org/pet-care/aspca-poison-control/toxic-and-non-toxic-plants/cowbane
cinnamomum zeylanicum,Cinnamomum zeylanicum,Cinnamon,false,false,false,,,,https://www.aspca.org/pet-care/aspca-poison-control/toxic-and-non-toxic-plants/cinnamon
cissus dicolor,Cissus dicolor,"Begonia, Climbing",false,false,false,,,Rex Begonia,https://www.aspca.org/pet-care/aspca-poison-control/toxic-and-non-toxic-plants/begonia-climbing
cissus rhombifolia,Cissus rhombifolia,Grape Ivy,false,false,false,,Non-toxic,Venezuela treebine,https://www.aspca.org/pet-care/aspca-poison-control/toxic-and-non-toxic-plants/grape-ivy
citrus,Citrus Aurantium,Bergamot Orange,true,true,true,"Vomiting, diarrhea, depression; potential photosensitivity (dermatitis)",Essential oils and psoralens,"Bergamot, Citrus bergamia",https://www.aspca.org/pet-care/aspca-poison-control/toxic-and-non-toxic-plants/bergamot-orange
citrus aurantifolia,Citrus aurantifolia,Lime,true,true,true,"Vomiting, diarrhea, depression; potential dermatitis. Fruit is edible, skins and plant material can cause problems.",Essential oils and psoralens,,https://www.aspca.org/pet-care/aspca-poison-control/toxic-and-non-toxic-plants/lime
citrus limonia,Citrus limonia,Lemon,true,true,true,"Vomiting, diarrhea, depression; potential dermatitis. Fruit is edible, skins and plant material can cause problems.",Essential oils and psoralens,,https://www.aspca.org/pet-care/aspca-poison-control/toxic-and-non-toxic-plants/lemon
citrus mitis,Citrus mitis,Calamondin Orange,true,true,true,"Vomiting, diarrhea, depression; potential photosensitivity (dermatitis)",Essential oils and psoralens,,https://www.aspca.org/pet-care/aspca-poison-control/toxic-and-non-toxic-plants/calamondin-orange
citrus paradisii,Citrus paradisii,Grapefruit,true,true,true,"Vomiting, diarrhea, depression; potential dermatitis. Fruit is edible, skins and plant material can cause problems.",Essential oils and psoralens,,https://www.aspca.org/pet-care/aspca-poison-control/toxic-and-non-toxic-plants/grapefruit
citrus sinensis,Citrus sinensis,Orange,true,true,true,"Vomiting, diarrhea, depression; potential dermatitis. Fruit is edible, skins and plant material can cause problems.",Essential oils and psoralens,,https://www.aspca.org/pet-care/aspca-poison-control/toxic-and-non-toxic-plants/orange
clematis,Clematis spp.,Clematis,true,true,true,"Salivation, vomiting, diarrhea.",Irritant glycoside (Protoanemonin),"Virgin’s Bower, Leatherflower",https://www.aspca.org/pet-care/aspca-poison-control/toxic-and-non-toxic-plants/clematis
cleome hasserlana,Cleome hasserlana,Spider Flower,false,false,false,No records of toxic ingestion from this plant.,Non-toxic,,https://www.aspca.org/pet-care/aspca-poison-control/toxic-and-non-toxic-plants/spider-flower
clintonia borealis,Clintonia borealis,Blue Bead,false,false,false,,,Corn Lily,https://www.aspca.org/pet-care/aspca-poison-control/toxic-and-non-toxic-plants/blue-bead
clintonia umbelluata,Clintonia umbelluata,Speckled Wood Lily,false,false,false,,Non-toxic,,https://www.aspca.org/pet-care/aspca-poison-control/toxic-and-non-toxic-plants/speckled-wood-lily
clintonia uniflora,Clintonia uniflora,Bride's Bonnet,false,false,false,,,Queencup,https://www.aspca.org/pet-care/aspca-poison-control/toxic-and-non-toxic-plants/brides-bonnet
clivia,Clivia spp.,Clivia Lily,true,true,,"Vomiting, salvation, diarrhea; large ingestions cause convulsions, low blood pressure, tremors and cardiac arrhythmias. Bulbs are the most poisonous part.",Lycorine and other alkaloids,"Kaffir Lily, Clivies, Caffre Lily, Cape Clivia, Klivia",https://www.aspca.org/pet-care/aspca-poison-control/toxic-and-non-toxic-plants/clivia-lily
clivia minata,Clivia minata,Kaffir Lily,true,true,true,"Vomiting, salvation, diarrhea; large ingestions cause convulsions, low blood pressure, tremors and cardiac arrhythmias. Bulbs are the most poisonous part.",Lycorine and other alkaloids,Clivia Lily,https://www.aspca.org/pet-care/aspca-poison-control/toxic-and-non-toxic-plants/kaffir-lily
clusia major,Clusia major,Clusia Rosea,true,true,true,"Digestive upset, vomiting",Terpenes,Clusia,https://www.aspca.org/pet-care/aspca-poison-control/toxic-and-non-toxic-plants/clusia-rosea
colchicum autumnale,Colchicum autumnale,Autumn Crocus,true,true,true,"Bloody vomiting, diarrhea, shock, multi-organ damage, bone marrow suppression",Colchicine and other alkaloids,Meadow Saffron,https://www.aspca.org/pet-care/aspca-poison-control/toxic-and-non-toxic-plants/autumn-crocus
coleus ampoinicus,Coleus ampoinicus,Bread and Butter Plant,true,true,true,"Vomiting, diarrhea, depression, anorexia, occasionally bloody diarrhea or vomiting",Essential Oils,"Indian Borage, Spanish Thyme, Coleus, Maratha, Militini, East Indian Thyme",https://www.aspca.org/pet-care/aspca-poison-control/toxic-and-non-toxic-plants/bread-and-butter-plant
colocasia esculenta,Colocasia esculenta,Elephant Ears (Colocasia esculenta),true,true,true,"Oral irritation, pain and swelling of mouth, tongue and lips, excessive drooling, vomiting (not horses), difficulty swallowing",Insoluble calcium oxalates,"Caladium, Malanga",https://www.aspca.org/pet-care/aspca-poison-control/toxic-and-non-toxic-plants/elephant-ears-colocasia-esculenta
,,Medicine Plant,true,true,,"Vomiting, change in urine color (red)","Anthraquinones, anthracene glycosides (aloin)","Aloe, True Aloe, Barbados Aloe",https://www.aspca.org/pet-care/aspca-poison-control/toxic-and-non-toxic-plants/medicine-plant
conium maculatum,Conium maculatum,Poison Hemlock,true,true,true,"Agitation, tremors, drooling, diarrhea, paralysis, death",Various alkaloids,"Poison Parsley, Spotted Hemlock, Winter Fern, California Fern, Nebraska Fern, Deadly Hemlock",https://www.aspca.org/pet-care/aspca-poison-control/toxic-and-non-toxic-plants/poison-hemlock
convallaria majalis,Convallaria majalis,Lily of the Valley,true,true,true,"Vomiting, irregular heart beat, low blood pressure, disorientation, coma, seizures","Cardenolides (convallarin, and others)",,https://www.aspca.org/pet-care/aspca-poison-control/toxic-and-non-toxic-plants/lily-valley
cordyline australis,Cordyline australis,Giant Dracaena,true,true,true,"Vomiting (occasionally with blood), depression, anorexia, hypersalivation, dilated pupils (cats)",Saponins,"Palm Lily, Grass Palm",https://www.aspca.org/pet-care/aspca-poison-control/toxic-and-non-toxic-plants/giant-dracaena
cordyline rubra,Cordyline rubra,Red Palm Lily,false,false,false,,Non-toxic,Red Fruited Palm Lily,https://www.aspca.org/pet-care/aspca-poison-control/toxic-and-non-toxic-plants/red-palm-lily
cordyline terminalis,Cordyline terminalis,Baby Doll Ti Plant,true,true,true,"Vomiting (occasionally with blood), depression, anorexia, hypersalivation, dilated pupils (cats)",Saponins,"Ti-Plant, Good-Luck Plant, Hawaiian Ti Plant",https://www.aspca.org/pet-care/aspca-poison-control/toxic-and-non-toxic-plants/baby-doll-ti-plant
coreopsis,Coreopsis spp.,Coreopsis,false,false,false,,,Tickseed,https://www.aspca.org/pet-care/aspca-poison-control/toxic-and-non-toxic-plants/coreopsis
coreopsis californica,Coreopsis californica,Tickseed,false,false,false,,,coreopsis,https://www.aspca.org/pet-care/aspca-poison-control/toxic-and-non-toxic-plants/tickseed
coriandrum sativum,Coriandrum sativum,Cilantro,false,false,false,,,"Coriander, Chinese Parsley, Dhania",https://www.aspca.org/pet-care/aspca-poison-control/toxic-and-non-toxic-plants/cilantro
cortaderia selloana,Cortaderia selloana,Pampas Grass,false,false,false,,Non-toxic,,https://www.aspca.org/pet-care/aspca-poison-control/toxic-and-non-toxic-plants/pampas-grass
crassula arborescens,Crassula arborescens,Chinese Jade,true,true,true,"Vomiting, drunkeness (cats), tremors (rare)",Unknown,"Silver Jade Plant, Silver Dollar",https://www.aspca.org/pet-care/aspca-poison-control/toxic-and-non-toxic-plants/chinese-jade
crassula argentea,Crassula argentea,Jade Plant,true,true,true,"Vomiting, depression, incoordination",Unknown,"Baby Jade, Dwarf rubber plant, Jade tree, Chinese rubber plant, Japanese rubber plant",https://www.aspca.org/pet-care/aspca-poison-control/toxic-and-non-toxic-plants/jade-plant
crataegus douglasii,Crataegus douglasii,Black Hawthorn,false,false,false,,,"Weisdornbluten, Blackthorn, Thorn Apple, Thorn Plum, Pirliteiro, Red Hawthorn, May Bush, Oxyacantha, Haw Apple, Black Haw, Aubepine",https://www.aspca.org/pet-care/aspca-poison-control/toxic-and-non-toxic-plants/black-hawthorn
crataegus laevigata,Crataegus laevigata,English Hawthorn,false,false,false,,Non-toxic,"Midland hawthorn, Smooth hawthorn",https://www.aspca.org/pet-care/aspca-poison-control/toxic-and-non-toxic-plants/english-hawthorn
crataegus species,Crataegus species,Haws,false,false,false,,Non-toxic,Pirliteiro,https://www.aspca.org/pet-care/aspca-poison-control/toxic-and-non-toxic-plants/haws
crossandra species,Crossandra species,Crossandra,false,false,false,,,,https://www.aspca.org/pet-care/aspca-poison-control/toxic-and-non-toxic-plants/crossandra
crotalaria albida,Crotalaria albida,Rattlebox,,,true,Horses: liver disease (must be ingested in large amount or over a long time period),Pyrrolizidine alkaloids,,https://www.aspca.org/pet-care/aspca-poison-control/toxic-and-non-toxic-plants/rattlebox
cryptanthus bivattus minor,Cryptanthus bivattus minor,Dwarf Rose-Stripe Star,false,false,false,,Non-toxic,,https://www.aspca.org/pet-care/aspca-poison-control/toxic-and-non-toxic-plants/dwarf-rose-stripe-star
cryptanthus lacerdae,Cryptanthus lacerdae,Silver Star,false,false,false,,,Cape Marigold,https://www.aspca.org/pet-care/aspca-poison-control/toxic-and-non-toxic-plants/silver-star
cryptanthus zonatus,Cryptanthus zonatus,Pheasant Plant,false,false,false,,,Zebra Plant,https://www.aspca.org/pet-care/aspca-poison-control/toxic-and-non-toxic-plants/pheasant-plant
cucumis anguria,Cucumis anguria,Bur Gourd,false,false,false,,,"Goareberry Gourd, Gooseberry Gourd, West Indian Gherkin",https://www.aspca.org/pet-care/aspca-poison-control/toxic-and-non-toxic-plants/bur-gourd
cucumis dipsaceus,Cucumis dipsaceus,Hedgehog Gourd,false,false,false,,Non-toxic,Teasel Gourd,https://www.aspca.org/pet-care/aspca-poison-control/toxic-and-non-toxic-plants/hedgehog-gourd
cucumis melo,Cucumis melo,Casaba Melon,false,false,false,,,"Honeydew Melon, True Cantaloupe, Muskmelon",https://www.aspca.org/pet-care/aspca-poison-control/toxic-and-non-toxic-plants/casaba-melon
cucumis sativus,Cucumis sativus,Cucumber,false,false,false,,,Garden Cucumber,https://www.aspca.org/pet-care/aspca-poison-control/toxic-and-non-toxic-plants/cucumber
cucurbia pepo zucchini,Cucurbia pepo cv zucchini,Zucchini Squash,false,false,false,,,,https://www.aspca.org/pet-care/aspca-poison-control/toxic-and-non-toxic-plants/zucchini-squash
cucurbita ficifolia,Cucurbita ficifolia,Fig Leaf Gourd,false,false,false,,Non-toxic,Malabar Gourd,https://www.aspca.org/pet-care/aspca-poison-control/toxic-and-non-toxic-plants/fig-leaf-gourd
cucurbita maxima banana,Cucurbita maxima var. banana,Banana Squash,false,false,false,,,,https://www.aspca.org/pet-care/aspca-poison-control/toxic-and-non-toxic-plants/banana-squash
cucurbita maxima buttercup,Cucurbita maxima cv buttercup,Buttercup Squash,false,false,false,,,,https://www.aspca.org/pet-care/aspca-poison-control/toxic-and-non-toxic-plants/buttercup-squash
cucurbita maxima butternut,Cucurbita maxima cv butternut,Butternut Squash,false,false,false,,,,https://www.aspca.org/pet-care/aspca-poison-control/toxic-and-non-toxic-plants/butternut-squash
cucurbita maxima hubbard,Cucurbita maxima var. hubbard,Hubbard Squash,false,false,false,,Non-toxic,,https://www.aspca.org/pet-care/aspca-poison-control/toxic-and-non-toxic-plants/hubbard-squash
cucurbita maxima turbaniformis,Cucurbita maxima cv turbaniformis,Turban Squash,false,false,false,,,,https://www.aspca.org/pet-care/aspca-poison-control/toxic-and-non-toxic-plants/turban-squash
cucurbita pepo,Cucurbita pepo,Acorn Squash,false,false,false,,,"Similar plants:pumpkin, zucchini",https://www.aspca.org/pet-care/aspca-poison-control/toxic-and-non-toxic-plants/acorn-squash
cucurbita species,Cucurbita species,Yellow-Flowered Gourd,false,false,false,,,,https://www.aspca.org/pet-care/aspca-poison-control/toxic-and-non-toxic-plants/yellow-flowered-gourd
cycas and,Cycas and Zamia species,Cycads,true,true,true,"Vomiting (may be bloody), dark stools, jaundice, increased thirst, bloody diarrhea, bruising, liver failure, death. 1-2 seeds can be fatal.","Cycasin, B-methylamino-l-alanine, unidentified neurotoxin (cattle)","Sago Palm, Fern Palm",https://www.aspca.org/pet-care/aspca-poison-control/toxic-and-non-toxic-plants/cycads
cycas revoluta zamia species,"Cycas revoluta, zamia species",Sago Palm,true,true,true,"Vomiting, melena, icterus, increased thirst, hemorrhagic gastroenteritis, bruising, coagulopathy, liver damage, liver failure, death.",Cycasin,"Coontie Palm, Cardboard Palm, cycads and zamias",https://www.aspca.org/pet-care/aspca-poison-control/toxic-and-non-toxic-plants/sago-palm
cyclamen,Cyclamen spp,Cyclamen,true,true,true,"Salivation, vomiting, diarrhea. Following large ingestions of tubers: heart rhythm abnormalities, seizures, death",Terpenoid saponins,Sowbread,https://www.aspca.org/pet-care/aspca-poison-control/toxic-and-non-toxic-plants/cyclamen
cymbalaria muralis,Cymbalaria muralis,Kenilworth Ivy,false,false,false,,Non-toxic,Coliseum Ivy,https://www.aspca.org/pet-care/aspca-poison-control/toxic-and-non-toxic-plants/kenilworth-ivy
cymbopogon citratus,Cymbopogon citratus,Lemon Grass,true,true,true,"Dogs, cats: Stomach upset; Horses: difficulty breathing, weakness, death (rare)","Essential oils, cyanogenic glycosides",Oil Grass,https://www.aspca.org/pet-care/aspca-poison-control/toxic-and-non-toxic-plants/lemon-grass
cymopterus watsonii,Cymopterus watsonii,Spring Parsley,true,true,true,"Photosensitization (sunburn, dermatitis)",Furanocoumarins,,https://www.aspca.org/pet-care/aspca-poison-control/toxic-and-non-toxic-plants/spring-parsley
cynoglossum amabile,Cynoglossum amabile,Hound's Tongue,,,true,Horses: liver disease (must be ingested in large amount or over a long time period),Pyrrolizidine alkaloids,,https://www.aspca.org/pet-care/aspca-poison-control/toxic-and-non-toxic-plants/hounds-tongue
cyrtomium falcatum,Cyrtomium falcatum,Aspidium falcatum,false,false,false,,Non-toxic,"Fern Holly, Japanese Holly, Fish Tail",https://www.aspca.org/pet-care/aspca-poison-control/toxic-and-non-toxic-plants/aspidium-falcatum
dahlia species,Dahlia species,Dahlia,true,true,true,"Mild gastrointestinal signs, mild dermatitis",Unknown,Many varieties,https://www.aspca.org/pet-care/aspca-poison-control/toxic-and-non-toxic-plants/dahlia
darlingtonia californica,Darlingtonia californica,California Pitcher Plant,false,false,false,,,"Cobra Orchid, Cobra Plant, Cobra Lily, Chrysamphora",https://www.aspca.org/pet-care/aspca-poison-control/toxic-and-non-toxic-plants/california-pitcher-plant
daucus carota sativa,Daucus carota var. sativa,Carrot Flower,false,false,false,"Contains psoralens that have been known to cause skin irritation; the taproot is edible, as it is the common garden carrot.",,Garden Carrot,https://www.aspca.org/pet-care/aspca-poison-control/toxic-and-non-toxic-plants/carrot-flower
davallia,Davallia spp.,Ball Fern,false,false,false,,,"Rabbit's Foot Fern, Squirrel Foot Fern, Deer Foot Fern, Hare Fern",https://www.aspca.org/pet-care/aspca-poison-control/toxic-and-non-toxic-plants/ball-fern
davallia fejeensis,Davallia fejeensis,Dainty Rabbits-Foot Fern,false,false,false,,Non-toxic,"Lacy Paw, Lacy Hare's Foot",https://www.aspca.org/pet-care/aspca-poison-control/toxic-and-non-toxic-plants/dainty-rabbits-foot-fern
delphinium species,Delphinium species,Larkspur,true,true,true,"Unless there is a lack of suitable forage, horses typically do not consume toxic amounts of larkspur. The toxicity of the plant may vary depending on seasonal changes and field conditions; as the plant matures, it generally becomes less toxic. The alkaloids in the plant cause neuromuscular paralysis; clinical effects include constipation, colic, increased salivation, muscle tremors, stiffness, weakness, recumbency, and convulsions. Cardiac failure may occur, as can death from respiratory paralysis.",Diterpene alkaloids,,https://www.aspca.org/pet-care/aspca-poison-control/toxic-and-non-toxic-plants/larkspur
dendrobium gracilicaule,Dendrobium gracilicaule,Leopard Orchid,false,false,false,,Non-toxic,Tiger Orchid,https://www.aspca.org/pet-care/aspca-poison-control/toxic-and-non-toxic-plants/leopard-orchid
deutzia gracilis,Deutzia gracilis,Slender Deutzia,false,false,false,,,,https://www.aspca.org/pet-care/aspca-poison-control/toxic-and-non-toxic-plants/slender-deutzia
dianthus,Dianthus spp.,Eastern Star,true,true,true,"Vomiting, dermatitis",GI and skin irritants,,https://www.aspca.org/pet-care/aspca-poison-control/toxic-and-non-toxic-plants/eastern-star
dianthus caryophyllus,Dianthus caryophyllus,Carnation,true,true,true,"Mild gastrointestinal signs, mild dermatitis",Unknown irritant,"Pinks, Wild Carnation, Sweet William",https://www.aspca.org/pet-care/aspca-poison-control/toxic-and-non-toxic-plants/carnation
dichelostemma pulchellum,Dichelostemma pulchellum,Blue-dicks,false,false,false,,,Wild Hyacinth,https://www.aspca.org/pet-care/aspca-poison-control/toxic-and-non-toxic-plants/blue-dicks
dichelostemma species,Dichelostemma species,Dichelostemma,false,false,false,,Non-toxic,Several varieties,https://www.aspca.org/pet-care/aspca-poison-control/toxic-and-non-toxic-plants/dichelostemma
dichorisandra reginae,Dichorisandra reginae,Dichorisandra Reginae,false,false,false,,Non-toxic,Queen's Spiderwort,https://www.aspca.org/pet-care/aspca-poison-control/toxic-and-non-toxic-plants/dichorisandra-reginae
dieffenbachia,Dieffenbachia,Dieffenbachia,true,true,,"Oral irritation, intense burning and irritation of mouth , tongue and lips, excessive drooling, vomiting, difficulty swallowing","Insoluble calcium oxalates, proteolytic enzyme","Charming Dieffenbachia, Giant Dumb Cane, Tropic Snow, Dumbcane, Exotica, Spotted Dumb Cane, Exotica Perfection",https://www.aspca.org/pet-care/aspca-poison-control/toxic-and-non-toxic-plants/dieffenbachia
dieffenbachia amoena,Dieffenbachia amoena,Charming Dieffenbachia,true,true,true,"Oral irritation, pain and swelling of mouth, tongue and lips, excessive drooling, vomiting (not horses), difficulty swallowing","Insoluble calcium oxalates, proteolytic enzyme",,https://www.aspca.org/pet-care/aspca-poison-control/toxic-and-non-toxic-plants/charming-dieffenbachia
dieffenbachia picta,Dieffenbachia picta,Gold Dieffenbachia,true,true,,"Oral irritation, pain and swelling of mouth, tongue and lips, excessive drooling, vomiting (not horses), difficulty swallowing",Insoluble calcium oxalates,,https://www.aspca.org/pet-care/aspca-poison-control/toxic-and-non-toxic-plants/gold-dieffenbachia
digitalis purpurea,Digitalis purpurea,Foxglove,true,true,true,"Cardiac arrhythmias, vomiting, diarrhea, weakness, cardiac failure, death.",Cardiac glycosides,,https://www.aspca.org/pet-care/aspca-poison-control/toxic-and-non-toxic-plants/foxglove
dimorphotheca pluvialis,Dimorphotheca pluvialis,Cape Marigold,false,false,false,,,African Daisy,https://www.aspca.org/pet-care/aspca-poison-control/toxic-and-non-toxic-plants/cape-marigold
dinteranthus vanzylii,Dinteranthus vanzylii,Dinteranthus,false,false,false,,Non-toxic,,https://www.aspca.org/pet-care/aspca-poison-control/toxic-and-non-toxic-plants/dinteranthus
dionaea muscipula,Dionaea muscipula,Venus Fly Trap,false,false,false,,,,https://www.aspca.org/pet-care/aspca-poison-control/toxic-and-non-toxic-plants/venus-fly-trap
dizygotheca elegantissima,Dizygotheca elegantissima,False Aralia,false,false,false,,Non-toxic,,https://www.aspca.org/pet-care/aspca-poison-control/toxic-and-non-toxic-plants/false-aralia
dracaena,Dracaena spp.,Dracaena,true,true,,"Vomiting (occasionally with blood), depression, anorexia, hypersalivation, dilated pupils (cats).",Saponins,"Corn Plant, Cornstalk Plant, Dragon Tree, Ribbon Plant",https://www.aspca.org/pet-care/aspca-poison-control/toxic-and-non-toxic-plants/dracaena
dracaena deremensis,Dracaena deremensis,Striped Dracaena,true,true,true,"In cats: dilated pupils, abdominal pain, increased heartrate and drooling. In both cats and dogs: vomiting, depression, inappetence, drooling, incoordination, and weakness.",Unknown,"warneckii, janet craig plant",https://www.aspca.org/pet-care/aspca-poison-control/toxic-and-non-toxic-plants/striped-dracaena
dracaena fragrans,Dracaena fragrans,Corn Plant,true,true,true,"Vomiting (occasionally with blood), depression, anorexia, hypersalivation, dilated pupils (cats).",Saponins,"Corn Plant, Cornstalk Plant, Dracaena, Dragon Tree, Ribbon Plant",https://www.aspca.org/pet-care/aspca-poison-control/toxic-and-non-toxic-plants/corn-plant
dracaena marginata,Dracaena marginata,Madagascar Dragon Tree,true,true,true,"Vomiting (occasionally with blood), depression, anorexia, hypersalivation, dilated pupils (cats).",Saponins,,https://www.aspca.org/pet-care/aspca-poison-control/toxic-and-non-toxic-plants/madagascar-dragon-tree
dracaena reflexa,Dracaena reflexa,Malaysian Dracaena,true,true,true,"Vomiting (occasionally with blood), depression, anorexia, hypersalivation, dilated pupils (cats).",Saponins,"Song of India, Pleomele",https://www.aspca.org/pet-care/aspca-poison-control/toxic-and-non-toxic-plants/malaysian-dracaena
dracaena surculosa,Dracaena surculosa,Florida Beauty,true,true,,"Vomiting (occasionally with blood), depression, anorexia, hypersalivation, dilated pupils (cats).",Saponins,"Gold Dust Dracaena, Spotted Dracaena",https://www.aspca.org/pet-care/aspca-poison-control/toxic-and-non-toxic-plants/florida-beauty
draceana,Draceana spp.,Lance Pleomele,false,false,false,,Non-toxic,,https://www.aspca.org/pet-care/aspca-poison-control/toxic-and-non-toxic-plants/lance-pleomele
dypsis lutescens,Dypsis lutescens,Areca Palm,false,false,false,,,"Golden Butterfly Palm, Cane Palm, Golden Feather Palm, Yellow Palm",https://www.aspca.org/pet-care/aspca-poison-control/toxic-and-non-toxic-plants/areca-palm
dypsis lutescens chrysalidocarpus lutescens,"Dypsis lutescens, chrysalidocarpus lutescens (alternate scientific name)",Cane Palm,false,false,,,,"Golden Butterfly Palm, Areca Palm, Golden Feather Palm, Yellow Palm",https://www.aspca.org/pet-care/aspca-poison-control/toxic-and-non-toxic-plants/cane-palm
echevaria,Echevaria,Mexican Rosettes,false,false,false,,Non-toxic,,https://www.aspca.org/pet-care/aspca-poison-control/toxic-and-non-toxic-plants/mexican-rosettes
echeveria,Echeveria Pulinata,Mexican Firecracker,false,false,false,,Non-toxic,,https://www.aspca.org/pet-care/aspca-poison-control/toxic-and-non-toxic-plants/mexican-firecracker
echeveria derenbergii,Echeveria derenbergii,Maroon Chenille Plant,false,false,,,,"Blue Echeveria, Painted Lady, Copper Rose, Wax Rosette, Plush Plant",https://www.aspca.org/pet-care/aspca-poison-control/toxic-and-non-toxic-plants/maroon-chenille-plant
echeveria elegans,Echeveria elegans,Chickens and Hens,false,false,false,,,"Hens and Chickens, Mother Hens and Chicks",https://www.aspca.org/pet-care/aspca-poison-control/toxic-and-non-toxic-plants/chickens-and-hens
echeveria gilva,Echeveria gilva,Wax Rosette,false,false,false,,,"Maroon Chenille Plant, Painted Lady, Copper Rose, Blue Echeveria, Plush Plant",https://www.aspca.org/pet-care/aspca-poison-control/toxic-and-non-toxic-plants/wax-rosette
echeveria glauca,Echeveria glauca,Blue Echeveria,false,false,false,,,"Maroon Chenille Plant, Painted Lady, Copper Rose, Wax Rosette, Plush Plant",https://www.aspca.org/pet-care/aspca-poison-control/toxic-and-non-toxic-plants/blue-echeveria
echeveria multicaulis,Echeveria multicaulis,Copper Rose,false,false,false,,,,https://www.aspca.org/pet-care/aspca-poison-control/toxic-and-non-toxic-plants/copper-rose
echeveria pul-oliver,Echeveria pul-oliver,Plush Plant,false,false,false,,Non-toxic,,https://www.aspca.org/pet-care/aspca-poison-control/toxic-and-non-toxic-plants/plush-plant
echinops,Echinops spp.,Globe Thistle,false,false,false,,Non-toxic,,https://www.aspca.org/pet-care/aspca-poison-control/toxic-and-non-toxic-plants/globe-thistle
echinopsis multiplex,Echinopsis multiplex,Easter Lily Cactus,false,false,false,,Non-toxic,,https://www.aspca.org/pet-care/aspca-poison-control/toxic-and-non-toxic-plants/easter-lily-cactus
echium plantagineum,Echium plantagineum,Patterson's Curse,,,true,Horses: liver disease (must be ingested in large amount or over a long time period),Pyrrolizidine alkaloids,Viper's Bugloss,https://www.aspca.org/pet-care/aspca-poison-control/toxic-and-non-toxic-plants/pattersons-curse
echium vulgare,Echium vulgare,Viper's Bugloss (Echium vulgare),,,true,Horses: liver disease (must be ingested in large amount or over a long time period),Pyrrolizidine alkaloids,,https://www.aspca.org/pet-care/aspca-poison-control/toxic-and-non-toxic-plants/vipers-bugloss-echium-vulgare
eichhornia crassipes,Eichhornia crassipes,Water Hyacinth,false,false,false,,Non-toxic,,https://www.aspca.org/pet-care/aspca-poison-control/toxic-and-non-toxic-plants/water-hyacinth
elaeagnus species,elaeagnus species,Russian Olive,false,false,false,,,"Autumn Olive, Silverberry",https://www.aspca.org/pet-care/aspca-poison-control/toxic-and-non-toxic-plants/russian-olive
eleagnus,Eleagnus spp.,Autumn Olive,false,false,false,,,"Silver Berry, Russian Olive",https://www.aspca.org/pet-care/aspca-poison-control/toxic-and-non-toxic-plants/autumn-olive
encyclia tampensis,Encyclia tampensis,Florida Butterfly Orchid (Encyclia tampensis),false,false,false,,Non-toxic,Butterfly orchid,https://www.aspca.org/pet-care/aspca-poison-control/toxic-and-non-toxic-plants/florida-butterfly-orchid-encyclia-tampensis
epidendrum atropurpeum,Epidendrum atropurpeum,Spice Orchid (Epidendrum atropurpeum),false,false,,,Non-toxic,,https://www.aspca.org/pet-care/aspca-poison-control/toxic-and-non-toxic-plants/spice-orchid-epidendrum-atropurpeum
epidendrum ibaguense,Epidendrum ibaguense,Fiery Reed Orchid,false,false,false,,Non-toxic,,https://www.aspca.org/pet-care/aspca-poison-control/toxic-and-non-toxic-plants/fiery-reed-orchid
epidendrum prismatocarpum,Epidendrum prismatocarpum,Rainbow Orchid,false,false,false,,Non-toxic,,https://www.aspca.org/pet-care/aspca-poison-control/toxic-and-non-toxic-plants/rainbow-orchid
epidendrum tampense,Epidendrum tampense,Florida Butterfly Orchid (Epidendrum tampense),false,false,false,,Non-toxic,Scarlet Orchid,https://www.aspca.org/pet-care/aspca-poison-control/toxic-and-non-toxic-plants/florida-butterfly-orchid-epidendrum-tampense
epilobium angustifolium,Epilobium angustifolium,Blooming Sally,false,false,false,,,"Willow Herb, Great Willow Herb, Fire Weed",https://www.aspca.org/pet-care/aspca-poison-control/toxic-and-non-toxic-plants/blooming-sally
epipremnum aureum,Epipremnum aureum,Devils Ivy,true,true,true,"Oral irritation, pain and swelling of mouth, tongue and lips, excessive drooling, vomiting (not horses), difficulty swallowing",Insoluble calcium oxalates,"Pothos, Golden Pothos, Taro Vine, Ivy Arum",https://www.aspca.org/pet-care/aspca-poison-control/toxic-and-non-toxic-plants/devils-ivy
episcia,Episcia cultivar,Pink Brocade,false,false,false,,Non-toxic,,https://www.aspca.org/pet-care/aspca-poison-control/toxic-and-non-toxic-plants/pink-brocade
episcia dianthiflora,Episcia dianthiflora,Chocolate Soldier,false,false,false,,,"Lace-Flower Vine, Episcia",https://www.aspca.org/pet-care/aspca-poison-control/toxic-and-non-toxic-plants/chocolate-soldier
episcia reptans,Episcia reptans,Cyrtudeira,false,false,false,,,"Flame African Violet, Frosty, Flame, Moss agate, Lady Lou, Red African Violet, Acajou",https://www.aspca.org/pet-care/aspca-poison-control/toxic-and-non-toxic-plants/cyrtudeira
equisetum arvense,Equisetum arvense,Field Horsetail,,,true,"Thiamine deficiency: weakness, weight loss, staggers, tremors, death",Thiaminase,"Scouring rush, Common horsetail, Western horsetail",https://www.aspca.org/pet-care/aspca-poison-control/toxic-and-non-toxic-plants/field-horsetail
erigeron speciosus,Erigeron speciosus,Fleabane,true,true,true,"Mild gastrointestinal signs, mild dermatitis",Irritant,"Showy Daisy, Horseweed, Seaside Daisy",https://www.aspca.org/pet-care/aspca-poison-control/toxic-and-non-toxic-plants/fleabane
eriogonium inflatum,Eriogonium inflatum,Desert Trumpet,false,false,false,,Non-toxic,,https://www.aspca.org/pet-care/aspca-poison-control/toxic-and-non-toxic-plants/desert-trumpet
eriogonium umbellatum,Eriogonium umbellatum,Sulfur Flower,false,false,false,,Non-toxic,"Umbrella Plant, Wild Buckweat",https://www.aspca.org/pet-care/aspca-poison-control/toxic-and-non-toxic-plants/sulfur-flower
erysimum cheiranthoides,Erysimum cheiranthoides,Wormseed Mustard,,,true,"Gastrointestinal irritation, colic",Isothiocyanates,,https://www.aspca.org/pet-care/aspca-poison-control/toxic-and-non-toxic-plants/wormseed-mustard
eucalyptus species,Eucalyptus species,Eucalyptus,true,true,true,"Salivation, vomiting, diarrhea, depression, weakness",Essential oils: eucalyptol,Many cultivars,https://www.aspca.org/pet-care/aspca-poison-control/toxic-and-non-toxic-plants/eucalyptus
euonymus atropurpurea,Euonymus atropurpurea,Burning Bush,true,true,true,"Vomiting, diarrhea, abdominal pain, weakness. Heart rhythm abnormalities with large doses.","Alkaloids, Cardenolides","Wahoo, Spindle Tree",https://www.aspca.org/pet-care/aspca-poison-control/toxic-and-non-toxic-plants/burning-bush
euonymus occidentalis,Euonymus occidentalis,Wahoo,true,true,true,"Vomiting, diarrhea, abdominal pain, weakness. Heart rhythm abnormalities with large doses.","Alkaloids, Cardenolides","Burning Bush, Spindle Tree",https://www.aspca.org/pet-care/aspca-poison-control/toxic-and-non-toxic-plants/wahoo
euphorbia pulcherrima,Euphorbia pulcherrima,Poinsettia,true,true,true,"Irritating to the mouth and stomach, sometimes causing vomiting, but generally over-rated in toxicity.",Irritant sap,,https://www.aspca.org/pet-care/aspca-poison-control/toxic-and-non-toxic-plants/poinsettia
euphorbia tirucalli,Euphorbia tirucalli,Pencil Cactus,true,true,true,"Irritating to the mouth and stomach, sometimes causing vomiting, but generally over-rated in toxicity.",Irritant Sap (latex),Sticks of Fire,https://www.aspca.org/pet-care/aspca-poison-control/toxic-and-non-toxic-plants/pencil-cactus
exacum affine,Exacum affine,Arabian Gentian,false,false,false,,,"Persian Violet, German Violet",https://www.aspca.org/pet-care/aspca-poison-control/toxic-and-non-toxic-plants/arabian-gentian
fagopyrum,Fagopyrum spp.,Buckwheat,true,true,true,"Photosensitization (sunburn, dermatitis)",Fagopyrin,,https://www.aspca.org/pet-care/aspca-poison-control/toxic-and-non-toxic-plants/buckwheat
fatsia japonica,Fatsia japonica,Figleaf Palm,false,false,false,,Non-toxic,"Formosa rice tree, Glossy-leaved paper plant, Big-leaf paper plant",https://www.aspca.org/pet-care/aspca-poison-control/toxic-and-non-toxic-plants/figleaf-palm
felicia amelloides,Felicia amelloides,Blue Daisy,false,false,false,,,"Felicia, Blue Marguerite",https://www.aspca.org/pet-care/aspca-poison-control/toxic-and-non-toxic-plants/blue-daisy
ficus,Ficus sp.,Weeping Fig,true,true,true,,"Proteolytic enzyme (ficin), psoralen (ficusin)","fig, indian rubber plant",https://www.aspca.org/pet-care/aspca-poison-control/toxic-and-non-toxic-plants/weeping-fig
ficus benjamina,Ficus benjamina,Fig,true,true,true,Gastrointestinal and dermal irritation,"Proteolytic enzyme (ficin), psoralen (ficusin)","Weeping Fig, Indian Rubber Plant",https://www.aspca.org/pet-care/aspca-poison-control/toxic-and-non-toxic-plants/fig
fittonia verschaffeltii,Fittonia verschaffeltii,Nerve Plant,false,false,false,,Non-toxic,"Jewel Plant, Silver Nerve, Mosaic Plant, Silver Threads",https://www.aspca.org/pet-care/aspca-poison-control/toxic-and-non-toxic-plants/nerve-plant
foeniculum vulgare,Foeniculum vulgare,Fennel,false,false,false,,Non-toxic,"Florence Fennel, Finocchio",https://www.aspca.org/pet-care/aspca-poison-control/toxic-and-non-toxic-plants/fennel
fragaria,Fragaria spp.,Strawberry,false,false,false,,,wild strawberry,https://www.aspca.org/pet-care/aspca-poison-control/toxic-and-non-toxic-plants/strawberry
frithia pulchra,Frithia pulchra,Purple Baby Tears,false,false,false,,Non-toxic,fairy elephant's feet,https://www.aspca.org/pet-care/aspca-poison-control/toxic-and-non-toxic-plants/purple-baby-tears
fuchsia triphylla,Fuchsia triphylla,Honeysuckle Fuchsia,false,false,false,,Non-toxic,,https://www.aspca.org/pet-care/aspca-poison-control/toxic-and-non-toxic-plants/honeysuckle-fuchsia
fuschsia,Fuschsia spp.,Ladies Ear Drops,false,false,false,,Non-toxic,,https://www.aspca.org/pet-care/aspca-poison-control/toxic-and-non-toxic-plants/ladies-ear-drops
galtonia,Galtonia spp.,Summer Hyacinth,false,false,false,,Non-toxic,,https://www.aspca.org/pet-care/aspca-poison-control/toxic-and-non-toxic-plants/summer-hyacinth
gardenia jasminoides,Gardenia jasminoides,Cape Jasmine,true,true,true,"Mild vomiting and/or diarrhea, hives.","Genioposide, Gardenoside",Gardenia,https://www.aspca.org/pet-care/aspca-poison-control/toxic-and-non-toxic-plants/cape-jasmine
gerbera jamesonii,Gerbera jamesonii,African Daisy,false,false,false,,,"Barberton Daisy, Veldt Daisy, Transvaal Daisy, Gerber Daisy",https://www.aspca.org/pet-care/aspca-poison-control/toxic-and-non-toxic-plants/african-daisy
giant,Giant Dracaena,Hawaiian Ti,true,true,,"Vomiting (occasionally with blood), depression, anorexia, hypersalivation, dilated pupils (cats)",Saponins,"Snake Plant, Giant Dracaena",https://www.aspca.org/pet-care/aspca-poison-control/toxic-and-non-toxic-plants/hawaiian-ti
gladiolus species,Gladiolus species,Gladiola,true,true,true,"Salivation, vomiting, drooling,lethargy, diarrhea. Highest concentration in corms (bulbs).",Unknown,Many cultivars,https://www.aspca.org/pet-care/aspca-poison-control/toxic-and-non-toxic-plants/gladiola
gleditsia triacanthos,Gleditsia triacanthos,Honey Locust,false,false,false,,Non-toxic,,https://www.aspca.org/pet-care/aspca-poison-control/toxic-and-non-toxic-plants/honey-locust
gloriosa superba,Gloriosa superba,Climbing Lily,true,true,true,"Bloody vomiting, diarrhea, shock, multi-organ damage, bone marrow suppression",Colchicine related alkaloids,"Gloriosa Lily, Glory Lily, Superb Lily",https://www.aspca.org/pet-care/aspca-poison-control/toxic-and-non-toxic-plants/climbing-lily
gloxinia perennis,Gloxinia perennis,Canterbury-bell,false,false,false,,,,https://www.aspca.org/pet-care/aspca-poison-control/toxic-and-non-toxic-plants/canterbury-bell
guzmania lingulata minor,Guzmania lingulata minor,Orange Star,false,false,false,Non-toxic,,,https://www.aspca.org/pet-care/aspca-poison-control/toxic-and-non-toxic-plants/orange-star
guzmania musaica,Guzmania musaica,Mosaic Vase,false,false,false,,Non-toxic,,https://www.aspca.org/pet-care/aspca-poison-control/toxic-and-non-toxic-plants/mosaic-vase
gynura aurantica,Gynura aurantica,Purple Passion Vine,false,false,false,Non-toxic,,"Velvet Plant, Royal Velvet Plant, Purple Velvet Plant",https://www.aspca.org/pet-care/aspca-poison-control/toxic-and-non-toxic-plants/purple-passion-vine
gypsophila elegans,Gypsophila elegans,Baby’s Breath,false,false,false,"Mild GI upset such as vomiting, and diarrhea may be seen if ingested.",Non-toxic,Maidens Breath,https://www.aspca.org/pet-care/aspca-poison-control/toxic-and-non-toxic-plants/babys-breath
haemaria discolor,Haemaria discolor,Golden Lace Orchid,false,false,false,,Non-toxic,Jewel Orchid,https://www.aspca.org/pet-care/aspca-poison-control/toxic-and-non-toxic-plants/golden-lace-orchid
halesia carolina,Halesia carolina,Silver Bell,false,false,false,,,"opossum wood, snowbell tree, shittimwood",https://www.aspca.org/pet-care/aspca-poison-control/toxic-and-non-toxic-plants/silver-bell
haplopappus heterophyllus,Haplopappus heterophyllus,Jimmy Weed,,,true,"Tremors, cardiac damage",Trematol,Burrow Weed,https://www.aspca.org/pet-care/aspca-poison-control/toxic-and-non-toxic-plants/jimmy-weed
haworthia fasciata,Haworthia fasciata,Zebra Haworthia,false,false,false,,,,https://www.aspca.org/pet-care/aspca-poison-control/toxic-and-non-toxic-plants/zebra-haworthia
haworthia margaritifera,Haworthia margaritifera,Pearl Plant,false,false,false,,Non-toxic,,https://www.aspca.org/pet-care/aspca-poison-control/toxic-and-non-toxic-plants/pearl-plant
haworthia species,Haworthia species,Haworthia,false,false,,,Non-toxic,Many cultivars,https://www.aspca.org/pet-care/aspca-poison-control/toxic-and-non-toxic-plants/haworthia
haworthia subfasciata,Haworthia subfasciata,Little Zebra Plant,false,false,false,,Non-toxic,,https://www.aspca.org/pet-care/aspca-poison-control/toxic-and-non-toxic-plants/little-zebra-plant
hedera helix,Hedera helix,Branching Ivy,true,true,true,"Vomiting, abdominal pain, hypersalivation, diarrhea. Foliage is more toxic than berries",Triterpenoid saponins (hederagenin),"English Ivy, Glacier Ivy, Needlepoint Ivy, Sweetheart Ivy, California Ivy",https://www.aspca.org/pet-care/aspca-poison-control/toxic-and-non-toxic-plants/branching-ivy
hedychium coronarium,Hedychium coronarium,Butterfly Ginger,false,false,false,,,"White Ginger, Cinnamon Jasmine, Garland Flower, Ginger Lily",https://www.aspca.org/pet-care/aspca-poison-control/toxic-and-non-toxic-plants/butterfly-ginger
hedychium gardnerianum,Hedychium gardnerianum,Kahali Ginger,false,false,false,,Non-toxic,,https://www.aspca.org/pet-care/aspca-poison-control/toxic-and-non-toxic-plants/kahali-ginger
helianthus angustifolius,helianthus angustifolius,Sunflower,false,false,false,,,swamp sunflower,https://www.aspca.org/pet-care/aspca-poison-control/toxic-and-non-toxic-plants/sunflower
heliotropium,Heliotropium spp.,Heliotrope,,,true,Horses: liver disease (must be ingested in large amount or over a long time period),Pyrrolizidine alkaloids,,https://www.aspca.org/pet-care/aspca-poison-control/toxic-and-non-toxic-plants/heliotrope
helleborus niger,Helleborus niger,Christmas Rose,true,true,true,"Drooling, abdominal pain, diarrhea, colic, depression","Cardiac glycosides, saponins, protoanemonin","Hellebore, Lenten Rose, Easter Rose",https://www.aspca.org/pet-care/aspca-poison-control/toxic-and-non-toxic-plants/christmas-rose
hemerocallis,Hemerocallis spp.,Day Lilies (many varieties),false,true,,"Cats: Vomiting, inappetence, lethargy, kidney failure, death.",Unknown,,https://www.aspca.org/pet-care/aspca-poison-control/toxic-and-non-toxic-plants/day-lilies-many-varieties
hemerocallis graminea,Hemerocallis graminea,Orange Day Lily,false,true,false,"Vomiting, inappetence, lethargy, kidney failure, and death is possible. Cats are only species known to be affected.",Unknown,,https://www.aspca.org/pet-care/aspca-poison-control/toxic-and-non-toxic-plants/orange-day-lily
hemigraphis exotica,Hemigraphis exotica,Purple Waffle Plant,false,false,false,,Non-toxic,waffle plant,https://www.aspca.org/pet-care/aspca-poison-control/toxic-and-non-toxic-plants/purple-waffle-plant
heracleum maximum,Heracleum maximum,Cow parsnip,true,true,true,"Photosensitization (sunburn, dermatitis)",Furanocoumarins,Giant Hogweed,https://www.aspca.org/pet-care/aspca-poison-control/toxic-and-non-toxic-plants/cow-parsnip
heuchera sanguinea,Heuchera sanguinea,Alumroot,false,false,false,,,"Coral Bells, Heuchera",https://www.aspca.org/pet-care/aspca-poison-control/toxic-and-non-toxic-plants/alumroot
hibiscus syriacus,Hibiscus syriacus,Hibiscus,false,false,false,,Non-toxic,"Rose of Sharon, Rose of China",https://www.aspca.org/pet-care/aspca-poison-control/toxic-and-non-toxic-plants/hibiscus
hippeastrum,Hippeastrum spp.,Barbados Lily,true,true,true,"Vomiting, salvation, diarrhea; large ingestions cause convulsions, low blood pressure, tremors and cardiac arrhythmias. Bulbs are the most poisonous part.",Lycorine and other alkaloids,"Amaryllis, Fire Lily, Lily of the Palace, Ridderstjerne",https://www.aspca.org/pet-care/aspca-poison-control/toxic-and-non-toxic-plants/barbados-lily
hookera pulchella,Hookera pulchella,Blue-dicks 2,false,false,false,,,Wild Hyacinth,https://www.aspca.org/pet-care/aspca-poison-control/toxic-and-non-toxic-plants/blue-dicks-2
hosta plantaginea,Hosta plantaginea,Plantain Lily,true,true,true,"Vomiting, diarrhea, depression.",Saponins,Hosta,https://www.aspca.org/pet-care/aspca-poison-control/toxic-and-non-toxic-plants/plantain-lily
hosta plataginea,Hosta plataginea,Hosta,true,true,true,"Vomiting, diarrhea, depression.",Saponins,"Plantain Lily, Funkia",https://www.aspca.org/pet-care/aspca-poison-control/toxic-and-non-toxic-plants/hosta
howea belmoreana,Howea belmoreana,Belmore Sentry Palm,false,false,false,,,Curly Palm,https://www.aspca.org/pet-care/aspca-poison-control/toxic-and-non-toxic-plants/belmore-sentry-palm
howea forsteriana,Howea forsteriana,Forster Sentry Palm,false,false,false,,Non-toxic,Kentia palm,https://www.aspca.org/pet-care/aspca-poison-control/toxic-and-non-toxic-plants/forster-sentry-palm
hoya carnosa,Hoya carnosa,Honey Plant,false,false,false,,Non-toxic,Wax Plant,https://www.aspca.org/pet-care/aspca-poison-control/toxic-and-non-toxic-plants/honey-plant
hoya carnosa 'krinkle kurl',Hoya carnosa 'krinkle kurl',Hindu Rope Plant,false,false,,,Non-toxic,,https://www.aspca.org/pet-care/aspca-poison-control/toxic-and-non-toxic-plants/hindu-rope-plant
hoya kerrii,Hoya kerrii,Sweetheart Hoya,false,false,false,,Non-toxic,"wax hearts, valentine hoya",https://www.aspca.org/pet-care/aspca-poison-control/toxic-and-non-toxic-plants/sweetheart-hoya
hoya publcalyx,Hoya publcalyx,Silver Pink Vine,false,false,false,,,,https://www.aspca.org/pet-care/aspca-poison-control/toxic-and-non-toxic-plants/silver-pink-vine
humulus lupulus,Humulus lupulus,Hops,true,,,"Dogs: panting, high body temperature, seizures, death.",Unknown,,https://www.aspca.org/pet-care/aspca-poison-control/toxic-and-non-toxic-plants/hops
hyacinthus orientalis,Hyacinthus orientalis,Garden Hyacinth,true,true,true,"Vomiting, diarrhea, dermatitis and allergic reactions. Bulbs contain highest amount of toxin.",Narcissus like alkaloids,Hyacinth,https://www.aspca.org/pet-care/aspca-poison-control/toxic-and-non-toxic-plants/garden-hyacinth
hydrangea arborescens,Hydrangea arborescens,Hills of Snow,true,true,true,"Vomiting, depression, diarrhea. Cyanide intoxication is rare - usually produces more of a gastrointestinal disturbance.",Cyanogenic glycoside,"Hydrangea, Hortensia, Seven Bark",https://www.aspca.org/pet-care/aspca-poison-control/toxic-and-non-toxic-plants/hills-snow
hylocereus undatus,Hylocereus undatus,Night Blooming Cereus,false,false,false,,Non-toxic,"Queen of the Night, Pitaya, Honolulu Queen",https://www.aspca.org/pet-care/aspca-poison-control/toxic-and-non-toxic-plants/night-blooming-cereus
hypericum perforatum,Hypericum perforatum,Klamath Weed,true,true,true,Photosensitization (ulcerative and exudative dermatitis).,Hypericin,St. John's Wort,https://www.aspca.org/pet-care/aspca-poison-control/toxic-and-non-toxic-plants/klamath-weed
hypochaeris radicata,Hypochaeris radicata,Catsear,,,true,"Stringhalt (back legs may have exaggerated flexion, hopping gait)",Unknown,"Flatweed, Cat's Ear, False Dandelion",https://www.aspca.org/pet-care/aspca-poison-control/toxic-and-non-toxic-plants/catsear
hypocyrta nummularia,Hypocyrta nummularia,Candycorn Plant,false,false,false,,,,https://www.aspca.org/pet-care/aspca-poison-control/toxic-and-non-toxic-plants/candycorn-plant
hypoestes phyllostachya,Hypoestes phyllostachya,Baby’s Tears,false,false,false,"Mild vomiting, diarrhea",Unknown,"Polka Dot Plant, Measles Plant, Flamingo Plant, Freckle Face, Pink Splash",https://www.aspca.org/pet-care/aspca-poison-control/toxic-and-non-toxic-plants/babys-tears
ilex aquifolium,Ilex aquifolium,English Holly,true,true,true,"Vomiting, diarrhea and depression. Leaves and berries are low toxicity.",Saponins,"European Holly, Oregon Holly, Inkberry, Winterberry, American Holly",https://www.aspca.org/pet-care/aspca-poison-control/toxic-and-non-toxic-plants/english-holly
ilex opaca,Ilex opaca,American Holly,true,true,true,"Vomiting (not in horses), diarrhea and depression.",saponins,"English Holly, European Holly, Oregon Holly, Inkberry, Winterberry",https://www.aspca.org/pet-care/aspca-poison-control/toxic-and-non-toxic-plants/american-holly
impatiens,Impatiens spp.,Buzzy Lizzie,false,false,false,,,"Giant Touch-Me-Not, Impatience Plant, Patient Lucy, Patient Plant, Tangerine Impatience",https://www.aspca.org/pet-care/aspca-poison-control/toxic-and-non-toxic-plants/buzzy-lizzie
incarvillea delavayi,Incarvillea delavayi,Hardy Gloxinia,false,false,,,Non-toxic,,https://www.aspca.org/pet-care/aspca-poison-control/toxic-and-non-toxic-plants/hardy-gloxinia
ipomoea,Ipomoea spp,Morning Glory,true,true,true,"Vomiting, large amounts of seeds may cause hallucinations","Indole alkaloids (Lysergic acid, lysergamide, elymoclavine and chanoclavine)",,https://www.aspca.org/pet-care/aspca-poison-control/toxic-and-non-toxic-plants/morning-glory
ipomoea batatas,Ipomoea batatas,Sweet Potato Vine,false,false,false,,Non-toxic,Sweet potato,https://www.aspca.org/pet-care/aspca-poison-control/toxic-and-non-toxic-plants/sweet-potato-vine
iresine herbstii,Iresine herbstii,Bloodleaf,false,false,false,,,"Chicken Gizzard, Yellow Bloodleaf, Joseph's Coat",https://www.aspca.org/pet-care/aspca-poison-control/toxic-and-non-toxic-plants/bloodleaf
iris species,Iris species,Flag,true,true,true,"Salivation, vomiting, drooling,lethargy, diarrhea. Highest concentration in rhizomes.","Pentacylic terpenoids (zeorin, missourin and missouriensin)","Iris, Snake Lily, Water Flag",https://www.aspca.org/pet-care/aspca-poison-control/toxic-and-non-toxic-plants/flag
iris spuria,Iris spuria,Butterfly Iris,true,true,true,"Salivation, vomiting, drooling,lethargy, diarrhea. Highest concentration in rhizomes.","Pentacylic terpenoids (zeorin, missourin and missouriensin)",Spuria Iris,https://www.aspca.org/pet-care/aspca-poison-control/toxic-and-non-toxic-plants/butterfly-iris
ixora coccinea,Ixora coccinea,Flame of the Woods,false,false,false,,Non-toxic,Maui sunset,https://www.aspca.org/pet-care/aspca-poison-control/toxic-and-non-toxic-plants/flame-woods
ixora javanica,Ixora javanica,Jungle Geranium,false,false,false,,Non-toxic,,https://www.aspca.org/pet-care/aspca-poison-control/toxic-and-non-toxic-plants/jungle-geranium
jacaranda procera,Jacaranda procera,Caroba,false,false,false,,,"Caaroba, Carob Tree, Carobhina, Bignonia",https://www.aspca.org/pet-care/aspca-poison-control/toxic-and-non-toxic-plants/caroba
jasminum species,Jasminum species,Jasmine,false,false,false,,Non-toxic,,https://www.aspca.org/pet-care/aspca-poison-control/toxic-and-non-toxic-plants/jasmine
juglans nigra,Juglans nigra,Black Walnut,true,false,true,"Dogs: moldy nuts/hulls can cause tremors and seizures, ingestion of shavings can cause incoordination; Horses: laminitis, colic",Unknown,,https://www.aspca.org/pet-care/aspca-poison-control/toxic-and-non-toxic-plants/black-walnut
kaempferia,Kaempferia spp.,Kaempferia,false,false,false,,Non-toxic,Peacock Ginger,https://www.aspca.org/pet-care/aspca-poison-control/toxic-and-non-toxic-plants/kaempferia
kalanchoe,Kalanchoe spp,Kalanchoe,true,true,,"Vomiting, diarrhea, abnormal heart rhythm (rare).",Bufodienolides,"Mother-In-Law-Plant, Devils Backbone, Chandelier Plant, Mother of Millions",https://www.aspca.org/pet-care/aspca-poison-control/toxic-and-non-toxic-plants/kalanchoe
kalanchoe tubiflora,Kalanchoe tubiflora,Chandelier Plant,true,true,true,"Vomiting, diarrhea, abnormal heart rhythm (rare).",Bufodienolides,"Mother-In-Law-Plant, Kalanchoe, Devils Backbone, Mother of Millions",https://www.aspca.org/pet-care/aspca-poison-control/toxic-and-non-toxic-plants/chandelier-plant
kalmia augustifolia,Kalmia augustifolia,Lambkill,true,true,true,"Vomiting (not in horses), diarrhea, weakness, cardiac failure",Grayanotoxin,Sheep Laurel,https://www.aspca.org/pet-care/aspca-poison-control/toxic-and-non-toxic-plants/lambkill
kalmia latifolia,Kalmia latifolia,Laurel,true,true,true,"Vomiting (not in horses), diarrhea, weakness, cardiac failure",Grayanotoxins,"Mountain laurel, Spoonwood, Mountain Ivy, Calico Bush, Ivy Bush",https://www.aspca.org/pet-care/aspca-poison-control/toxic-and-non-toxic-plants/laurel
kalmia polifolia,Kalmia polifolia,Pale Laurel,,,true,"Typically not very palatable to horses unless it is the only forage available, but sheep and goats may graze readily on the plant. The toxic principle interferes with normal skeletal muscle, cardiac muscle and nerve function. Clinical effects typically occur within a few hours after ingestion, and can include acute digestive upset, excessive drooling, loss of appetite, frequent bowel movements/diarrhea, colic, depression, weakness, loss of coordination, stupor, leg paralysis, weak heart rate and recumbency for 2 or more days; at this point, improvement may be seen or the animal may become comatose and die.",Grayanotoxin,,https://www.aspca.org/pet-care/aspca-poison-control/toxic-and-non-toxic-plants/pale-laurel
kalmia poliifolia,Kalmia poliifolia,Bog Laurel,true,true,true,"Vomiting (not in horses), diarrhea, weakness, cardiac failure",Grayanotoxin,"Pale Laurel, Bog Kalmia",https://www.aspca.org/pet-care/aspca-poison-control/toxic-and-non-toxic-plants/bog-laurel
kniphofia,Kniphofia,Torch Lily,false,false,false,,,"red hot poker, poker plant",https://www.aspca.org/pet-care/aspca-poison-control/toxic-and-non-toxic-plants/torch-lily
kohleria lindeniana,Kohleria lindeniana,Tree Gloxinia,false,false,false,,,,https://www.aspca.org/pet-care/aspca-poison-control/toxic-and-non-toxic-plants/tree-gloxinia
lagerstroemia indica,Lagerstroemia indica,Crape Myrtle,false,false,false,,,Crepe Myrtle,https://www.aspca.org/pet-care/aspca-poison-control/toxic-and-non-toxic-plants/crape-myrtle
lampranthus piquet,Lampranthus piquet,Ice Plant,false,false,false,,Non-toxic,,https://www.aspca.org/pet-care/aspca-poison-control/toxic-and-non-toxic-plants/ice-plant
lantana camara,Lantana camara,Lantana,true,true,true,"Vomiting, diarrhea, labored breathing, weakness. Liver failure - more common in livestock.",Pentacyclic triterpenoids,"Shrub Verbena, Yellow Sage, Red Sage",https://www.aspca.org/pet-care/aspca-poison-control/toxic-and-non-toxic-plants/lantana
larrea tridentata,Larrea tridentata,Chaparral,false,false,false,,,"Creosote Bush, Greasewood",https://www.aspca.org/pet-care/aspca-poison-control/toxic-and-non-toxic-plants/chaparral
lathyrus latifolius,Lathyrus latifolius,Sweet Pea,false,false,true,"Weakness, lethargy, pacing, head pressing, tremors, seizures and possibly death.",Aminoproprionitrite,"Perennial Pea, Everlasting Pea",https://www.aspca.org/pet-care/aspca-poison-control/toxic-and-non-toxic-plants/sweet-pea
laurus nobilis,Laurus nobilis,Bay Laurel,true,true,true,"Vomiting and diarrhea, Large ingestion of whole leaves can cause obstruction","Eugenol, and other essential oils","Sweet Bag, Bay Tree, Tree Laurel, Laurel Tree, Laurel",https://www.aspca.org/pet-care/aspca-poison-control/toxic-and-non-toxic-plants/bay-laurel
lavendula angustifolia,Lavendula angustifolia,Lavender,true,true,true,"Nausea, vomiting (not in horses), inappetant","Linlool, linalyl acetate","Common Lavender, English Lavender",https://www.aspca.org/pet-care/aspca-poison-control/toxic-and-non-toxic-plants/lavender
leucocrinum montanum,Leucocrinum montanum,Sand Lily,false,false,false,,,"mountain lily, star lily",https://www.aspca.org/pet-care/aspca-poison-control/toxic-and-non-toxic-plants/sand-lily
leucospermum incisum,Leucospermum incisum,Pincushion Flower,false,false,false,,Non-toxic,,https://www.aspca.org/pet-care/aspca-poison-control/toxic-and-non-toxic-plants/pincushion-flower
leucothoe,Leucothoe spp.,Black Laurel,true,true,true,"Vomiting, diarrhea, depression, cardiovascular collapse, hypersalivation, weakness, coma, low blood pressure, death. Ingestion of a few leaves can cause serious problems.",Grayanotoxins,"Dog Hobble, Dog Laurel, Fetter Bush, Sierra Laurel",https://www.aspca.org/pet-care/aspca-poison-control/toxic-and-non-toxic-plants/black-laurel
levisticum officinale,Levisticum officinale,Lovage,true,true,true,"Diuretic, increased urination","Volatile oils, especially phthalide lactones.","Maggi plant, Smellage",https://www.aspca.org/pet-care/aspca-poison-control/toxic-and-non-toxic-plants/lovage
ligustrum japonicum,Ligustrum japonicum,Privet,true,true,true,"Gastrointestinal upset (most common), incoordination, increased heart rate, death (rare).",Terpenoid glycosides,"amur, wax-leaf, common privet",https://www.aspca.org/pet-care/aspca-poison-control/toxic-and-non-toxic-plants/privet
ligustrum vulgare,Ligustrum vulgare,Common Privet,true,true,true,"Drooling, abdominal pain, diarrhea, colic, depression","Cardiac glycosides, saponins, protoanemonin","Privet, Amur, Wax-leaf",https://www.aspca.org/pet-care/aspca-poison-control/toxic-and-non-toxic-plants/common-privet
lilium asiatica,Lilium asiatica,Asian Lily,,true,,"Cats: Vomiting, inappetence, lethargy, kidney failure, death.",Unknown,Asiatic Lily,https://www.aspca.org/pet-care/aspca-poison-control/toxic-and-non-toxic-plants/asian-lily
lilium longiflorum,Lilium longiflorum,Easter Lily,false,true,false,"Vomiting, inappetence, lethargy, kidney failure, and death is possible. Cats are only species known to be affected.",Unknown,,https://www.aspca.org/pet-care/aspca-poison-control/toxic-and-non-toxic-plants/easter-lily
lilium orientalis,Lilium orientalis,Stargazer Lily,false,true,false,"Vomiting, inappetence, lethargy, kidney failure and death is possible. Cats are only species known to be affected.",Unknown,,https://www.aspca.org/pet-care/aspca-poison-control/toxic-and-non-toxic-plants/stargazer-lily
lilium species,Lilium species,Lily,false,true,false,Cats: kidney failure.,Unknown,,https://www.aspca.org/pet-care/aspca-poison-control/toxic-and-non-toxic-plants/lily
lilium speciosum,Lilium speciosum,Japanese Show Lily,false,true,false,"Cats: Vomiting, inappetence, lethargy, kidney failure, death.",Unknown,,https://www.aspca.org/pet-care/aspca-poison-control/toxic-and-non-toxic-plants/japanese-show-lily
lilium tigrinum,Lilium tigrinum,Tiger Lily,false,true,false,"Vomiting, inappetence, lethargy, kidney failure, and death is possible. Cats are only species known to be affected.",Unknown,,https://www.aspca.org/pet-care/aspca-poison-control/toxic-and-non-toxic-plants/tiger-lily
lilium umbellatum,Lilium umbellatum,Red Lily,false,true,false,"Vomiting, inappetence, lethargy, kidney failure, and death is possible. Cats are only species known to be affected.",Unknown,,https://www.aspca.org/pet-care/aspca-poison-control/toxic-and-non-toxic-plants/red-lily
liriodendron tulipifera,Liriodendron tulipifera,Tulip Poplar,false,false,false,,,tulip tree,https://www.aspca.org/pet-care/aspca-poison-control/toxic-and-non-toxic-plants/tulip-poplar
liriope muscari,Liriope muscari,Turf Lily,false,false,false,,,lilyturf,https://www.aspca.org/pet-care/aspca-poison-control/toxic-and-non-toxic-plants/turf-lily
lithops naureeniae,Lithops naureeniae,Living Stones,false,false,false,,Non-toxic,"Kiawe, Mesquite",https://www.aspca.org/pet-care/aspca-poison-control/toxic-and-non-toxic-plants/living-stones
lobelia cardinalis,Lobelia cardinalis,Cardinal Flower,true,true,true,"Depression, diarrhea, vomiting, excessive salivation, abdominal pain, heart rhythm disturbances.",Lobeline,"Lobelia, Indian Pink",https://www.aspca.org/pet-care/aspca-poison-control/toxic-and-non-toxic-plants/cardinal-flower
lycopersicon,Lycopersicon spp,Tomato Plant,true,true,true,"Hypersalivation, inappetence, severe gastrointestinal upset, depression, weakness, dilated pupils, slow heart rate; ripe fruit is non-toxic",Solanine,,https://www.aspca.org/pet-care/aspca-poison-control/toxic-and-non-toxic-plants/tomato-plant
lyonia,Lyonia spp.,Fetterbush,true,true,true,"Vomiting (not in horses), diarrhea, weakness, cardiac failure",Grayanotoxins,"Staggerberry, Maleberry",https://www.aspca.org/pet-care/aspca-poison-control/toxic-and-non-toxic-plants/fetterbush
macadamia integrifolia,Macadamia integrifolia,Australian Nut,true,,,"Depression, hyperthermia, weakness, muscular stiffness, vomiting, tremors, increased heartrate. Only reported in dogs at this time.",Unknown,"Macadamia Nut, Queensland Nut",https://www.aspca.org/pet-care/aspca-poison-control/toxic-and-non-toxic-plants/australian-nut
magnolia stellata,Magnolia stellata,Magnolia Bush,false,false,false,,Non-toxic,Star Magnolia,https://www.aspca.org/pet-care/aspca-poison-control/toxic-and-non-toxic-plants/magnolia-bush
mahonia aquifolium,Mahonia aquifolium,Creeping Mahonia,false,false,false,,,"Tall Mahonia, Mountain Grape, Oregon Grape, Oregon Holly, Holly-leaved Barberry",https://www.aspca.org/pet-care/aspca-poison-control/toxic-and-non-toxic-plants/creeping-mahonia
malus sylvestrus,Malus sylvestrus,Apple,true,true,true,"Stems, leaves, seeds contain cyanide, particularly toxic in the process of wilting: brick red mucous membranes, dilated pupils, difficulty breathing, panting, shock.",Cyanogenic glycosides,Includes crabapples,https://www.aspca.org/pet-care/aspca-poison-control/toxic-and-non-toxic-plants/apple
mammillaria fragilis,Mammillaria fragilis,Thimble Cactus,false,false,false,,,,https://www.aspca.org/pet-care/aspca-poison-control/toxic-and-non-toxic-plants/thimble-cactus
maranta insignis,Maranta insignis,Calathea Lancifolia 2,false,false,false,,,,https://www.aspca.org/pet-care/aspca-poison-control/toxic-and-non-toxic-plants/calathea-lancifolia-2
masdevallia,Masdevallia spp.,Tailed Orchid,false,false,false,,,,https://www.aspca.org/pet-care/aspca-poison-control/toxic-and-non-toxic-plants/tailed-orchid
melia azedarach,Melia azedarach,Bead Tree,true,true,true,"Diarrhea, vomiting, salivation, depression, weakness, and seizures. Ripe fruit (berries) most toxic but also bark, leaves, and flowers.",Tetranortriterpenes (meliatoxins),"China Ball Tree, Paradise Tree, Persian Lilac, White Cedar, Japanese Bead Tree, Texas Umbrella Tree, Pride-of-India, Chinaberry Tree",https://www.aspca.org/pet-care/aspca-poison-control/toxic-and-non-toxic-plants/bead-tree
melissa officinalis,Melissa officinalis,Lemon Balm,false,false,false,,,"Balm, Common Balm, Balm mint",https://www.aspca.org/pet-care/aspca-poison-control/toxic-and-non-toxic-plants/lemon-balm
mentha,Mentha sp.,Mint,true,true,true,Vomiting and diarrhea with large ingestions,Essential Oils,Garden Mint,https://www.aspca.org/pet-care/aspca-poison-control/toxic-and-non-toxic-plants/mint
miltonia roezlii alba,Miltonia roezlii alba,Pansy Orchid,false,false,false,,Non-toxic,,https://www.aspca.org/pet-care/aspca-poison-control/toxic-and-non-toxic-plants/pansy-orchid
monstera deliciosa,Monstera deliciosa,Ceriman,true,true,true,"Oral irritation, pain and swelling of mouth, tongue and lips, excessive drooling, vomiting (not horses), difficulty swallowing",Insoluble calcium oxalates,"Cutleaf Philodendron, Hurricane Plant, Swiss Cheese Plant, Mexican Breadfruit",https://www.aspca.org/pet-care/aspca-poison-control/toxic-and-non-toxic-plants/ceriman
morus,Morus sp.,Mulberry Tree,false,false,false,,Non-toxic,,https://www.aspca.org/pet-care/aspca-poison-control/toxic-and-non-toxic-plants/mulberry-tree
musa acuminata,Musa acuminata,Banana,false,false,false,,,Plantain,https://www.aspca.org/pet-care/aspca-poison-control/toxic-and-non-toxic-plants/banana
muscari armeniacum,Muscari armeniacum,Grape Hyacinth,false,false,false,,Non-toxic,,https://www.aspca.org/pet-care/aspca-poison-control/toxic-and-non-toxic-plants/grape-hyacinth
nandina domestica,Nandina domestica,Heavenly Bamboo,true,true,true,"Weakness, incoordination, seizures, coma, respiratory failure, death (rare in pets).",Cyanogenic glycosides,"Sacred Bamboo, Nandina",https://www.aspca.org/pet-care/aspca-poison-control/toxic-and-non-toxic-plants/heavenly-bamboo
narcissus,Narcissus spp,Daffodil,true,true,true,"Vomiting, salvation, diarrhea; large ingestions cause convulsions, low blood pressure, tremors and cardiac arrhythmias. Bulbs are the most poisonous part.",Lycorine and other alkaloids,"Narcissus, Jonquil, Paper White",https://www.aspca.org/pet-care/aspca-poison-control/toxic-and-non-toxic-plants/daffodil
narcissus jonquilla,Narcissus jonquilla,Jonquil,true,true,true,"Vomiting, salvation, diarrhea; large ingestions cause convulsions, low blood pressure, tremors and cardiac arrhythmias. Bulbs are the most poisonous part.",Lycorine and other alkaloids,"Daffodil, Narcissus, Paper White",https://www.aspca.org/pet-care/aspca-poison-control/toxic-and-non-toxic-plants/jonquil
nasturtium officinale,Nasturtium officinale,Nasturtium (Watercress),true,true,true,Mild vomiting and diarrhea,Gastrointestinal irritants,"Watercress, Brunnenkress",https://www.aspca.org/pet-care/aspca-poison-control/toxic-and-non-toxic-plants/nasturtium-watercress
neoregalia,Neoregalia spp.,Aregelia,false,false,false,,,"Crimson cup, Marbled fingernail,Blushing bromeliad, Ossifragi Vase, Miniature Marble plant",https://www.aspca.org/pet-care/aspca-poison-control/toxic-and-non-toxic-plants/aregelia
neoregelia spectabilis,Neoregelia spectabilis,Fingernail Plant,false,false,false,,Non-toxic,,https://www.aspca.org/pet-care/aspca-poison-control/toxic-and-non-toxic-plants/fingernail-plant
nepeta cataria,Nepeta cataria,Catnip,,true,,"Many cats love catnip, but it can cause vomiting and diarrhea. It makes some cats sedated and others stimulated.",Nepetalactone,"Catswort, Catmint",https://www.aspca.org/pet-care/aspca-poison-control/toxic-and-non-toxic-plants/catnip
nephrolepis biserrata,Nephrolepis biserrata,Bold Sword Fern,false,false,false,,,,https://www.aspca.org/pet-care/aspca-poison-control/toxic-and-non-toxic-plants/bold-sword-fern
nephrolepis exalta,Nephrolepis exalta,Dwarf Feather Palm,false,false,false,,Non-toxic,,https://www.aspca.org/pet-care/aspca-poison-control/toxic-and-non-toxic-plants/dwarf-feather-palm
nephrolepis exalta bostoniensis,Nephrolepis exalta bostoniensis,Boston Fern,false,false,,,,,https://www.aspca.org/pet-care/aspca-poison-control/toxic-and-non-toxic-plants/boston-fern
nephrolepis exaltata,Nephrolepis exaltata,Feather Palm,false,false,false,,Non-toxic,,https://www.aspca.org/pet-care/aspca-poison-control/toxic-and-non-toxic-plants/feather-palm
nephrolepsis cordifolia 'duffii',Nephrolepsis cordifolia 'duffii',Duffii Fern,false,false,false,,Non-toxic,"Duffy Fern, Lemon Button Fern",https://www.aspca.org/pet-care/aspca-poison-control/toxic-and-non-toxic-plants/duffii-fern
nephrolepsis cordifolia plumosa,Nephrolepsis cordifolia plumosa,Dwarf Whitman Fern,false,false,false,,Non-toxic,,https://www.aspca.org/pet-care/aspca-poison-control/toxic-and-non-toxic-plants/dwarf-whitman-fern
nephrolepsis exalta,Nephrolepsis exalta,Fluffy Ruffles,false,false,false,,Non-toxic,,https://www.aspca.org/pet-care/aspca-poison-control/toxic-and-non-toxic-plants/fluffy-ruffles
nerium oleander,Nerium oleander,Oleander,true,true,true,"Drooling, abdominal pain, diarrhea, colic, depression, death",Cardiac glycosides,Rose-Bay,https://www.aspca.org/pet-care/aspca-poison-control/toxic-and-non-toxic-plants/oleander
nicotiana glauca,Nicotiana glauca,Nicotiana,true,true,true,"Hyperexcitability then depression, vomiting, incoordination, paralysis, death is possible.",Nicotine,"Tree Tobacco, Tobacco, Mustard Tree",https://www.aspca.org/pet-care/aspca-poison-control/toxic-and-non-toxic-plants/nicotiana
nolina tuberculata,Nolina tuberculata,Bottle Palm 2,false,false,false,,,"Elephant-foot Tree, Pony Tail Plant",https://www.aspca.org/pet-care/aspca-poison-control/toxic-and-non-toxic-plants/bottle-palm-2
none,NONE LISTED,Silver Tree Anamiga,false,false,,,,,https://www.aspca.org/pet-care/aspca-poison-control/toxic-and-non-toxic-plants/silver-tree-anamiga
ocimum basilicum,Ocimum basilicum,Basil,false,false,,,,"Saint Joseph's Wort, Thai Basil, Sweet Basil",https://www.aspca.org/pet-care/aspca-poison-control/toxic-and-non-toxic-plants/basil
odontoglossum crispum,Odontoglossum crispum,Lace Orchid,false,false,false,,Non-toxic,,https://www.aspca.org/pet-care/aspca-poison-control/toxic-and-non-toxic-plants/lace-orchid
odontoglossum pulchellum,Odontoglossum pulchellum,Lily of the Valley Orchid,false,false,false,,Non-toxic,,https://www.aspca.org/pet-care/aspca-poison-control/toxic-and-non-toxic-plants/lily-valley-orchid
oleaceae,Oleaceae,Golden Bells,false,false,false,,Non-toxic,Forsythia,https://www.aspca.org/pet-care/aspca-poison-control/toxic-and-non-toxic-plants/golden-bells
oncidium flexuosum,Oncidium flexuosum,Dancing Doll Orchid,false,false,false,,,,https://www.aspca.org/pet-care/aspca-poison-control/toxic-and-non-toxic-plants/dancing-doll-orchid
oncidium sphacelatum,Oncidium sphacelatum,Golden Shower Orchid,false,false,false,,Non-toxic,,https://www.aspca.org/pet-care/aspca-poison-control/toxic-and-non-toxic-plants/golden-shower-orchid
onychium japonica,Onychium japonica,Carrot Fern,false,false,false,,,,https://www.aspca.org/pet-care/aspca-poison-control/toxic-and-non-toxic-plants/carrot-fern
opuntia species,Opuntia species,Tree Cactus,false,false,false,,,,https://www.aspca.org/pet-care/aspca-poison-control/toxic-and-non-toxic-plants/tree-cactus
origanum majorana,Origanum majorana,Marjoram,true,true,,Vomiting and diarrhea,Gastrointestinal irritants,"Knotted Marjoram, Pot Marjoram",https://www.aspca.org/pet-care/aspca-poison-control/toxic-and-non-toxic-plants/marjoram
origanum vulgare hirtum,Origanum vulgare hirtum,Oregano,true,true,true,Mild vomiting and diarrhea,Gastrointestinal irritants,Greek Oregano,https://www.aspca.org/pet-care/aspca-poison-control/toxic-and-non-toxic-plants/oregano
oxalis,Oxalis spp.,Good Luck Plant,true,true,true,"All parts of the plant have toxic potential, although the possibility of serious effects is usually limited to ingestions of large quantities. Consuming Oxalis species can produce colic in horses, and kidney failure is possible if significant amounts are eaten.",Soluble calcium oxylates,"Shamrock Plant, Sorrel",https://www.aspca.org/pet-care/aspca-poison-control/toxic-and-non-toxic-plants/good-luck-plant
oxytropis,Oxytropis spp.,Loco Weed (Oxytropis spp.),false,false,true,"Incoordination, depression, inability to eat and drink, fetal death and birth defects",Swainsonine,Locoweed,https://www.aspca.org/pet-care/aspca-poison-control/toxic-and-non-toxic-plants/loco-weed-oxytropis-spp
pachira aquatica,Pachira aquatica,Money Tree,false,false,false,"Nausea, vomiting and loose stool",None,Money Plant,https://www.aspca.org/pet-care/aspca-poison-control/toxic-and-non-toxic-plants/money-tree
paeonis officinalis,Paeonis officinalis,Peony,true,true,true,"Vomiting, diarrhea, depression",Paeonol,,https://www.aspca.org/pet-care/aspca-poison-control/toxic-and-non-toxic-plants/peony
pelargonium,Pelargonium sp.,Scented Geranium,true,true,,"Primarily GI upset. Could also see ataxia, muscle weakness, depression or hypothermia in larger exposures, cats are most sensitive.",Essential Oils,Geraniums,https://www.aspca.org/pet-care/aspca-poison-control/toxic-and-non-toxic-plants/scented-geranium
pelargonium species,Pelargonium species,Geranium,true,true,true,"Vomiting, anorexia, depression, dermatitis","Geraniol, linalool",Many cultivars,https://www.aspca.org/pet-care/aspca-poison-control/toxic-and-non-toxic-plants/geranium
pellaea rotundifolia,Pellaea rotundifolia,Cliff Brake,false,false,false,,,"Button Fern, Green Cliff Brack, Cliff Break",https://www.aspca.org/pet-care/aspca-poison-control/toxic-and-non-toxic-plants/cliff-brake
pellionia daveauana,Pellionia daveauana,"Begonia, Trailing",false,false,false,,,Trailing Watermelon Begonia,https://www.aspca.org/pet-care/aspca-poison-control/toxic-and-non-toxic-plants/begonia-trailing
pellonia pulchra,Pellonia pulchra,Satin Pellionia,false,false,false,,,,https://www.aspca.org/pet-care/aspca-poison-control/toxic-and-non-toxic-plants/satin-pellionia
peperomia argyreia,Peperomia argyreia,Watermelon Begonia,false,false,false,,,,https://www.aspca.org/pet-care/aspca-poison-control/toxic-and-non-toxic-plants/watermelon-begonia
peperomia caperata,Peperomia caperata,Emerald Ripple Peperomia,false,false,false,,Non-toxic,"Green ripple peperomia, Little fantasy peperpmia",https://www.aspca.org/pet-care/aspca-poison-control/toxic-and-non-toxic-plants/emerald-ripple-peperomia
peperomia clusiifolia,Peperomia clusiifolia,Red Edge Peperomia,false,false,false,,Non-toxic,,https://www.aspca.org/pet-care/aspca-poison-control/toxic-and-non-toxic-plants/red-edge-peperomia
peperomia crassifolia,Peperomia crassifolia,Leather Peperomia,false,false,false,,,,https://www.aspca.org/pet-care/aspca-poison-control/toxic-and-non-toxic-plants/leather-peperomia
peperomia griseoargentea,Peperomia griseoargentea,Ivy Peperomia,false,false,false,,Non-toxic,"Plantinum Peperomia, Silver leaf Peperomia, Ivy leaf Peperomia",https://www.aspca.org/pet-care/aspca-poison-control/toxic-and-non-toxic-plants/ivy-peperomia
peperomia obtusifolia,Peperomia obtusifolia,American Rubber Plant,false,false,false,,,"Pepper Face, Baby Rubber Plant",https://www.aspca.org/pet-care/aspca-poison-control/toxic-and-non-toxic-plants/american-rubber-plant
peperomia peltifolia,Peperomia peltifolia,Peperomia Peltfolia,false,false,false,,Non-toxic,,https://www.aspca.org/pet-care/aspca-poison-control/toxic-and-non-toxic-plants/peperomia-peltfolia
peperomia prostata,Peperomia prostata,Trailing Peperomia,false,false,,,,,https://www.aspca.org/pet-care/aspca-poison-control/toxic-and-non-toxic-plants/trailing-peperomia
peperomia rotundifolia,Peperomia rotundifolia,Peperomia Rotundifolia,false,false,false,,Non-toxic,,https://www.aspca.org/pet-care/aspca-poison-control/toxic-and-non-toxic-plants/peperomia-rotundifolia
peperomia sandersii,Peperomia sandersii,Peperomia Sandersii,false,false,false,,Non-toxic,,https://www.aspca.org/pet-care/aspca-poison-control/toxic-and-non-toxic-plants/peperomia-sandersii
peperomia serpens variegata,Peperomia serpens variegata,Vining Peperomia,false,false,false,,,,https://www.aspca.org/pet-care/aspca-poison-control/toxic-and-non-toxic-plants/vining-peperomia
persea americana,Persea americana,Avocado,,,true,"Respiratory distress, heart failure, edema",Persin,Alligator Pear,https://www.aspca.org/pet-care/aspca-poison-control/toxic-and-non-toxic-plants/avocado
petroselinum crispum,Petroselinum crispum,Parsley,true,true,true,"Photosensitization (sunburn, dermatitis), large amounts are needed to cause this effect",Furanocoumarins,"Italian Parsley, Hamburg Parsley, Turnip-rooted Parsley",https://www.aspca.org/pet-care/aspca-poison-control/toxic-and-non-toxic-plants/parsley
petunia species,Petunia species,Petunia,false,false,false,,Non-toxic,,https://www.aspca.org/pet-care/aspca-poison-control/toxic-and-non-toxic-plants/petunia
phalaenopsis,Phalaenopsis sp.,Phalaenopsis Orchid,false,false,false,,,"Moth Orchid, Moon Orchid",https://www.aspca.org/pet-care/aspca-poison-control/toxic-and-non-toxic-plants/phalaenopsis-orchid
philodendron,Philodendron spp,Philodendron Pertusum,true,true,true,"Oral irritation, pain and swelling of mouth, tongue and lips, excessive drooling, vomiting (not horses), difficulty swallowing",Insoluble calcium oxalates,,https://www.aspca.org/pet-care/aspca-poison-control/toxic-and-non-toxic-plants/philodendron-pertusum
philodendron bipennifolium,Philodendron bipennifolium,Fiddle-Leaf,true,true,,"Oral irritation, intense burning and irritation of mouth, tongue and lips, excessive drooling, vomiting, difficulty swallowing.",Insoluble calcium oxalates,"Horsehead Philodendron, Cordatum, Heartleaf Philodendron, Panda Plant, Split Leaf Philodendron, Fruit Salad Plant, Red Emerald, Red Princess, Saddle Leaf",https://www.aspca.org/pet-care/aspca-poison-control/toxic-and-non-toxic-plants/fiddle-leaf
philodendron hederaceum,Philodendron hederaceum,Heartleaf Philodendron,true,true,true,"Oral irritation, pain and swelling of mouth, tongue and lips, excessive drooling, vomiting (not horses), difficulty swallowing",Insoluble calcium oxalates,"Cordatum, Sweetheart Plant",https://www.aspca.org/pet-care/aspca-poison-control/toxic-and-non-toxic-plants/heartleaf-philodendron
philodendron oxycardium,Philodendron oxycardium,Cordatum,true,true,true,"Oral irritation, pain and swelling of mouth, tongue and lips, excessive drooling, vomiting (not horses), difficulty swallowing",Insoluble calcium oxalates,"Fiddle-Leaf, Horsehead Philodendron, Heartleaf Philodendron, Panda Plant, Split Leaf Philodendron, Fruit Salad Plant, Red Emerald, Red Princess, Saddle Leaf",https://www.aspca.org/pet-care/aspca-poison-control/toxic-and-non-toxic-plants/cordatum
philodendron selloum,Philodendron selloum,Lacy Tree Philodendron,true,true,true,"Oral irritation, pain and swelling of mouth, tongue and lips, excessive drooling, vomiting (not horses), difficulty swallowing",Insoluble calcium oxalates,,https://www.aspca.org/pet-care/aspca-poison-control/toxic-and-non-toxic-plants/lacy-tree-philodendron
phlox subulata,Phlox subulata,Moss Phlox,false,false,false,,Non-toxic,,https://www.aspca.org/pet-care/aspca-poison-control/toxic-and-non-toxic-plants/moss-phlox
phoenix acaulis,Phoenix acaulis,Dwarf Date Palm,false,false,false,,Non-toxic,,https://www.aspca.org/pet-care/aspca-poison-control/toxic-and-non-toxic-plants/dwarf-date-palm
phoenix canariensis,Phoenix canariensis,Canary Date Palm,false,false,false,,,,https://www.aspca.org/pet-care/aspca-poison-control/toxic-and-non-toxic-plants/canary-date-palm
phoenix robellinii,Phoenix robellinii,Miniature Date Palm,false,false,false,,Non-toxic,"Pygmy Date Palm, Robellini Palm",https://www.aspca.org/pet-care/aspca-poison-control/toxic-and-non-toxic-plants/miniature-date-palm
phoradendron flavescens,Phoradendron flavescens,"Mistletoe ""American""",true,true,true,"Vomiting, diarrhea, low blood pressure (rare), difficulty breathing, low heart rate","Toxalbumin, pharatoxin viscumin (Lectins, Phoratoxins)",American Mistletoe,https://www.aspca.org/pet-care/aspca-poison-control/toxic-and-non-toxic-plants/mistletoe-american
phyllostachys aurea,Phyllostachys aurea,Bamboo,false,false,false,,,"Golden Bamboo, Fishpole Bamboo",https://www.aspca.org/pet-care/aspca-poison-control/toxic-and-non-toxic-plants/bamboo
pieris japonica,Pieris japonica,Andromeda Japonica,true,true,true,"Vomiting (not in horses), diarrhea, weakness, cardiac failure",Grayanotoxins,"Pieris, Lily-of-the-Valley Bush",https://www.aspca.org/pet-care/aspca-poison-control/toxic-and-non-toxic-plants/andromeda-japonica
pilea cadieri,Pilea cadieri,Aluminum Plant,false,false,false,,,Watermelon Plant,https://www.aspca.org/pet-care/aspca-poison-control/toxic-and-non-toxic-plants/aluminum-plant
pilea involucrata,Pilea involucrata,Friendship Plant,false,false,false,,,,https://www.aspca.org/pet-care/aspca-poison-control/toxic-and-non-toxic-plants/friendship-plant
pilea microphylla,Pilea microphylla,Artillery Plant,false,false,false,,,,https://www.aspca.org/pet-care/aspca-poison-control/toxic-and-non-toxic-plants/artillery-plant
pilea nummulariifolia,Pilea nummulariifolia,Creeping Charlie,false,false,false,,,Swedish Ivy (Plectranthus),https://www.aspca.org/pet-care/aspca-poison-control/toxic-and-non-toxic-plants/creeping-charlie
pilea pumila,Pilea pumila,Clearweed,false,false,false,,,"Coolwort, Richweed",https://www.aspca.org/pet-care/aspca-poison-control/toxic-and-non-toxic-plants/clearweed
pinus ponderosa,Pinus ponderosa,Bull Pine,false,false,true,Cattle: premature birth of calves or miscarriage have been reported in cattle.,Isocupressic acid,"Ponderosa Pine, Western Yellow Pine, Yellow Pine, Blackjack Pine",https://www.aspca.org/pet-care/aspca-poison-control/toxic-and-non-toxic-plants/bull-pine
pittosporum tobira,Pittosporum tobira,Japanese Pittosporum,false,false,false,,Non-toxic,"Australian laurel, Mock orange",https://www.aspca.org/pet-care/aspca-poison-control/toxic-and-non-toxic-plants/japanese-pittosporum
plantanus occidentalis,Plantanus occidentalis,Plantanus Occidentalis,false,false,false,,Non-toxic,oriental plane,https://www.aspca.org/pet-care/aspca-poison-control/toxic-and-non-toxic-plants/plantanus-occidentalis
platycerium alcicorne,Platycerium alcicorne,Platycerium Alcicorne,false,false,false,,Non-toxic,Staghorn Fern,https://www.aspca.org/pet-care/aspca-poison-control/toxic-and-non-toxic-plants/platycerium-alcicorne
platycerium bifurcatum,Platycerium bifurcatum,Common Staghorn Fern,false,false,false,,,,https://www.aspca.org/pet-care/aspca-poison-control/toxic-and-non-toxic-plants/common-staghorn-fern
plectranthus australis,Plectranthus australis,Swedish Ivy,false,false,false,,,Creeping Charlie,https://www.aspca.org/pet-care/aspca-poison-control/toxic-and-non-toxic-plants/swedish-ivy
plectranthus coleoides,Plectranthus coleoides,Candle Plant,false,false,false,,,,https://www.aspca.org/pet-care/aspca-poison-control/toxic-and-non-toxic-plants/candle-plant
plectranthus oetendahlii,Plectranthus oetendahlii,Prostrate Coleus,false,false,false,Non-toxic,,,https://www.aspca.org/pet-care/aspca-poison-control/toxic-and-non-toxic-plants/prostrate-coleus
pleiospilos bolusii,Pleiospilos bolusii,Living Rock Cactus,false,false,false,,Non-toxic,"African living rock, Mimicry plant",https://www.aspca.org/pet-care/aspca-poison-control/toxic-and-non-toxic-plants/living-rock-cactus
ploystichum munitum,Ploystichum munitum,Giant Holly Fern,false,false,false,,Non-toxic,"Sword fern, Wester sword, imbricate sword fern",https://www.aspca.org/pet-care/aspca-poison-control/toxic-and-non-toxic-plants/giant-holly-fern
podocarpus macrophylla,Podocarpus macrophylla,Buddhist Pine,true,true,true,"Vomiting (colic in horses), diarrhea",Unknown. Do not confuse with yews of the genus Taxus.,"Yew Pine, Japanese Yew, Southern Yew, Podocarpus",https://www.aspca.org/pet-care/aspca-poison-control/toxic-and-non-toxic-plants/buddhist-pine
podophyllum peltatum,Podophyllum peltatum,American Mandrake,true,true,true,"Vomiting, diarrhea, lethargy, panting, coma (rare); dermal - redness, skin ulcers.",Podophyllin,"Mayapple, Indian Apple Root, Umbrella Leaf, Wild Lemon, Hog Apple, Duck's Foot, Raccoonberry",https://www.aspca.org/pet-care/aspca-poison-control/toxic-and-non-toxic-plants/american-mandrake
poinciana gilliesii,Poinciana gilliesii,Barbados Pride 2,true,true,,"Oral irritation, intense burning and irritation of mouth, tongue and lips, excessive drooling, vomiting, diarrhea, difficulty swallowing and incoordination is possible. Deaths in rabbits have been reported.",GI irritants,"Bird of Paradise, Poinciana, Brazilwood",https://www.aspca.org/pet-care/aspca-poison-control/toxic-and-non-toxic-plants/barbados-pride-2
polyrrhiza lindenii,Polyrrhiza lindenii,Ghost Leafless Orchid,false,false,false,,Non-toxic,Leafless ghost orchid,https://www.aspca.org/pet-care/aspca-poison-control/toxic-and-non-toxic-plants/ghost-leafless-orchid
polyscias guilfoylei,Polyscias guilfoylei,Coffee Tree,true,true,true,"Contact dermatitis, vomiting, anorexia, depression.",Saponin,"Wild Coffee, Geranium-Leaf Aralia",https://www.aspca.org/pet-care/aspca-poison-control/toxic-and-non-toxic-plants/coffee-tree
polystichum acrostichoides,Polystichum acrostichoides,Christmas Dagger,false,false,false,,,Christmas Dagger Fern,https://www.aspca.org/pet-care/aspca-poison-control/toxic-and-non-toxic-plants/christmas-dagger
portulaca oleracea,Portulaca oleracea,Moss Rose,true,true,true,"Kidney failure (rare in dogs/cats), tremors, salivation.",Soluble calcium oxalates,"Wild Portulaca, Rock Moss, Purslane, Pigwee, Pusley",https://www.aspca.org/pet-care/aspca-poison-control/toxic-and-non-toxic-plants/moss-rose
potentilla,Potentilla spp.,Cinquefoil,false,false,false,,,"Silver Cinquefoil, Shrubby Cinquefoil, Rough Cinquefoil, Sulfur Cinquefoil, Rock Cinquefoil",https://www.aspca.org/pet-care/aspca-poison-control/toxic-and-non-toxic-plants/cinquefoil
poterium sanguisorba,Poterium sanguisorba,Salad Burnet,false,false,false,,,"Garden Burnet, Small Burnet, Burnet",https://www.aspca.org/pet-care/aspca-poison-control/toxic-and-non-toxic-plants/salad-burnet
primula vulgaris,Primula vulgaris,Primrose,true,true,true,Mild vomiting,Unknown,,https://www.aspca.org/pet-care/aspca-poison-control/toxic-and-non-toxic-plants/primrose
prosopis limensis,Prosopis limensis,Algaroba,false,false,false,,,"Kiawe, Mesquite",https://www.aspca.org/pet-care/aspca-poison-control/toxic-and-non-toxic-plants/algaroba
prunus,Prunus spp.,Cherry,true,true,true,"Stems, leaves, seeds contain cyanide, particularly toxic in the process of wilting: brick red mucous membranes, dilated pupils, difficulty breathing, panting, shock.",Cyanogenic glycosides,,https://www.aspca.org/pet-care/aspca-poison-control/toxic-and-non-toxic-plants/cherry
prunus armeniaca,Prunus armeniaca,Apricot,true,true,true,"Stems, leaves, seeds contain cyanide, particularly toxic in the process of wilting: brick red mucous membranes, dilated pupils, difficulty breathing, panting, shock.",Cyanogenic glycosides found in some species,"Group also includes Plum, Peach, Cherry",https://www.aspca.org/pet-care/aspca-poison-control/toxic-and-non-toxic-plants/apricot
prunus avium,Prunus avium,Sweet Cherry,true,true,true,"Stems, leaves, seeds contain cyanide, particularly toxic in the process of wilting: brick red mucous membranes, dilated pupils, difficulty breathing, panting, shock.",Cyanogenic glycosides found in some species,,https://www.aspca.org/pet-care/aspca-poison-control/toxic-and-non-toxic-plants/sweet-cherry
prunus domestica,Prunus domestica,Plum,true,true,true,"Stems, leaves, seeds contain cyanide, particularly toxic in the process of wilting: brick red mucous membranes, dilated pupils, difficulty breathing, panting, shock.",Cyanogenic glycosides found in some species,"similar plants: apricot, peach, cherry",https://www.aspca.org/pet-care/aspca-poison-control/toxic-and-non-toxic-plants/plum
prunus persica,Prunus persica,Peach,true,true,true,"Stems, leaves, seeds contain cyanide, particularly toxic in the process of wilting: brick red mucous membranes, dilated pupils, difficulty breathing, panting, shock.",Cyanogenic glycosides found in some species,"Similar plants: Plum, Apricot, Cherry",https://www.aspca.org/pet-care/aspca-poison-control/toxic-and-non-toxic-plants/peach
prunus serotina,Prunus serotina,Black Cherry,true,true,true,"Stems, leaves, seeds contain cyanide, particularly toxic in the process of wilting: brick red mucous membranes, dilated pupils, difficulty breathing, panting, shock.",Cyanogenic glycosides found in some species,,https://www.aspca.org/pet-care/aspca-poison-control/toxic-and-non-toxic-plants/black-cherry
prunus virginiana,Prunus virginiana,Choke Cherry,true,true,true,"Stems, leaves, seeds contain cyanide, particularly toxic in the process of wilting: brick red mucous membranes, dilated pupils, difficulty breathing, panting, shock.",Cyanogenic glycosides found in some species,,https://www.aspca.org/pet-care/aspca-poison-control/toxic-and-non-toxic-plants/choke-cherry
pteridium aquilinum,Pteridium aquilinum,Bracken Fern,,,true,"Thiamine deficiency: weakness, weight loss, staggers, tremors, death",Thiaminase,"Brake Fern, Umbewe, Brake, Pasture Bracken, Hog-Pasture Bracken, Eagle fern, Umhlashoshana, Adelaarsvaring",https://www.aspca.org/pet-care/aspca-poison-control/toxic-and-non-toxic-plants/bracken-fern
pteris,Pteris sp.,Silver Table Fern,false,false,false,,,,https://www.aspca.org/pet-care/aspca-poison-control/toxic-and-non-toxic-plants/silver-table-fern
quercus species,Quercus species,Oak,,,true,"Abdominal pain, constipation then diarrhea (occasionally bloody), depression, frequent urination, discolored urine, jaundice; acorns can obstruct the digestive tract",Gallotannin,,https://www.aspca.org/pet-care/aspca-poison-control/toxic-and-non-toxic-plants/oak
ranunculus,Ranunculus spp.,Buttercup,true,true,true,"Vomiting, diarrhea, depression, anorexia, hypersalivation, oral ulcers and wobbly gait.",Protoanemonin (an irritant),"Butter Cress, Figwort",https://www.aspca.org/pet-care/aspca-poison-control/toxic-and-non-toxic-plants/buttercup
ranunculus acris,Ranunculus acris,Figwort,true,true,true,"Vomiting, diarrhea, depression, anorexia, hypersalivation and wobbly gait.",Protoanemonin (an irritant),"Buttercup, Butter Cress, Burwort, Crowfoot burwort",https://www.aspca.org/pet-care/aspca-poison-control/toxic-and-non-toxic-plants/figwort
raphanus raphanistrum,Raphanus raphanistrum,Wild Radish,,,true,"Gastrointestinal irritation, colic",Isothiocyanates,,https://www.aspca.org/pet-care/aspca-poison-control/toxic-and-non-toxic-plants/wild-radish
ravenea rivularis,Ravenea rivularis,Majesty Palm,false,false,false,,,Majestic Palm,https://www.aspca.org/pet-care/aspca-poison-control/toxic-and-non-toxic-plants/majesty-palm
rhapis flabelliformis,Rhapis flabelliformis,Fan Tufted Palm,false,false,false,,Non-toxic,Lady Palm,https://www.aspca.org/pet-care/aspca-poison-control/toxic-and-non-toxic-plants/fan-tufted-palm
rhapis flabelliformus,Rhapis flabelliformus,Lady Palm,false,false,,,Non-toxic,,https://www.aspca.org/pet-care/aspca-poison-control/toxic-and-non-toxic-plants/lady-palm
rheum rhabarbarium,Rheum rhabarbarium,Pie Plant,true,true,true,"Kidney failure (in grazing animals), vomiting, salivation in dogs/cats. Most toxic parts are leaves and roots.",Soluble calcium oxalates,Rhubarb,https://www.aspca.org/pet-care/aspca-poison-control/toxic-and-non-toxic-plants/pie-plant
rhipsalis cassutha,Rhipsalis cassutha,Mistletoe Cactus,false,false,false,,Non-toxic,,https://www.aspca.org/pet-care/aspca-poison-control/toxic-and-non-toxic-plants/mistletoe-cactus
rhododendron,Rhododendron spp,Azalea,true,true,true,"Vomiting (not in horses), diarrhea, weakness, cardiac failure",Grayantoxin,"Rosebay, Rhododendron",https://www.aspca.org/pet-care/aspca-poison-control/toxic-and-non-toxic-plants/azalea
ricinus communis,Ricinus communis,African Wonder Tree,true,true,true,"Loss of appetite, excessive thirst, weakness, colic, trembling, sweating, loss of coordination, difficulty breathing, depression, bloody diarrhea, seizures, death.",Ricin (highly toxic),,https://www.aspca.org/pet-care/aspca-poison-control/toxic-and-non-toxic-plants/african-wonder-tree
robinia,Robinia spp.,Locust,true,true,true,"Vomiting, depression, anorexia, weakness, difficulty breathing, diarrhea (bloody), death","Toxalbumins: phasin, robin and robitin (bark, leaves and seeds)",,https://www.aspca.org/pet-care/aspca-poison-control/toxic-and-non-toxic-plants/locust
rosa,Rosa Species,Rose,false,false,false,,Non-toxic,,https://www.aspca.org/pet-care/aspca-poison-control/toxic-and-non-toxic-plants/rose
rosmarinus officinalis,Rosmarinus officinalis,Rosemary,false,false,false,,,Anthos,https://www.aspca.org/pet-care/aspca-poison-control/toxic-and-non-toxic-plants/rosemary
rubus pedatus,Rubus pedatus,Creeping Rubus,false,false,false,,,Strawberryleaf Raspberry,https://www.aspca.org/pet-care/aspca-poison-control/toxic-and-non-toxic-plants/creeping-rubus
rumex,Rumex sp.,Dock,true,true,true,"Kidney failure (rare in dogs/cats), tremors, salivation.",Soluble calcium oxalates,Sorrel,https://www.aspca.org/pet-care/aspca-poison-control/toxic-and-non-toxic-plants/dock
rumex scutatus,Rumex scutatus,Sorrel,true,true,true,"Small exposures only result in GI upset. Very large amounts can cause weakness, muscle fasciculations, and potentially seizures from hypocalcemia. Hypocalcemia can also result in arrhythmias. Secondary renal injury may also develop from the crystals. This is only expected in massive exposures or with chronic ingestion",Soluble oxalates,"Common Sorrel, Spinach-Dock, Narrow-leaved Dock, Garden sorrel",https://www.aspca.org/pet-care/aspca-poison-control/toxic-and-non-toxic-plants/sorrel
saintpaulia,Saintpaulia spp.,African Violet,false,false,false,,,Cape Marigold,https://www.aspca.org/pet-care/aspca-poison-control/toxic-and-non-toxic-plants/african-violet
saintpaulia confusa,Saintpaulia confusa,Kenya Violet,false,false,,,Non-toxic,Usambra violet,https://www.aspca.org/pet-care/aspca-poison-control/toxic-and-non-toxic-plants/kenya-violet
salix purpurea,Salix purpurea,Pupleosier Willow,false,false,false,,Non-toxic,,https://www.aspca.org/pet-care/aspca-poison-control/toxic-and-non-toxic-plants/pupleosier-willow
salvia coccinea,Salvia coccinea,Scarlet Sage,false,false,false,,,Texas Sage,https://www.aspca.org/pet-care/aspca-poison-control/toxic-and-non-toxic-plants/scarlet-sage
salvia officinalis,Salvia officinalis,Sage,false,false,false,,,"Common Sage, Garden Sage",https://www.aspca.org/pet-care/aspca-poison-control/toxic-and-non-toxic-plants/sage
sansevieria trifasciata,Sansevieria trifasciata,Golden Birds Nest,true,true,true,"Nausea, vomiting, diarrhea.",Saponins,"Snake Plant, Mother-in-Law’s Tongue, Good Luck Plant",https://www.aspca.org/pet-care/aspca-poison-control/toxic-and-non-toxic-plants/golden-birds-nest
santpaulia confusa,Santpaulia confusa,Usambara Violet,false,false,,,Non-toxic,Kenya Violet,https://www.aspca.org/pet-care/aspca-poison-control/toxic-and-non-toxic-plants/usambara-violet
sanvitalia,Sanvitalia spp.,Creeping Zinnia,false,false,false,,,,https://www.aspca.org/pet-care/aspca-poison-control/toxic-and-non-toxic-plants/creeping-zinnia
satureja hortensis,Satureja hortensis,Savory (Summer),false,false,false,,,,https://www.aspca.org/pet-care/aspca-poison-control/toxic-and-non-toxic-plants/savory-summer
schefflera,Schefflera,Schefflera,true,true,,"Oral irritation, intense burning and irritation of the mouth, lips, tongue, excessive drooling, vomiting, difficulty in swallowing.",Calcium oxalate crystals,"Umbrella Tree, Australian Ivy Palm, Octopus Tree, Starleaf",https://www.aspca.org/pet-care/aspca-poison-control/toxic-and-non-toxic-plants/schefflera
schefflera or,Schefflera or Brassia actinoplylla,Octopus Tree,true,true,,"Mild vomiting, diarrhea.","Terpenoids, saponins, insoluble oxalates","Schefflera, Umbrella Tree, Australian Ivy Palm, Starleaf",https://www.aspca.org/pet-care/aspca-poison-control/toxic-and-non-toxic-plants/octopus-tree
schlumbergera bridgesii,Schlumbergera bridgesii,Christmas Cactus,false,false,false,,,Easter Cactus,https://www.aspca.org/pet-care/aspca-poison-control/toxic-and-non-toxic-plants/christmas-cactus
schlumbergera russelliana,Schlumbergera russelliana,Shrimp Cactus,false,false,false,,,,https://www.aspca.org/pet-care/aspca-poison-control/toxic-and-non-toxic-plants/shrimp-cactus
scindapsus,"Scindapsus, Philodendron spp",Variegated Philodendron,true,true,,"Oral irritation, intense burning and irritation of the mouth, lips, tongue, excessive drooling, vomiting, difficulty in swallowing.",Calcium oxalate crystals,,https://www.aspca.org/pet-care/aspca-poison-control/toxic-and-non-toxic-plants/variegated-philodendron
scindapsus aureus,Scindapsus aureus,Marble Queen,true,true,,,Calcium oxalate crystals,Golden Pothos,https://www.aspca.org/pet-care/aspca-poison-control/toxic-and-non-toxic-plants/marble-queen
scindapsus pictus,Scindapsus pictus,Satin Pothos,true,true,true,"Oral irritation, pain and swelling of mouth, tongue and lips, excessive drooling, vomiting (not horses), difficulty swallowing",Insoluble calcium oxalates,Silk Pothos,https://www.aspca.org/pet-care/aspca-poison-control/toxic-and-non-toxic-plants/satin-pothos
secum weinbergii,Secum weinbergii,Mother of Pearl,false,false,,,Non-toxic,Ghost Plant,https://www.aspca.org/pet-care/aspca-poison-control/toxic-and-non-toxic-plants/mother-pearl
sedum album,Sedum album,Hardy Baby Tears,false,false,,,Non-toxic,Stonecrop,https://www.aspca.org/pet-care/aspca-poison-control/toxic-and-non-toxic-plants/hardy-baby-tears
sedum morganianum,Sedum morganianum,Burro's Tail,false,false,false,,,"Horse's Tail, Donkey's Tail, Lamb's Tail",https://www.aspca.org/pet-care/aspca-poison-control/toxic-and-non-toxic-plants/burros-tail
sedum weinbergii,Sedum weinbergii,Ghost Plant,false,false,false,,Non-toxic,Mother of Pearl,https://www.aspca.org/pet-care/aspca-poison-control/toxic-and-non-toxic-plants/ghost-plant
selaginella kraussiana,Selaginella kraussiana,Club Moss,false,false,false,,,"Cushion Moss, Irish Moss, Krauss' Spikemoss, Spreading Club Moss, Trailing Irish Moss",https://www.aspca.org/pet-care/aspca-poison-control/toxic-and-non-toxic-plants/club-moss
senecio species,Senecio species,Golden Ragwort,true,true,true,Horses: liver disease (must be ingested in large amount or over a long time period),Pyrrolizidine alkaloids,Ragwort,https://www.aspca.org/pet-care/aspca-poison-control/toxic-and-non-toxic-plants/golden-ragwort
silene acaulis,Silene acaulis,Moss Campion,false,false,false,,Non-toxic,"Bladder Campion, Cushion Pink, Dwarf Silene, Catchfly",https://www.aspca.org/pet-care/aspca-poison-control/toxic-and-non-toxic-plants/moss-campion
sinningia speciosa,Sinningia speciosa,Gloxinia,false,false,false,,Non-toxic,,https://www.aspca.org/pet-care/aspca-poison-control/toxic-and-non-toxic-plants/gloxinia
smilax,Smilax sp.,Mulberry Bush Greenbrier,false,false,false,,Non-toxic,,https://www.aspca.org/pet-care/aspca-poison-control/toxic-and-non-toxic-plants/mulberry-bush-greenbrier
smilax glabra,Smilax glabra,Cat Brier,false,false,false,,,"China Root, Ti-hu-ling, Shiny Leaf Smilax",https://www.aspca.org/pet-care/aspca-poison-control/toxic-and-non-toxic-plants/cat-brier
smilax glauca,Smilax glauca,Sawbrier,false,false,false,,,Wild Sasparilla,https://www.aspca.org/pet-care/aspca-poison-control/toxic-and-non-toxic-plants/sawbrier
smilax herbacea,Smilax herbacea,Carrion Flower,false,false,false,,,Jacob's Ladder,https://www.aspca.org/pet-care/aspca-poison-control/toxic-and-non-toxic-plants/carrion-flower
smilax hispida,Smilax hispida,Bristly Greenbrier,false,false,false,,,"Hagbrier, Hellfetter",https://www.aspca.org/pet-care/aspca-poison-control/toxic-and-non-toxic-plants/bristly-greenbrier
smilax lanceolata,Smilax lanceolata,Jackson Brier,false,false,false,,Non-toxic,,https://www.aspca.org/pet-care/aspca-poison-control/toxic-and-non-toxic-plants/jackson-brier
smilax laurifolia,Smilax laurifolia,Bamboo Vine,false,false,false,,,"Blaspheme vine, Laurel-leaved Greenbrier",https://www.aspca.org/pet-care/aspca-poison-control/toxic-and-non-toxic-plants/bamboo-vine
smilax rotundifolia,Smilax rotundifolia,Bullbrier,false,false,false,,,"Catbrier, Horsebrier, Common Greenbrier",https://www.aspca.org/pet-care/aspca-poison-control/toxic-and-non-toxic-plants/bullbrier
smilax walteria,Smilax walteria,Red Berried Greenbrier,false,false,false,"Vomiting, diarrhea and depression. Leaves and berries are low toxicity.",Non-toxic,red-berried-bamboo,https://www.aspca.org/pet-care/aspca-poison-control/toxic-and-non-toxic-plants/red-berried-greenbrier
solanum,Solanum spp,Deadly Nightshade,true,true,true,"Hypersalivation, inappetence, severe gastrointestinal upset, diarrhea, drowsiness, CNS depression, confusion, behavioral change, weakness, dilated pupils, slow heart rate.","Solanine, saponins, atropine like substances","Nightshade, Black Nightshade, European Bittersweet, Climbing Nightshade",https://www.aspca.org/pet-care/aspca-poison-control/toxic-and-non-toxic-plants/deadly-nightshade
solanum dulcamara,Solanum dulcamara,Climbing Nightshade,true,true,true,"Vomiting, diarrhea - common. Drowsiness, low blood pressure, low heart rate - uncommon.",Solanine,"European Bittersweet, Deadly Nightshade, Violet Bloom, Blue Nightshade, Soda Apple, Poisonous Nightshade, Felonwort, Devil's Apple, Scarlet Berry, Woody Nightshade, Blue Blindweed",https://www.aspca.org/pet-care/aspca-poison-control/toxic-and-non-toxic-plants/climbing-nightshade
solanum nigrum,Solanum nigrum,Black Nightshade,true,true,true,"Hypersalivation, inappetence, severe gastrointestinal upset, diarrhea, drowsiness, CNS depression, confusion, behavioral change, weakness, dilated pupils, slow heart rate.","Solanine, saponins, atropine like substances","Nightshade, Deadly Nightshade",https://www.aspca.org/pet-care/aspca-poison-control/toxic-and-non-toxic-plants/black-nightshade
solanum pseudocapsicum,Solanum pseudocapsicum,Jerusalem Cherry,true,true,true,"Gastrointestinal disturbances, possible ulceration of the gastrointestinal system, seizures, depression, respiratory depression, and shock.",Solanine,"Natal cherry, Winter cherry",https://www.aspca.org/pet-care/aspca-poison-control/toxic-and-non-toxic-plants/jerusalem-cherry
soleirolia soleirolii,Soleirolia soleirolii,Paddys Wig,false,false,false,,Non-toxic,"Japanese moss, Peace-in-the-home, Corsican Carpet, Angel's Tears, Irish Moss, Mind-your-own-business, Pollyanna vine, Baby Tears",https://www.aspca.org/pet-care/aspca-poison-control/toxic-and-non-toxic-plants/paddys-wig
sophronitis,Sophronitis spp.,Brazilian Orchid,false,false,false,,,,https://www.aspca.org/pet-care/aspca-poison-control/toxic-and-non-toxic-plants/brazilian-orchid
sorghum vulgare sudanesis,Sorghum vulgare var sudanesis,Sudan Grass,false,false,true,"Requires one week to six months of ingestion. Loss of nerve function to the hind legs and bladder, stumbling when forced to move, progressing to complete paralysis of the hind limbs and fetal deformities or fetal death.","Cyanogenic glycosides, nitrates",Hybrid Sudan,https://www.aspca.org/pet-care/aspca-poison-control/toxic-and-non-toxic-plants/sudan-grass
spathiphyllum,Spathiphyllum,Mauna Loa Peace Lily,true,true,true,"Oral irritation, pain and swelling of mouth, tongue and lips, excessive drooling, vomiting (not horses), difficulty swallowing",Insoluble calcium oxalates,Peace Lily,https://www.aspca.org/pet-care/aspca-poison-control/toxic-and-non-toxic-plants/mauna-loa-peace-lily
sphenosciadium capitellatum,Sphenosciadium capitellatum,Ranger's Button,true,true,true,"Photosensitization (sunburn, dermatitis), large amounts are needed to cause this effect",Furanocoumarins,White Heads,https://www.aspca.org/pet-care/aspca-poison-control/toxic-and-non-toxic-plants/rangers-button
stapelia hirsata,Stapelia hirsata,Carrion Flower 2,false,false,false,,,Hairy Toad Plant,https://www.aspca.org/pet-care/aspca-poison-control/toxic-and-non-toxic-plants/carrion-flower-2
stapelia variegata,Stapelia variegata,Toad Spotted Cactus,false,false,false,,,,https://www.aspca.org/pet-care/aspca-poison-control/toxic-and-non-toxic-plants/toad-spotted-cactus
stephanotis floribunda,Stephanotis floribunda,Madagascar Jasmine,false,false,false,,Non-toxic,"Wax Flower, Bride's Flower, Clustered Wax Flower",https://www.aspca.org/pet-care/aspca-poison-control/toxic-and-non-toxic-plants/madagascar-jasmine
stevia rebaudiana,Stevia rebaudiana,Stevia,false,false,false,,Non-toxic,"Sweetleaf, Sugar Leaf",https://www.aspca.org/pet-care/aspca-poison-control/toxic-and-non-toxic-plants/stevia
stewartia ovata,Stewartia ovata,Mountain Camellia,false,false,false,,Non-toxic,Showy Camellia,https://www.aspca.org/pet-care/aspca-poison-control/toxic-and-non-toxic-plants/mountain-camellia
strelitzia reginae,Strelitzia reginae,Bird of Paradise Flower,true,true,true,"Mild nausea, vomiting, drowsiness; caused mainly by fruit and seeds",GI irritants,"Crane Flower, Bird's Tongue Flower",https://www.aspca.org/pet-care/aspca-poison-control/toxic-and-non-toxic-plants/bird-paradise-flower
streptocarpus,Streptocarpus spp.,Cape Primrose,false,false,false,,,"Twisted Fruit, Bavarian Belle",https://www.aspca.org/pet-care/aspca-poison-control/toxic-and-non-toxic-plants/cape-primrose
symplocarpus foetidus,Symplocarpus foetidus,Skunk Cabbage,true,true,true,"Oral irritation, pain and swelling of mouth, tongue and lips, excessive drooling, vomiting (not horses), difficulty swallowing",Insoluble calcium oxalates,"Skunk Weed, Polecat Weed, Meadow Cabbage, Swamp Cabbage",https://www.aspca.org/pet-care/aspca-poison-control/toxic-and-non-toxic-plants/skunk-cabbage
syngonium podophyllum,Syngonium podophyllum,Arrow-Head Vine,true,true,true,"Oral irritation, pain and swelling of mouth, tongue and lips, excessive drooling, vomiting (not horses), difficulty swallowing",Insoluble calcium oxalates,"Nephthytis, Green Gold Naphthysis, African Evergreen, Trileaf Wonder",https://www.aspca.org/pet-care/aspca-poison-control/toxic-and-non-toxic-plants/arrow-head-vine
taxus,Taxus sp.,Japanese Yew,true,true,true,"Tremors, difficulty breathing, vomiting, seizures (dogs), sudden death from acute heart failure. Early signs: muscular tremors, dyspnea, seizures in dogs.","Taxine A and B, Volatile oil","English Yew, Western Yew, Pacific Yew, Anglo-Japanese Yew",https://www.aspca.org/pet-care/aspca-poison-control/toxic-and-non-toxic-plants/japanese-yew
taxus baccata,Taxus baccata,English Yew,true,true,true,"Tremors, difficulty breathing, vomiting, seizures (dogs), sudden death from acute heart failure.","Taxine A and B, Volatile oil","Western Yew, Pacific Yew, Japanese Yew, Anglo-Japanese Yew",https://www.aspca.org/pet-care/aspca-poison-control/toxic-and-non-toxic-plants/english-yew
taxus brevifolia,Taxus brevifolia,Pacific Yew,true,true,true,"Tremors, difficulty breathing, vomiting, seizures (dogs), sudden death from acute heart failure.","Taxine A and B, Volatile oil","English Yew, Western Yew, Japanese Yew, Anglo-Japanese Yew",https://www.aspca.org/pet-care/aspca-poison-control/toxic-and-non-toxic-plants/pacific-yew
taxus canadensus,Taxus canadensus,American Yew,true,true,true,"Tremors, difficulty breathing, vomiting, seizures (dogs), sudden death from acute heart failure.","Taxine A and B, Volatile oil","Canada Yew, Canadian Yew",https://www.aspca.org/pet-care/aspca-poison-control/toxic-and-non-toxic-plants/american-yew
thevetia peruviana,Thevetia peruviana,Yellow Oleander,true,true,true,"Vomiting, diarrhea, slow heart rate",Cardenolides,,https://www.aspca.org/pet-care/aspca-poison-control/toxic-and-non-toxic-plants/yellow-oleander
thlaspi arvense,Thlaspi arvense,Field Pennycress,,,true,"Colic, diarrhea, dermatitis",Isothiocyanates,,https://www.aspca.org/pet-care/aspca-poison-control/toxic-and-non-toxic-plants/field-pennycress
thymus vulgaris,Thymus vulgaris,Thyme,false,false,false,,Non-toxic,"Common Thyme, Garden Thyme, German Thyme",https://www.aspca.org/pet-care/aspca-poison-control/toxic-and-non-toxic-plants/thyme
tilia americana,Tilia americana,Linden,false,false,false,,Non-toxic,,https://www.aspca.org/pet-care/aspca-poison-control/toxic-and-non-toxic-plants/linden
tolmeia menziesii,Tolmeia menziesii,Piggy Back Plant,false,false,,,Non-Toxic,"Pick-a-back plant, Mother of Thousands, Curiosity plant",https://www.aspca.org/pet-care/aspca-poison-control/toxic-and-non-toxic-plants/piggy-back-plant
townsendia sericea,Townsendia sericea,Easter Daisy,false,false,false,,Non-toxic,,https://www.aspca.org/pet-care/aspca-poison-control/toxic-and-non-toxic-plants/easter-daisy
toxicodendron species,Toxicodendron species,Poison Ivy,false,false,false,Pets can get oils on their coat and expose humans.,Urushiol,"poison oak, poison sumac",https://www.aspca.org/pet-care/aspca-poison-control/toxic-and-non-toxic-plants/poison-ivy
trachelospermum jasminoides,Trachelospermum jasminoides,Confederate Jasmine,false,false,false,,,Star Jasmine,https://www.aspca.org/pet-care/aspca-poison-control/toxic-and-non-toxic-plants/confederate-jasmine
trachycarpus fortunei,Trachycarpus fortunei,Fortunes Palm,false,false,false,,Non-toxic,Chusan palm,https://www.aspca.org/pet-care/aspca-poison-control/toxic-and-non-toxic-plants/fortunes-palm
tradescantia flumeninsis,Tradescantia flumeninsis,Inch Plant,true,true,true,Dermatitis,,Speedy Henry,https://www.aspca.org/pet-care/aspca-poison-control/toxic-and-non-toxic-plants/inch-plant
tradescantia multiflora,tradescantia multiflora,Tahitian Bridal Veil,true,true,,Can cause mild gastrointestinal signs and dermatitis.,,Gibasis Geniculata,https://www.aspca.org/pet-care/aspca-poison-control/toxic-and-non-toxic-plants/tahitian-bridal-veil
trifolium hybridum,Trifolium hybridum,Alsike Clover,,,true,"""Dew poisoning"" - sunburn, skin ulcers; ""Big liver disease"" - liver failure",Unknown,,https://www.aspca.org/pet-care/aspca-poison-control/toxic-and-non-toxic-plants/alsike-clover
tropaeolum majus,Tropaeolum majus,Nasturtium,false,false,false,No records of toxic ingestion from this plant.,Non-toxic,"Nose-Twister, Nose-Tweaker",https://www.aspca.org/pet-care/aspca-poison-control/toxic-and-non-toxic-plants/nasturtium
tsuga canadensis,Tsuga canadensis,Canada Hemlock,false,false,false,,,,https://www.aspca.org/pet-care/aspca-poison-control/toxic-and-non-toxic-plants/canada-hemlock
tsuga caroliniana,Tsuga caroliniana,Carolina Hemlock,false,false,false,,,,https://www.aspca.org/pet-care/aspca-poison-control/toxic-and-non-toxic-plants/carolina-hemlock
tsuga species,Tsuga species,Hemlock Tree,false,false,false,,Non-toxic,Many varieties,https://www.aspca.org/pet-care/aspca-poison-control/toxic-and-non-toxic-plants/hemlock-tree
tulipa,Tulipa spp.,Tulip,true,true,true,"Vomiting, depression, diarrhea, hypersalivation. Highest concentration of toxin in bulb.",Tulipalin A and B,,https://www.aspca.org/pet-care/aspca-poison-control/toxic-and-non-toxic-plants/tulip
vallota speciosa,Vallota speciosa,Scarborough Lily,false,false,false,,,,https://www.aspca.org/pet-care/aspca-poison-control/toxic-and-non-toxic-plants/scarborough-lily
veitchia merillii,Veitchia merillii,Dwarf Royal Palm,false,false,,,Non-toxic,,https://www.aspca.org/pet-care/aspca-poison-control/toxic-and-non-toxic-plants/dwarf-royal-palm
veitchia merrillii,Veitchia merrillii,Manila Palm,false,false,,,,"Dwarf Royal Palm, Christmas Palm",https://www.aspca.org/pet-care/aspca-poison-control/toxic-and-non-toxic-plants/manila-palm
viburnum lentago,Viburnum lentago,Black Haw,false,false,false,,,"Wild Raisin, Tea Plant, Cowberry, Nannyberry, Sweet Viburnum, Nanny Plum, Sheepberry, Sweetberry",https://www.aspca.org/pet-care/aspca-poison-control/toxic-and-non-toxic-plants/black-haw
vinca rosea,Vinca rosea,Periwinkle,true,true,true,"Vomiting, diarrhea, low blood pressure, depression, tremors, seizures, coma, death.",Vinca Alkaloids,Running Myrtle. Vinca,https://www.aspca.org/pet-care/aspca-poison-control/toxic-and-non-toxic-plants/periwinkle
wisteria,Wisteria spp.,Wisteria,true,true,true,"Vomiting (sometimes with blood), diarrhea, depression","Lectin, wisterin glycoside",,https://www.aspca.org/pet-care/aspca-poison-control/toxic-and-non-toxic-plants/wisteria
yucca,Yucca spp.,Yucca,true,true,true,"Dogs, cats: Vomiting; Horses: liver disease, dermatitis",Saponins,,https://www.aspca.org/pet-care/aspca-poison-control/toxic-and-non-toxic-plants/yucca
zamia,Zamia spp.,Cardboard Palm,true,true,true,"Vomiting (may be bloody), dark stools, jaundice, increased thirst, bloody diarrhea, bruising, liver failure, death. 1-2 seeds can be fatal.","Cycasin, B-methylamino-l-alanine, unidentified neurotoxin (cattle)",cycads and zamias,https://www.aspca.org/pet-care/aspca-poison-control/toxic-and-non-toxic-plants/cardboard-palm
zamia furfuracea,Zamia furfuracea,Cardboard Cycad,true,true,true,"Vomiting (may be bloody), dark stools, jaundice, increased thirst, bloody diarrhea, bruising, liver failure, death. 1-2 seeds can be fatal.","Cycasin, B-methylamino-l-alanine, unidentified neurotoxin (cattle)",,https://www.aspca.org/pet-care/aspca-poison-control/toxic-and-non-toxic-plants/cardboard-cycad
zamia pumila,Zamia pumila,Coontie Palm,true,true,true,"Vomiting (may be bloody), dark stools, jaundice, increased thirst, bloody diarrhea, bruising, liver failure, death. 1-2 seeds can be fatal.","Cycasin, B-methylamino-l-alanine, unidentified neurotoxin (cattle)","Sago Palm, Cardboard Palm, cycads and zamias",https://www.aspca.org/pet-care/aspca-poison-control/toxic-and-non-toxic-plants/coontie-palm
zantedeschia aethiopica,Zantedeschia aethiopica,Arum Lily,true,true,true,"Oral irritation, pain and swelling of mouth, tongue and lips, excessive drooling, vomiting (not horses), difficulty swallowing",Insoluble calcium oxalates,"Calla Lily, Pig Lily, White Arum, Trumpet Lily, Florist's Calla, Garden Calla",https://www.aspca.org/pet-care/aspca-poison-control/toxic-and-non-toxic-plants/arum-lily
zephyranthes drummondii,Zephyranthes drummondii,Prairie Lily,false,false,,,Non-toxic,"giant rain lily, hill country rain lily",https://www.aspca.org/pet-care/aspca-poison-control/toxic-and-non-toxic-plants/prairie-lily
zinnia species,Zinnia species,Zinnia,false,false,false,,,,https://www.aspca.org/pet-care/aspca-poison-control/toxic-and-non-toxic-plants/zinnia
