연번,국명,학명,과국명,과명,개화기시작(월),결실기(월),보호식물여부,특산식물여부,크기
1,실새삼,Cuscuta australis R.Br.,메꽃과,Convolvulaceae,7,8,N,N,길이 50cm 내외이다.
2,갯실새삼,Cuscuta chinensis Lam.,메꽃과,Convolvulaceae,7,8,N,N,줄기의 길이가 1m에 이른다.
3,애기메꽃,Calystegia hederacea Wall.,메꽃과,Convolvulaceae,6,8,N,N,길이가 20-70cm 정도로 자란다.
4,큰메꽃,Calystegia sepium (L.) R.Br.,메꽃과,Convolvulaceae,6,8,N,N,길이가 20-70cm정도로 자란다.
5,선메꽃,Calystegia dahurica (Herb.) Choisy,메꽃과,Convolvulaceae,6,8,N,N,높이가 60cm 정도이다.
6,갯메꽃,Calystegia soldanella (L.) Roem. & Schultb.,메꽃과,Convolvulaceae,5,6,N,N,"길이는2~3cm, 폭은 3~5cm."
7,방울꽃,Strobilanthes oliganthus Miq.,쥐꼬리망초과,Acanthaceae,9,9,N,N,높이 30~60cm이다.
8,쥐꼬리망초,Justicia procumbens L.,쥐꼬리망초과,Acanthaceae,7,9,N,N,높이 30cm이다.
9,물잎풀,Hygrophila salicifolia (Vahl) Nees,쥐꼬리망초과,Acanthaceae,9,9,N,N,높이 30-60cm.
10,애기도라지,Wahlenbergia marginata (Thunb.) A.DC.,초롱꽃과,Campanulaceae,6,8,N,N,높이 20~40cm이다.
11,겹도라지,Platycodon grandiflorus var. duplex Makino,초롱꽃과,Campanulaceae,7,8,N,N,높이 40-100cm
12,도라지,Platycodon grandiflorus (Jacq.) A.DC.,초롱꽃과,Campanulaceae,7,8,N,N,높이 40~100cm
13,흰겹도라지,Platycodon grandiflorus var. duplex f. leucanthum H. Hara,초롱꽃과,Campanulaceae,7,8,N,N,높이 40-100cm
14,백도라지,Platycodon grandiflorus f. albiflorum (Honda) H. Hara,초롱꽃과,Campanulaceae,7,8,N,N,높이 40-100cm
15,홍노도라지,Peracarpa carnosa var. circaeoides (F.Schmidt ex Miq.) Makino,초롱꽃과,Campanulaceae,4,8,N,N,높이는 5-15㎝
16,수염가래꽃,Lobelia chinensis Lour.,초롱꽃과,Campanulaceae,5,8,N,N,높이는 3~15cm내외이다.
17,숫잔대,Lobelia sessilifolia Lamb.,초롱꽃과,Campanulaceae,7,8,N,N,높이가 50-100cm정도이다.
18,흰금강초롱꽃,Hanabusaya asiatica f. alba T.B.Lee,초롱꽃과,Campanulaceae,8,9,N,N,높이 30-90㎝이다.
19,검산초롱꽃,Hanabusaya latisepala Nakai,초롱꽃과,Campanulaceae,8,9,N,Y,높이는 약 70㎝정도이다.
20,금강초롱꽃,Hanabusaya asiatica (Nakai) Nakai,초롱꽃과,Campanulaceae,8,10,Y,Y,높이 30~90cm
21,푸른더덕,Codonopsis lanceolata f. emaculata (Honda) H. Hara,초롱꽃과,Campanulaceae,8,9,N,N,덩굴의 길이 2m
22,더덕,Codonopsis lanceolata (Siebold & Zucc.) Benth. & Hook.f. ex Trautv.,초롱꽃과,Campanulaceae,8,9,N,N,길이 2m 이상이다.
23,만삼,Codonopsis pilosula (Franch.) Nannf.,초롱꽃과,Campanulaceae,7,8,Y,N,줄기가 1-2m로 자란다.
24,초롱꽃,Campanula punctata Lam.,초롱꽃과,Campanulaceae,6,8,N,N,높이 40-100cm정도이다.
25,흰자주꽃방망이,Campanula glomerata f. alba Nakai ex T.B.Lee,초롱꽃과,Campanulaceae,7,8,N,N,높이 40-100cm
26,섬초롱꽃,Campanula takesimana Nakai,초롱꽃과,Campanulaceae,7,9,Y,Y,높이가 30-100cm이다.
27,자주꽃방망이,Campanula glomerata var. dahurica Fisch. ex Ker Gawl.,초롱꽃과,Campanulaceae,7,8,Y,N,높이가 40-100cm 정도이다.
28,영아자,Asyneuma japonicum (Miq.) Briq.,초롱꽃과,Campanulaceae,7,9,N,N,높이 50~100cm이다.
29,꽃잔대,Adenophora koreana Kitam.,초롱꽃과,Campanulaceae,8,9,N,Y,높이 50~100cm이다.
30,수원잔대,Adenophora polyantha Nakai,초롱꽃과,Campanulaceae,8,9,N,N,높이 50cm
31,금강잔대,Adenophora pulchra Kitam.,초롱꽃과,Campanulaceae,8,9,N,Y,높이는 50∼70cm이다.
32,모시대,Adenophora remotiflora (Siebold & Zucc.) Miq.,초롱꽃과,Campanulaceae,8,9,N,N,높이 40~100cm
33,층층잔대,Adenophora verticillata Fisch.,초롱꽃과,Campanulaceae,7,9,N,N,높이 40~120cm이다.
34,흰도라지모시대,Adenophora grandiflora f. alba T.B.Lee,초롱꽃과,Campanulaceae,8,8,N,N,높이 70cm
35,흰모시대,Adenophora remotiflora f. leucantha Honda,초롱꽃과,Campanulaceae,8,9,N,N,높이 40-100cm
36,섬잔대,Adenophora taquetii H.L?v.,초롱꽃과,Campanulaceae,7,8,Y,Y,높이 약 20cm 정도
37,가는층층잔대,Adenophora verticillata var. angustifolia Regel,초롱꽃과,Campanulaceae,8,9,N,N,높이는 약 80cm이다.
38,도라지모시대,Adenophora grandiflora Nakai,초롱꽃과,Campanulaceae,8,8,Y,N,높이가 70cm정도로 자란다.
39,흰톱잔대,Adenophora curvidens f. alba Y.N.Lee,초롱꽃과,Campanulaceae,8,9,N,N,높이 50cm 가량.
40,톱잔대,Adenophora curvidens Nakai,초롱꽃과,Campanulaceae,8,9,N,N,높이 50cm가량.
41,넓은잔대,Adenophora divaricata Franch. & Sav.,초롱꽃과,Campanulaceae,8,9,N,N,높이 90cm
42,진퍼리잔대,Adenophora palustris Kom.,초롱꽃과,Campanulaceae,8,8,Y,N,키는 70㎝
43,왕잔대,Adenophora tyosenensis Nakai ex T.H.Chung,초롱꽃과,Campanulaceae,8,8,N,N,높이는 1m이다.
44,털잔대,Adenophora verticillata var. hirsuta F.Schmidt,초롱꽃과,Campanulaceae,8,9,N,N,높이 50~100cm이다.
45,둥근잔대,Adenophora coronopifolia Fisch.,초롱꽃과,Campanulaceae,8,8,N,N,높이 15㎝
46,당잔대,Adenophora stricta Miq.,초롱꽃과,Campanulaceae,7,9,N,N,높이가 60-100cm이다.
47,잔대,Adenophora triphylla var. japonica (Regel) H. Hara,초롱꽃과,Campanulaceae,7,9,N,N,높이 40~120cm이다.
48,두메잔대,Adenophora lamarckii Fisch.,초롱꽃과,Campanulaceae,8,8,N,N,높이 20-40㎝정도
49,그늘모시대,"Adenophora remotiflora (Siebold & Zucc.) Miq. var. hirticalyx S.T.Lee, Y.Chung & J.K.Lee",초롱꽃과,Campanulaceae,8,10,N,N,높이 70~120cm
50,꽝꽝나무,Ilex crenata Thunb.,감탕나무과,Aquifoliaceae,5,6,N,N,높이 3m.
51,감탕나무,Ilex integra Thunb.,감탕나무과,Aquifoliaceae,3,4,N,N,높이 10m.
52,먼나무,Ilex rotunda Thunb.,감탕나무과,Aquifoliaceae,5,6,N,N,높이 10m.
53,대팻집나무,Ilex macropoda Miq.,감탕나무과,Aquifoliaceae,5,5,N,N,"높이 15m, 지름 30cm."
54,민대팻집나무,Ilex macropoda f. pseudomacropoda (Loes.) H. Hara,감탕나무과,Aquifoliaceae,5,5,N,N,"수고 15m 내외, 직경 30cm ."
55,호랑가시나무,Ilex cornuta Lindl. & Paxton,감탕나무과,Aquifoliaceae,4,5,Y,N,높이 2 ~ 3m.
56,좀꽝꽝나무,Ilex crenata var. microphylla Maxim. ex Matsum.,감탕나무과,Aquifoliaceae,5,6,N,N,높이 3m까지 자란다.
57,고추나무,Staphylea bumalda DC.,고추나무과,Staphyleaceae,5,6,N,N,높이 3~5m.
58,말오줌때,Euscaphis japonica (Thunb.) Kanitz,고추나무과,Staphyleaceae,5,5,N,N,높이 5~6m.
59,긴잎회양목,Buxus koreana f. elongata (Nakai) Kim & Kim,회양목과,Buxaceae,4,5,N,N,수고 7m에 달한다.
60,회양목,Buxus sinica (Rehder & E.H.Wilson) M.Cheng var. insularis (Nakai) M.Cheng,회양목과,Buxaceae,3,4,N,Y,높이 7m.
61,섬회양목,Buxus koreana f. insularis (Nakai) Kim & Kim,회양목과,Buxaceae,4,4,N,N,높이 7m.
62,미역줄나무,Tripterygium regelii Sprague & Takeda,노박덩굴과,Celastraceae,6,7,N,N,길이 2m.
63,당회잎나무,Euonymus alatus f. apterus (Regel) Rehder,노박덩굴과,Celastraceae,5,6,N,N,높이 3m 정도.
64,털화살나무,Euonymus alatus (Thunb.) Siebold f. pilosus (O.Loes. & Rehder) Ohwi,노박덩굴과,Celastraceae,5,6,N,N,높이 3m 정도
65,참빗살나무,Euonymus hamiltonianus Wall.,노박덩굴과,Celastraceae,5,6,N,N,높이 8m.
66,회목나무,Euonymus pauciflorus Maxim.,노박덩굴과,Celastraceae,6,7,N,N,높이 2m.
67,화살나무,Euonymus alatus (Thunb.) Siebold,노박덩굴과,Celastraceae,5,6,N,N,높이 3m.
68,섬회나무,Euonymus nitidus Benth.,노박덩굴과,Celastraceae,5,6,Y,N,높이 5m.
69,좁은잎참빗살나무,Euonymus hamiltonianus var. maackii (Rupr.) Kom.,노박덩굴과,Celastraceae,6,6,N,N,수고 10m에 달한다.
70,사철나무,Euonymus japonicus Thunb.,노박덩굴과,Celastraceae,6,7,N,N,높이 3m.
71,회나무,Euonymus sachalinensis (F.Schmidt) Maxim.,노박덩굴과,Celastraceae,6,7,N,N,높이가 4m 가량 된다.
72,회잎나무,Euonymus alatus (Thunb.) Siebold f. ciliato-dentatus (Franch. & Sav.) Hiyama,노박덩굴과,Celastraceae,5,6,N,N,높이 3m.
73,좀참빗살나무,Euonymus hamiltonianus Wall. var. maackii (Rupr.) Kom.,노박덩굴과,Celastraceae,6,6,N,N,높이는 1~5m 정도로 자란다.
74,나래회나무,Euonymus macropterus Rupr.,노박덩굴과,Celastraceae,6,7,N,N,높이 10m.
75,줄사철나무,Euonymus fortunei (Turcz.) Hand.-Mazz. var. radicans (Siebold ex Miq.) Rehder,노박덩굴과,Celastraceae,5,6,N,N,길이 10m 이상.
76,개노박덩굴,Celastrus orbiculatus Thunb. var. strigillosus (Nakai) Makino,노박덩굴과,Celastraceae,5,6,N,N,길이 10m.
77,노박덩굴,Celastrus orbiculatus Thunb.,노박덩굴과,Celastraceae,5,6,N,N,길이 10m.
78,털노박덩굴,Celastrus stephanotiifolius Makino,노박덩굴과,Celastraceae,5,5,N,N,"길이 10m, 직경 20㎝에 이른다."
79,푼지나무,Celastrus flagellaris Rupr.,노박덩굴과,Celastraceae,6,6,N,N,길이가 5m 정도로 자란다.
80,덤불노박덩굴,Celastrus orbculatus var. sylvestris (Siebold) Nakai ex Mori,노박덩굴과,Celastraceae,5,6,N,N,길이 10m.
81,해변노박덩굴,Celastrus orbiculatus Thunb. var. punctata (Thunb.) Rehder,노박덩굴과,Celastraceae,5,6,N,N,길이 10m.
82,좁은해홍나물,Suaeda heteroptera Kitag.,명아주과,Chenopodiaceae,8,9,N,N,높이 20~50cm이다.
83,칠면초,Suaeda japonica Makino,명아주과,Chenopodiaceae,8,9,N,N,높이 15-50cm.
84,해홍나물,Suaeda maritima (L.) Dumort.,명아주과,Chenopodiaceae,7,8,N,N,높이가 30-50cm 정도로 자란다.
85,솔장다리,Salsola collina Pall.,명아주과,Chenopodiaceae,7,8,N,N,높이가 30cm에 이른다.
86,수송나물,Salsola komarovii Iljin,명아주과,Chenopodiaceae,7,8,N,N,길이 10-40cm로 자란다.
87,퉁퉁마디,Salicornia europaea L.,명아주과,Chenopodiaceae,8,9,N,N,높이 10~30cm이다.
88,갯댑싸리,Kochia scoparia var. littorea Makino,명아주과,Chenopodiaceae,7,8,N,N,높이 1m정도에 이른다.
89,장다리나물,Corispermum puberulum f. lissocarpum (Kitag.) Kitag.,명아주과,Chenopodiaceae,8,9,N,N,높이 30~60cm이다.
90,호모초,Corispermum stauntonii Moq.,명아주과,Chenopodiaceae,7,8,N,N,높이가 50cm 정도로 자란다.
91,둥근잎명아주,Chenopodium acuminatum Willd.,명아주과,Chenopodiaceae,5,8,N,N,높이 20~60cm이다.
92,바늘명아주,Chenopodium aristatum L.,명아주과,Chenopodiaceae,7,8,Y,N,높이 10-40cm
93,호주명아주,Chenopodium carinatum R.Br.,명아주과,Chenopodiaceae,7,8,N,N,높이 30-40㎝
94,참명아주,Chenopodium koraiense Nakai,명아주과,Chenopodiaceae,7,8,N,N,높이 60cm.
95,청명아주,Chenopodium bryoniaefolium Bunge,명아주과,Chenopodiaceae,7,8,N,N,높이가 50-100cm 정도로 자란다.
96,명아주,Chenopodium album var. centrorubrum Makino,명아주과,Chenopodiaceae,6,7,N,N,높이 약 1-2m 내외이다.
97,가는명아주,Chenopodium album var. stenophyllum Makino,명아주과,Chenopodiaceae,6,7,N,N,높이가 30~60cm로 자란다.
98,나도댑싸리,Axyris amaranthoides L.,명아주과,Chenopodiaceae,7,8,N,N,높이는 80cm정도이다.
99,가는갯능쟁이,Atriplex gmelinii C.A.Mey. ex Bong.,명아주과,Chenopodiaceae,7,8,N,N,높이 30-50cm 정도로 자란다.
100,갯는쟁이,Atriplex subcordata Kitag.,명아주과,Chenopodiaceae,7,8,N,N,높이 40-60cm
101,번행초,Tetragonia tetragonoides (Pall.) Kuntze,번행초과,Aizoaceae,4,11,N,N,높이 60cm이다.
102,눈비름,Amaranthus deflexus L.,비름과,Amaranthaceae,8,10,N,N,높이가 10-30cm 정도로 자란다.
103,비름,Amaranthus mangostanus L.,비름과,Amaranthaceae,7,7,N,N,높이 약 1m 이다.
104,쇠무릎,Achyranthes japonica (Miq.) Nakai,비름과,Amaranthaceae,8,9,N,N,높이 50-100cm이다.
105,섬자리공,Phytolacca insularis Nakai,자리공과,Phytolaccaceae,5,6,Y,Y,높이가 1-2m정도로 자란다.
106,쇠비름,Portulaca oleracea L.,쇠비름과,Portulacaceae,6,9,N,N,높이 약 30cm.
107,갯별꽃,Honckenya peploides var. major Hook. ex Ohwi,석죽과,Caryophyllaceae,6,8,N,N,높이가 30-40cm 가량 된다.
108,대나물,Gypsophila oldhamiana Miq.,석죽과,Caryophyllaceae,6,7,N,N,높이가 50-100cm정도로 자란다.
109,가는대나물,Gypsophila pacifica Kom.,석죽과,Caryophyllaceae,6,7,Y,N,높이 50-100cm정도에 이른다.
110,장백패랭이꽃,Dianthus repens Willd.,석죽과,Caryophyllaceae,7,8,N,N,높이 20~25cm이다.
111,패랭이꽃,Dianthus chinensis L.,석죽과,Caryophyllaceae,6,8,N,N,높이가 30cm정도에 이른다.
112,술패랭이꽃,Dianthus longicalyx Miq.,석죽과,Caryophyllaceae,7,8,N,N,높이가 30-100cm로 자란다.
113,수염패랭이꽃,Dianthus barbatus L.,석죽과,Caryophyllaceae,6,8,N,N,높이가 30-50cm로 자란다.
114,갯패랭이꽃,Dianthus japonicus Thunb.,석죽과,Caryophyllaceae,7,8,N,N,높이가 20-50cm정도로 자란다.
115,구름패랭이꽃,Dianthus superbus var. alpestris Kablik. ex Celak.,석죽과,Caryophyllaceae,7,8,N,N,높이 10-30㎝
116,흰패랭이꽃,Dianthus chinensis f. albiflora T.B.Lee,석죽과,Caryophyllaceae,6,8,N,N,높이 30㎝내외
117,섬패랭이꽃,Dianthus littorosus Makino ex Nakai,석죽과,Caryophyllaceae,10,10,N,N,높이 30㎝가량
118,흰술패랭이꽃,Dianthus superbus var. longicalycinus f. albiflorus Y.N.Lee,석죽과,Caryophyllaceae,7,8,N,N,높이 1m 내외
119,덩굴별꽃,Cucubalus baccifer var. japonicus Miq.,석죽과,Caryophyllaceae,7,8,N,N,덩굴의 길이가 1.7m에 이른다.
120,자주덩굴별꽃,Cucubalus baccifer f. atropurpureus Nakai,석죽과,Caryophyllaceae,7,8,N,N,덩굴의 길이가 1.7m에 이른다.
121,각시통점나도나물,Cerastium pauciflorum var. amurense (Regel) Mizush.,석죽과,Caryophyllaceae,5,6,N,N,높이 30~50cm이다.
122,점나도나물,Cerastium holosteoides var. hallaisanense (Nakai) Mizush.,석죽과,Caryophyllaceae,5,7,N,N,높이가 15-25cm로 자란다.
123,북선점나도나물,Cerastium rubescens var. koreanum (Nakai) Miki,석죽과,Caryophyllaceae,7,8,N,N,높이가 30-50cm정도에 이른다.
124,털점나도나물,Cerastium pauciflorum Stev. ex Ser.,석죽과,Caryophyllaceae,5,6,N,N,높이 30-50cm
125,북점나도나물,Cerastium holosteoides Fries,석죽과,Caryophyllaceae,5,7,N,N,높이 15-25cm
126,큰점나도나물,Cerastium fischerianum Ser.,석죽과,Caryophyllaceae,5,6,N,N,높이는 30cm정도이다.
127,벼룩이자리,Arenaria serpyllifolia L.,석죽과,Caryophyllaceae,4,5,N,N,높이가 10~25cm가량 된다.
128,관모개미자리,Arenaria capillaris Poir.,석죽과,Caryophyllaceae,8,8,N,N,높이가 9cm가량 된다.
129,벼룩이울타리,Arenaria juncea M.Bieb.,석죽과,Caryophyllaceae,7,8,N,N,높이가 50cm정도로 자란다.
130,실별꽃,Stellaria filicaulis Makino,석죽과,Caryophyllaceae,6,7,N,N,높이 30cm.
131,큰별꽃,Stellaria bungeana Fenzl,석죽과,Caryophyllaceae,6,7,N,N,높이 30~60cm이다.
132,왕별꽃,Stellaria radians L.,석죽과,Caryophyllaceae,7,7,N,N,높이 50-80cm로 자란다.
133,애기가지별꽃,Stellaria diffusa Willd. ex Schltdl.,석죽과,Caryophyllaceae,6,7,N,N,높이 30cm 이상에 달한다.
134,벼룩나물,Stellaria alsine var. undulata (Thunb.) Ohwi,석죽과,Caryophyllaceae,4,5,N,N,높이가 15-25cm에 달한다.
135,긴잎별꽃,Stellaria longifolia Muhl. ex Willd.,석죽과,Caryophyllaceae,7,8,Y,N,높이 20-40cm
136,별꽃,Stellaria media (L.) Vill.,석죽과,Caryophyllaceae,5,6,N,N,길이 10~20cm.
137,쇠별꽃,Stellaria aquatica (L.) Scop.,석죽과,Caryophyllaceae,7,8,N,N,높이 20~50cm 내외이다.
138,갯개미자리,Spergularia marina (L.) Besser,석죽과,Caryophyllaceae,5,8,N,N,높이가 10-20cm정도이다.
139,분홍장구채,Silene capitata Kom.,석죽과,Caryophyllaceae,10,11,Y,N,높이가 30cm정도로 자란다.
140,끈끈이장구채,Silene koreana Kom.,석죽과,Caryophyllaceae,7,8,Y,N,높이 90cm
141,호산장구채,Silene foliosa Maxim.,석죽과,Caryophyllaceae,7,8,N,N,높이 20-30㎝
142,흰장구채,Silene oliganthella Nakai,석죽과,Caryophyllaceae,7,8,N,N,높이 12-25cm
143,가는다리장구채,Silene jenisseensis Willd.,석죽과,Caryophyllaceae,7,8,Y,N,높이가 25cm에 달한다.
144,장구채,Silene firma Siebold & Zucc.,석죽과,Caryophyllaceae,7,7,N,N,높이가 30-80cm정도로 자란다.
145,말냉이장구채,Silene noctiflora L.,석죽과,Caryophyllaceae,7,8,N,N,높이가 50cm정도로 자란다.
146,오랑캐장구채,Silene repens Patrin,석죽과,Caryophyllaceae,6,7,N,N,높이가 10-60cm정도에 이른다.
147,층층장구채,Silene macrostyla Maxim.,석죽과,Caryophyllaceae,7,8,N,N,높이가 1m
148,가는장구채,Silene seoulensis Nakai,석죽과,Caryophyllaceae,7,8,N,N,높이가 50cm정도에 이른다.
149,갯장구채,Silene aprica var. oldhamiana (Miq.) C.Y.Wu,석죽과,Caryophyllaceae,5,6,N,N,높이가 50cm정도로 자란다.
150,한라장구채,Silene fasciculata Nakai,석죽과,Caryophyllaceae,6,8,Y,Y,높이 20cm
151,애기장구채,Silene aprica Turcz. ex Fisch. & C.A.Mey.,석죽과,Caryophyllaceae,5,6,N,N,높이 25-50cm정도로 자란다.
152,울릉장구채,Silene takeshimensis Uyeki & Sakata,석죽과,Caryophyllaceae,6,8,N,Y,높이 20-50cm
153,개미자리,Sagina japonica (Sw.) Ohwi,석죽과,Caryophyllaceae,6,8,N,N,높이 2-20cm에 달한다.
154,수개미자리,Sagina maxima f. crassicaulis (S.Watson) Mizush.,석죽과,Caryophyllaceae,5,8,N,N,높이 5~25cm이다. 
155,큰개미자리,Sagina maxima A. Gray,석죽과,Caryophyllaceae,5,8,N,N,높이가 5-25cm정도 된다.
156,덩굴개별꽃,Pseudostellaria davidii (Franch.) Pax,석죽과,Caryophyllaceae,5,6,N,N,높이가 15cm정도에 이른다.
157,긴개별꽃,Pseudostellaria japonica (Korsh.) Pax,석죽과,Caryophyllaceae,5,5,Y,N,높이가 15-30cm가량 된다.
158,참개별꽃,Pseudostellaria coreana (Nakai) Ohwi,석죽과,Caryophyllaceae,5,5,N,Y,높이가 25cm정도로 자란다.
159,개별꽃,Pseudostellaria heterophylla (Miq.) Pax,석죽과,Caryophyllaceae,5,5,N,N,높이 8~12cm
160,큰개별꽃,Pseudostellaria palibiniana (Takeda) Ohwi,석죽과,Caryophyllaceae,4,6,N,N,높이 10~20cm정도로 자란다.
161,덩이뿌리개별꽃,Pseudostellaria bulbosa (Nakai) Nakai,석죽과,Caryophyllaceae,5,5,N,Y,높이 20cm에 달한다.
162,숲개별꽃,Pseudostellaria setulosa Ohwi,석죽과,Caryophyllaceae,5,7,N,N,높이가 15-30cm정도이다.
163,가는잎개별꽃,Pseudostellaria sylvatica (Maxim.) Pax,석죽과,Caryophyllaceae,5,7,Y,N,높이 15~30cm이다.
164,개벼룩,Moehringia lateriflora (L.) Fenzl,석죽과,Caryophyllaceae,6,7,Y,N,높이가 10~20cm 정도로 자란다.
165,나도개미자리,Minuartia arctica (Steven ex Seringe) Graebn.,석죽과,Caryophyllaceae,7,8,N,N,높이가 5cm가량 된다.
166,삼수개미자리,Minuartia verna var. coreana (Nakai) H. Hara,석죽과,Caryophyllaceae,7,8,N,N,높이가 10-20cm가량 된다.
167,너도개미자리,Minuartia laricina (L.) Mattf.,석죽과,Caryophyllaceae,7,10,N,N,높이가 10cm에 이른다.
168,차일봉개미자리,Minuartia macrocarpa var. koreana (Nakai) H. Hara,석죽과,Caryophyllaceae,7,8,N,N,높이가 3-5cm정도이다.
169,,Minuartia verna var. leptophylla Nakai,석죽과,Caryophyllaceae,7,8,N,N,높이가 10-20cm가량 된다.
170,제비동자꽃,Lychnis wilfordii (Regel) Maxim.,석죽과,Caryophyllaceae,7,8,Y,N,높이가 약 50-80cm가량 자란다.
171,동자꽃,Lychnis cognata Maxim.,석죽과,Caryophyllaceae,7,8,N,N,높이 40~100cm정도에 이른다.
172,흰동자꽃,Lychnis cognata f. albiflora W.T.Lee,석죽과,Caryophyllaceae,7,8,N,N,높이 약 1m
173,털동자꽃,Lychnis fulgens Fisch. ex Spreng.,석죽과,Caryophyllaceae,7,8,N,N,높이가 50-70cm에 이른다.
174,가는동자꽃,Lychnis kiusiana Makino,석죽과,Caryophyllaceae,7,8,Y,N,높이가 60-100cm정도에 이른다.
175,암매,Diapensia lapponica L. var. obovata F.Schmidt,암매과,Diapensiaceae,6,7,Y,N,3~5cm
176,구름체꽃,Scabiosa tschiliensis f. alpina (Nakai) W.T.Lee,산토끼꽃과,Dipsacaceae,8,8,Y,N,높이 50-90cm
177,솔체꽃,Scabiosa tschiliensis Gruning,산토끼꽃과,Dipsacaceae,7,9,N,N,높이 50~90cm이며
178,체꽃,Scabiosa tschiliensis f. pinnata (Nakai) W.T.Lee,산토끼꽃과,Dipsacaceae,8,8,N,N,높이 50-90cm로 자란다.
179,민둥체꽃,Scabiosa tschiliensis f. zuikoensis (Nakai) W.T.Lee,산토끼꽃과,Dipsacaceae,8,8,N,N,높이 50-90cm
180,산토끼꽃,Dipsacus japonicus Miq.,산토끼꽃과,Dipsacaceae,8,8,Y,N,높이 1m이상이다.
181,긴잎쥐오줌풀,Valeriana dageletiana var. integra (Nakai) Nakai ex F.Maek.,마타리과,Valerianaceae,5,8,N,N,높이 40-80cm이다.
182,넓은잎쥐오줌풀,Valeriana dageletiana Nakai ex F.Maek.,마타리과,Valerianaceae,6,7,N,Y,높이 35~100cm이다.
183,광릉쥐오줌풀,Valeriana fauriei var. dasycarpa Hara,마타리과,Valerianaceae,5,8,N,N,높이 40-80cm.
184,쥐오줌풀,Valeriana fauriei Briq.,마타리과,Valerianaceae,5,8,N,N,높이 40~80cm
185,설령쥐오줌풀,Valeriana amurensis P.A.Smirn. ex Kom.,마타리과,Valerianaceae,6,7,N,N,높이가 70-90(140)cm정도이다.
186,좀쥐오줌,Valeriana fauriei f. coreana (Briq.) Hara,마타리과,Valerianaceae,5,8,N,N,높이 30-60cm 정도.
187,돌마타리,Patrinia rupestris (Pall.) Juss.,마타리과,Valerianaceae,7,9,N,N,높이가 20-60cm이다.
188,금마타리,Patrinia saniculaefolia Hemsl.,마타리과,Valerianaceae,5,6,Y,Y,높이 30cm이다.
189,마타리,Patrinia scabiosifolia Fisch. ex Trevir.,마타리과,Valerianaceae,7,8,N,N,높이 60-150cm.
190,뚝갈,Patrinia villosa (Thunb.) Juss.,마타리과,Valerianaceae,7,8,N,N,높이 1m.
191,연복초,Adoxa moschatellina L.,연복초과,Adoxaceae,4,5,N,N,높이가 8-17cm정도로 자란다.
192,흰병꽃나무,Weigela florida f. candida (Voss) Rehder,인동과,Caprifoliaceae,5,5,N,N,높이 2-3m 정도
193,통영병꽃나무,Weigela toensis Nakai,인동과,Caprifoliaceae,6,6,N,N,높이 1~3m이다.
194,흰골병꽃나무,Weigela hortensis f. nivea Bonard,인동과,Caprifoliaceae,6,6,N,N,높이 2-3m
195,소영도리나무,Weigela praecox (Lemoine) L.H.Bailey,인동과,Caprifoliaceae,5,5,N,N,높이 2m.
196,붉은병꽃나무,Weigela florida (Bunge) A.DC.,인동과,Caprifoliaceae,5,5,N,N,높이 2 ~ 3m.
197,산소영도리나무,Weigela praecox var. pilosa (Nakai) Nakai,인동과,Caprifoliaceae,5,5,N,N,높이가 2-3m에 이른다.
198,삼색병꽃나무,Weigela florida f. subtricolor Nakai,인동과,Caprifoliaceae,5,5,N,N,높이 2-3m 정도
199,병꽃나무,Weigela subsessilis (Nakai) L.H.Bailey,인동과,Caprifoliaceae,5,5,N,Y,높이 2 ~ 3m.
200,골병꽃나무,Weigela hortensis (Siebold & Zucc.) K.Koch,인동과,Caprifoliaceae,6,6,N,N,높이 2~3m이다.
201,흰털병꽃나무,Weigela subsessilis var. mollis Uyeki,인동과,Caprifoliaceae,5,5,N,N,높이 2-3m 정도
202,색병꽃나무,Weigela florida f. alba (Carri?re) Rehder,인동과,Caprifoliaceae,5,5,N,N,높이 2-3m 정도
203,덧잎가막살나무,Viburnum wrightii Miq. var. stipellatum Nakai,인동과,Caprifoliaceae,5,6,N,N,높이 3m 정도
204,분꽃나무,Viburnum carlesii Hemsl.,인동과,Caprifoliaceae,4,5,N,N,높이 2m.
205,산분꽃나무,Viburnum burejaeticum Regel & Herder,인동과,Caprifoliaceae,5,5,Y,N,높이 5m정도로 자란다.
206,분단나무,Viburnum furcatum Blume ex Maxim.,인동과,Caprifoliaceae,5,5,N,N,높이 5m.
207,산가막살나무,Viburnum wrightii Miq.,인동과,Caprifoliaceae,5,6,N,N,높이 3m.
208,가막살나무,Viburnum dilatatum Thunb.,인동과,Caprifoliaceae,5,5,N,N,높이 3m.
209,덜꿩나무,Viburnum erosum Thunb.,인동과,Caprifoliaceae,5,5,N,N,높이 2m
210,백당나무,Viburnum opulus L. var. calvescens (Rehder) H. Hara,인동과,Caprifoliaceae,5,6,N,N,높이 3m 정도
211,배암나무,Viburnum koreanum Nakai,인동과,Caprifoliaceae,6,6,N,N,높이가 2m정도로 자란다.
212,아왜나무,Viburnum odoratissimum Ker Gawl. ex R?mpler var. awabuki (K.Koch) Zabel,인동과,Caprifoliaceae,6,6,N,N,높이 10m 정도
213,가새덜꿩나무,Viburnum erosum var. taquetii (H.L?v.) Rehder,인동과,Caprifoliaceae,5,5,N,N,높이 2m 정도
214,푸른가막살,Viburnum japonicum (Thunb.) Spreng.,인동과,Caprifoliaceae,4,5,N,N,높이 6m 정도까지 자란다.
215,말오줌나무,Sambucus sieboldiana var. pendula (Nakai) T.B.Lee,인동과,Caprifoliaceae,6,6,N,Y,높이 4 ~ 5m.
216,털딱총나무,Sambucus sieboldiana var. miquelii f. lasiocarpa T.B.Lee,인동과,Caprifoliaceae,5,5,N,N,높이 5-6m
217,덧나무,Sambucus sieboldiana (Miq.) Blume ex Graebn.,인동과,Caprifoliaceae,5,5,N,N,높이 3m.
218,털지렁쿠나무,Sambucus sieboldiana var. miquelii f. velutina T.B.Lee,인동과,Caprifoliaceae,5,5,N,N,높이 5-6m
219,딱총나무,Sambucus williamsii var. coreana (Nakai) Nakai,인동과,Caprifoliaceae,5,5,N,N,높이 3m.
220,지렁쿠나무,Sambucus sieboldiana var. miquelii (Nakai) Hara,인동과,Caprifoliaceae,5,5,N,N,높이 5 ~ 6m.
221,넓은잎딱총나무,Sambucus latipinna Nakai,인동과,Caprifoliaceae,5,5,N,N,높이는 5m 정도 된다.
222,털인동,Lonicera japonica var. repens (Siebold) Rehder,인동과,Caprifoliaceae,6,7,N,N,길이 5m까지 뻗는다.
223,물앵도나무,Lonicera ruprechtiana Regel,인동과,Caprifoliaceae,5,6,N,N,높이가 3m 에 달한다.
224,왕괴불나무,Lonicera vidalii Franch. & Sav.,인동과,Caprifoliaceae,5,6,N,N,높이 1 ~ 3m.
225,각시괴불나무,Lonicera chrysantha Turcz. ex Ledeb.,인동과,Caprifoliaceae,5,6,N,N,높이는 3~4m 정도로 자란다.
226,올괴불나무,Lonicera praeflorens Batalin,인동과,Caprifoliaceae,3,4,N,N,높이 1m.
227,길마가지나무,Lonicera harae Makino,인동과,Caprifoliaceae,4,4,N,N,높이 3m.
228,잔털인동,Lonicera japonica f. chinensis Hara,인동과,Caprifoliaceae,6,7,N,N,길이 5m까지 뻗는다.
229,흰등괴불나무,Lonicera maximowiczii var. latifolia (Ohwi) H. Hara,인동과,Caprifoliaceae,5,6,N,Y,높이 2~3m이다.
230,인동덩굴,Lonicera japonica Thunb.,인동과,Caprifoliaceae,6,7,N,N,높이 3 ~ 4m.
231,청괴불나무,Lonicera subsessilis Rehder,인동과,Caprifoliaceae,6,6,N,Y,높이 2m.
232,흰괴불나무,Lonicera tatarinowii var. leptantha (Rehder) Nakai,인동과,Caprifoliaceae,5,6,N,Y,높이가 1-1.5m정도 자란다.
233,절초나무,Lonicera chrysantha var. longipes Maxim.,인동과,Caprifoliaceae,5,6,N,N,높이 3-4m까지 자란다.
234,넓은잎산괴불,Lonicera chrysantha var. latifolia Korsh.,인동과,Caprifoliaceae,5,6,N,N,높이 3-4m까지 자란다.
235,넓은잎댕댕이,Lonicera caerulea var. longibracteata f. ovata Hara,인동과,Caprifoliaceae,5,6,N,N,높이 1.5m 정도까지 자란다.
236,털괴불나무,Lonicera subhispida Nakai,인동과,Caprifoliaceae,5,5,N,N,높이가 2m에 달한다.
237,댕댕이나무,Lonicera caerulea L.,인동과,Caprifoliaceae,5,6,Y,N,높이 1.5m.
238,괴불나무,Lonicera maackii (Rupr.) Maxim.,인동과,Caprifoliaceae,5,6,N,N,높이 5m.
239,구슬댕댕이,Lonicera vesicaria Kom.,인동과,Caprifoliaceae,5,5,N,N,높이 1.5m.
240,홍괴불나무,Lonicera maximowiczii (Rupr.) Regel,인동과,Caprifoliaceae,5,6,N,N,높이 3m 정도이다.
241,암괴불나무,Lonicera nigrum var. barbinervis (Kom.) Nakai,인동과,Caprifoliaceae,7,7,N,N,높이 1~1.5m.
242,섬괴불나무,Lonicera insularis Nakai,인동과,Caprifoliaceae,5,6,N,N,높이 5 ~ 6m.
243,산괴불나무,Lonicera chrysantha var. crassipes Nakai,인동과,Caprifoliaceae,5,6,N,N,높이 3-4m까지 자란다.
244,털산괴불나무,Lonicera chrysantha f. villosa Hort,인동과,Caprifoliaceae,5,6,N,N,높이 3-4m까지 자란다.
245,둥근잎댕댕이,Lonicera caerulea var. venulosa (Maxim.) Rehder,인동과,Caprifoliaceae,5,6,N,N,높이가 1.5m에 달한다.
246,린네풀,Linnaea borealis L.,인동과,Caprifoliaceae,7,8,N,N,높이 5-10cm 정도 된다.
247,댕강나무,Abelia mosanensis T.H.Chung ex Nakai,인동과,Caprifoliaceae,5,5,Y,N,수고 2m 정도.
248,주걱댕강나무,Abelia spathulata Siebold & Zucc.,인동과,Caprifoliaceae,5,5,Y,N,높이 1 ~ 2m.
249,줄댕강나무,Abelia tyaihyoni Nakai,인동과,Caprifoliaceae,5,5,Y,Y,높이 1m.
250,섬댕강나무,Abelia coreana var. insularis (Nakai) W.T.Lee & W.K.Paik,인동과,Caprifoliaceae,5,5,Y,N,높이 80cm.
251,좀댕강나무,Abelia serrata Siebold & Zucc.,인동과,Caprifoliaceae,5,6,Y,N,높이 1~1.5m이다.
252,감나무,Diospyros kaki Thunb.,감나무과,Ebenaceae,5,6,N,N,높이 4m
253,고욤나무,Diospyros lotus L.,감나무과,Ebenaceae,6,6,N,N,"높이 15m, 지름 50cm."
254,쪽동백나무,Styrax obassis Siebold & Zucc.,때죽나무과,Styracaceae,5,6,N,N,높이 10m.
255,때죽나무,Styrax japonicus Siebold & Zucc.,때죽나무과,Styracaceae,5,6,N,N,높이 10m.
256,좀쪽동백나무,Styrax shiraianus Makino,때죽나무과,Styracaceae,6,6,N,N,수고 10m 정도.
257,검은재나무,Symplocos prunifolia Siebold & Zucc.,노린재나무과,Symplocaceae,4,5,Y,N,수고 8m 정도
258,검노린재나무,Symplocos tanakana Nakai,노린재나무과,Symplocaceae,5,5,N,N,높이 1 ~ 5m
259,섬노린재나무,Symplocos coreana (H.L?v.) Ohwi,노린재나무과,Symplocaceae,5,6,N,N,높이 3~5m이다.
260,노린재나무,Symplocos sawafutagi Nagam.,노린재나무과,Symplocaceae,5,5,N,N,높이 1~3m.
261,매화오리나무,Clethra barbinervis Siebold & Zucc.,매화오리나무과,Clethraceae,6,6,Y,N,높이가 2-6m정도에 이른다.
262,나도수정초,Monotropastrum humile (D.Don) H.Hara,진달래과,Ericaceae,7,8,Y,N,높이 10~30cm이다.
263,노루발,Pyrola japonica Klenze ex Alef.,진달래과,Ericaceae,6,7,N,N,높이 26cm내외
264,새끼노루발,Pyrola secunda L.,진달래과,Ericaceae,7,8,N,N,높이 15cm
265,호노루발,Pyrola dahurica (Andres) Kom.,진달래과,Ericaceae,6,7,N,N,높이 23cm
266,애기노루발,Pyrola denticulata Koidz.,진달래과,Ericaceae,6,7,N,N,높이 20cm
267,분홍노루발,Pyrola asarifolia Michx. subsp. incarnata (DC.) Haber & Hir.Takah.,진달래과,Ericaceae,6,7,N,N,꽃대는 높이 20cm정도 자란다.
268,콩팥노루발,Pyrola renifolia Maxim.,진달래과,Ericaceae,6,7,N,N,높이 10~15cm 내외이다.
269,주걱노루발,Pyrola minor L.,진달래과,Ericaceae,6,8,N,N,높이 20cm내외.
270,구상난풀,Monotropa hypopithys L.,진달래과,Ericaceae,6,9,Y,N,높이가 20cm정도에 이른다.
271,너도수정초,Monotropa hypopithys var. glaberrima Hara,진달래과,Ericaceae,7,7,N,N,높이 10~20cm이다.
272,수정난풀,Monotropa uniflora L.,진달래과,Ericaceae,7,7,Y,N,높이가 10-20cm정도로 자란다.
273,홀꽃노루발,Moneses uniflora (L.) A.Gray,진달래과,Ericaceae,7,7,N,N,높이 10cm
274,매화노루발,Chimaphila japonica Miq.,진달래과,Ericaceae,5,6,N,N,높이 5~10cm
275,모새나무,Vaccinium bracteatum Thunb.,진달래과,Ericaceae,6,6,N,N,높이는 3m정도 된다.
276,산매자나무,Vaccinium japonicum Miq.,진달래과,Ericaceae,7,7,N,N,높이 30~60cm이다.
277,들쭉나무,Vaccinium uliginosum L.,진달래과,Ericaceae,5,6,Y,N,높이 1m정도 자란다.
278,월귤,Vaccinium vitis-idaea L.,진달래과,Ericaceae,5,6,Y,N,높이 20-30cm
279,산앵도나무,Vaccinium hirtum Thunb. var. koreanum (Nakai) Kitam.,진달래과,Ericaceae,5,6,N,Y,높이 1m.
280,지포나무,Vaccinium oldhamii f. glaucinum (Nakai) Kitam.,진달래과,Ericaceae,6,7,N,N,높이 2-3m
281,산들쭉나무,Vaccinium uliginosum var. alpinum Bigelow,진달래과,Ericaceae,5,6,N,N,높이 1m
282,정금나무,Vaccinium oldhamii Miq.,진달래과,Ericaceae,6,7,N,N,높이 2 ~ 3m.
283,굵은들쭉나무,Vaccinium uliginosum f. depressum Nakai ex Uyeki,진달래과,Ericaceae,5,6,N,N,높이 1m
284,넌출월귤,Vaccinium oxycoccus L.,진달래과,Ericaceae,7,7,N,N,20cm에 달한다.
285,긴들쭉나무,Vaccinium uliginosum f. ellipticum Nakai ex Uyeki,진달래과,Ericaceae,5,6,N,N,높이 1m
286,,Rhododendron lapponicum subsp. parvifolium var. alpinum (Glehn) T.Yamaz.,진달래과,Ericaceae,7,7,N,N,높이 10~15cm
287,진달래,Rhododendron mucronulatum Turcz.,진달래과,Ericaceae,4,4,N,N,높이 2 ~ 3m.
288,흰황산참꽃,Rhododendron lapponicum subsp. parvifolium f. albiflorum (Herder ex Maxim.) T.Yamaz.,진달래과,Ericaceae,5,6,N,N,높이 1-1.5m
289,흰진달래,Rhododendron mucronulatum f. albiflorum (Nakai) Okuyama,진달래과,Ericaceae,4,5,N,N,높이 2-3m이내.
290,산진달래,Rhododendron dauricum L.,진달래과,Ericaceae,4,4,Y,N,높이가 1-2m정도로 자란다.
291,꼬리진달래,Rhododendron micranthum Turcz.,진달래과,Ericaceae,6,7,Y,N,높이 1 ~ 2m.
292,만첩산철쭉,Rhododendron yedoense Maxim.,진달래과,Ericaceae,5,8,N,N,높이 1-2m에 달한다.
293,만병초,Rhododendron brachycarpum D.Don ex G.Don,진달래과,Ericaceae,7,7,Y,N,높이 4m.
294,노랑만병초,Rhododendron aureum Georgi,진달래과,Ericaceae,5,6,Y,N,높이 1m에 이른다.
295,털진달래,Rhododendron mucronulatum Turcz. var. ciliatum Nakai,진달래과,Ericaceae,5,6,N,N,높이 2-3m.
296,철쭉,Rhododendron schlippenbachii Maxim.,진달래과,Ericaceae,5,5,N,N,높이 2~ 5m.
297,흰참꽃나무,Rhododendron sobayakiense Y.Watan. & T.Yukawa var. koreanum Y.Watan. & T.Yukawa,진달래과,Ericaceae,5,5,Y,N,높이가 50cm에 달한다.
298,산철쭉,Rhododendron yedoense Maxim. f. poukhanense (H.Lev.) Sugim. ex T.Yamaz.,진달래과,Ericaceae,4,5,N,N,높이 1-2m에 달한다.
299,흰산철쭉,Rhododendron yedoense f. albflora Chang,진달래과,Ericaceae,4,5,N,N,높이 1-2m
300,흰철쭉,Rhododendron schlippenbachii f. albiflorum Y.N.Lee,진달래과,Ericaceae,5,5,N,N,높이 2-5m
301,좀참꽃,Rhododendron redowskianum Maxim.,진달래과,Ericaceae,6,7,N,N,높이 10cm정도이다.
302,참꽃나무,Rhododendron weyrichii Maxim.,진달래과,Ericaceae,5,5,N,N,높이 3 ~ 6m.
303,홍만병초,Rhododendron brachycarpum var. roseum Koidz.,진달래과,Ericaceae,7,7,N,N,높이 4m에 달한다.
304,반들진달래,Rhododendron mucronulatum Turcz. var. lucidum Nakai,진달래과,Ericaceae,4,4,N,N,높이 2-3m
305,담자리참꽃,Rhododendron lapponicum subsp. parvifolium var. alpinu (Glehn) T.Yamaz.,진달래과,Ericaceae,6,7,N,N,높이는 10∼15cm이다.
306,한라산진달래,Rhododendron mucronulatum Turcz. var. taquetii Nakai,진달래과,Ericaceae,4,4,N,N,높이 2-3m
307,황산차,Rhododendron lapponicum (L.) Wahlenb. subsp. parvifolium (Adams) T.Yamaz.,진달래과,Ericaceae,5,6,N,N,높이 1~1.5cm이다.
308,섬진달래,Rhododendron keiskei Miq. var. hypoglaucum Sut? & Suzuki,진달래과,Ericaceae,4,5,N,N,높이 30~50cm 정도로 자라며 드물게 2m까지 자라는 것도 있다.
309,가솔송,Phyllodoce caerulea (L.) Bab.,진달래과,Ericaceae,7,8,N,N,높이 10~25cm정도 자란다.
310,왕백산차,Ledum palustre var. maximum Nakai,진달래과,Ericaceae,5,6,N,N,높이 15-70cm
311,좁은백산차,Ledum palustre var. decumbens Aiton,진달래과,Ericaceae,5,6,N,N,높이 15-70cm
312,백산차,Ledum palustre var. diversipilosum Nakai,진달래과,Ericaceae,5,6,N,N,높이가 15-70cm 정도로 자란다.
313,진퍼리꽃나무,Chamaedaphne calyculata (L.) Moench,진달래과,Ericaceae,4,6,N,N,높이 30-100cm에 달한다.
314,홍월귤,Arctous ruber (Rehder & E.H.Wilson) Nakai,진달래과,Ericaceae,5,6,Y,N,키가 6-10cm 정도로 자란다.
315,애기석남,Andromeda polifolia L.,진달래과,Ericaceae,5,6,N,N,높이 10~30cm이다.
316,장지석남,Andromeda polifolia L. f. acerosa C.Hartm.,진달래과,Ericaceae,5,6,N,N,높이 10-30cm
317,시로미,Empetrum nigrum L. subsp. asiaticum (Nakai ex H.It?) Kuvaev,진달래과,Ericaceae,5,7,Y,N,높이 10 ~ 20cm.
318,청갈참나무,Quercus aliena var. pellucida Blume,참나무과,Fagaceae,5,5,N,N,"수고 25m, 직경 1m까지 자란다."
319,떡갈나무,Quercus dentata Thunb.,참나무과,Fagaceae,4,5,N,N,"높이 수고 20m, 지름 70cm."
320,졸참나무,Quercus serrata Thunb. ex Murray,참나무과,Fagaceae,4,5,N,N,"높이 23m, 지름 1m."
321,종가시나무,Quercus glauca Thunb.,참나무과,Fagaceae,4,5,N,N,높이 15m. 
322,신갈나무,Quercus mongolica Fisch. ex Ledeb.,참나무과,Fagaceae,5,6,N,N,"높이 30m, 지름 1m. "
323,깃참나무,Quercus mongolica var. liaotungensis (Koidz.) Nakai,참나무과,Fagaceae,5,5,N,N,"수고 30m, 직경 1m에 이른다."
324,상수리나무,Quercus acutissima Carruth.,참나무과,Fagaceae,5,5,N,N,"높이 20 ~ 25m, 지름 1m. "
325,민종가시나무,Quercus glauca var. nudata Blume,참나무과,Fagaceae,4,5,N,N,수고:15m
326,정능참나무,Quercus acutissima x variabilis Nakai,참나무과,Fagaceae,5,5,N,N,"수고 25m, 직경 1m에 이른다."
327,청떡갈나무,Quercus dentata var. fallax Nakai,참나무과,Fagaceae,4,5,N,N,"수고 20m, 직경 70㎝까지 자란다."
328,청졸갈참나무,Quercus aliena var. acuteserrata f. calvescens Rehder & Wilson,참나무과,Fagaceae,5,5,N,N,"수고 25m, 직경 1m까지 자란다."
329,개가시나무,Quercus gilva Blume,참나무과,Fagaceae,4,4,Y,N,"높이 20m, 지름 1m."
330,개붉가시나무,Quercus acuta f. subserra (Uyeki) T.B.Lee,참나무과,Fagaceae,5,5,N,N,"수고 20m, 직경 60㎝이상 자란다."
331,갈참나무,Quercus aliena Blume,참나무과,Fagaceae,5,5,N,N,"높이 25m, 지름 1m."
332,깃떡갈나무,Quercus dentata var. pinnatifida Matsum.,참나무과,Fagaceae,4,5,N,N,"높이 20m, 지름 70cm"
333,참가시나무,Quercus salicina Blume,참나무과,Fagaceae,5,5,N,N, 높이 10m.
334,졸갈참나무,Quercus aliena var. acuteserrata Maxim. ex Wenz.,참나무과,Fagaceae,5,5,N,N,"수고 25m, 직경 1m까지 자란다."
335,굴참나무,Quercus variabilis Blume,참나무과,Fagaceae,4,5,N,N,"높이 30m, 지름 1m. "
336,가시나무,Quercus myrsinaefolia Blume,참나무과,Fagaceae,4,5,N,N,"높이 15m, 지름 50cm."
337,붉가시나무,Quercus acuta Thunb.,참나무과,Fagaceae,5,5,N,N,"높이 20m, 지름 60cm. "
338,넓은잎참가시나무,Quercus salicina f. latifolia (Nakai) W.T.Lee,참나무과,Fagaceae,5,5,N,N,높이 10m
339,너도밤나무,Fagus engleriana Seemen ex Diels,참나무과,Fagaceae,5,5,Y,N,높이 20m. 
340,구실잣밤나무,Castanopsis sieboldii (Makino) Hatus.,참나무과,Fagaceae,5,6,N,N,"높이 15m, 지름 1m. "
341,모밀잣밤나무,Castanopsis cuspidata (Thunb.) Schottky,참나무과,Fagaceae,5,6,N,N,"수고:20m, 지름: 1m"
342,둥근잎구실잣밤나무,Castanopsis cuspidata var. sieboldii f. latifolia Nakai,참나무과,Fagaceae,5,6,N,N,높이 7-8m
343,약밤나무,Castanea mollissima Blume,참나무과,Fagaceae,6,6,N,N,"높이가 15-20m, 지름이 70cm로 자란다."
344,밤나무,Castanea crenata Siebold & Zucc.,참나무과,Fagaceae,5,8,N,N,"높이 15m, 지름 1m. "
345,새우나무,Ostrya japonica Sarg.,자작나무과,Betulaceae,5,5,N,N,"높이 20m, 지름 70cm. "
346,병물개암나무,Corylus sieboldiana var. brevirostris C.K.Schneid.,자작나무과,Betulaceae,3,3,N,N,높이 4m에 달한다.
347,병개암나무,Corylus hallaisanensis Nakai,자작나무과,Betulaceae,3,3,N,N,높이가 3m 정도로 자란다.
348,물개암나무,Corylus sieboldiana var. mandshurica (Maxim.) C.K.Schneid.,자작나무과,Betulaceae,3,3,N,N,높이는 2-5m 정도로 자란다.
349,참개암나무,Corylus sieboldiana Blume,자작나무과,Betulaceae,3,4,N,N,높이 4m.
350,개서어나무,Carpinus tschonoskii Maxim.,자작나무과,Betulaceae,4,5,N,N,"높이 15m, 지름 70cm."
351,좀산서어나무,Carpinus turczaninovii var. arguta Uyeki,자작나무과,Betulaceae,5,5,N,N,높이 5m
352,서어나무,Carpinus laxiflora (Siebold & Zucc.) Blume,자작나무과,Betulaceae,4,5,N,N,"높이 15m, 지름 1m."
353,긴서어나무,Carpinus laxiflora var. longispica Uyeki,자작나무과,Betulaceae,4,5,N,Y,"수고 10-15m, 직경 1m에 이른다."
354,까치박달,Carpinus cordata Blume,자작나무과,Betulaceae,4,5,N,N,"높이 15m, 지름 60cm."
355,당개서어나무,Carpinus tschonoskii var. brevicalycina Nakai,자작나무과,Betulaceae,4,4,N,N,"수고 15m, 직경 70㎝"
356,사스래나무,Betula ermanii Cham.,자작나무과,Betulaceae,5,6,N,N,높이 7 ~ 8m(비옥지에서는 10m이상 자란다.)
357,자작나무,Betula platyphylla var. japonica (Miq.) H. Hara,자작나무과,Betulaceae,4,5,N,N,"높이 25m, 지름 90cm. "
358,만주자작나무,Betula platyphylla Sukaczev,자작나무과,Betulaceae,4,5,N,N,"높이 27m, 지름 80cm에 이른다."
359,거제수나무,Betula costata Trautv.,자작나무과,Betulaceae,5,6,N,N,"높이 30m, 지름 1m(우리 나라에서는 가장 크게 자라는 나무이다). "
360,물박달나무,Betula davurica Pall.,자작나무과,Betulaceae,5,5,N,N,"높이 20m, 지름 40m. "
361,좀자작나무,Betula fruticosa Pall.,자작나무과,Betulaceae,5,6,N,N,높이가 3m 정도로 자란다.
362,,Betula platyphylla var. japonica Hara,자작나무과,Betulaceae,4,5,N,N,"수고:20m, 직경 90cm"
363,개박달나무,Betula chinensis Maxim.,자작나무과,Betulaceae,5,5,N,N,높이 5m 내외. 
364,박달나무,Betula schmidtii Regel,자작나무과,Betulaceae,5,6,N,N,"높이 30m, 지름 1m. "
365,물오리나무,Alnus sibirica Fisch. ex Turcz.,자작나무과,Betulaceae,3,4,N,N,"높이는 20m, 지름 60cm로 자란다. 수형은 원뿔모양이다."
366,함북오리나무,Alnus mandshurica f. barbinervis (Nakai) W.Lee,자작나무과,Betulaceae,5,6,N,N,높이 10m에 이른다.  
367,털만주오리나무,Alnus mandshurica f. pubescens (Nakai) Kitag.,자작나무과,Betulaceae,5,6,N,N,높이 5m에 달한다.
368,웅기오리나무,Alnus japonica var. reginosa Nakai,자작나무과,Betulaceae,3,3,N,N,"수고 20m, 직경 70㎝에 이른다."
369,오리나무,Alnus japonica (Thunb.) Steud.,자작나무과,Betulaceae,3,3,N,N,"높이 20m, 지름 70cm. "
370,두메오리나무,Alnus maximowiczii Callier,자작나무과,Betulaceae,4,5,N,N,"높이 5-10m, 지름 30cm 로 자란다."
371,덤불오리나무,Alnus mandshurica (Callier) Hand.-Mazz.,자작나무과,Betulaceae,5,6,N,N,높이 5m에 이른다.
372,털오리나무,Alnus japonica var. koreana Callier,자작나무과,Betulaceae,3,3,N,N,"수고 20m, 직경 70㎝에 이른다."
373,민물오리나무,Alnus hirsuta f. glabra T.B.Lee,자작나무과,Betulaceae,4,4,N,N,"수고 20m, 직경 60㎝에 이른다."
374,수염용담,Gentianopsis barbata (Froel.) Ma,용담과,Gentianaceae,9,9,N,N,높이 20~50cm
375,덩굴용담,Tripterospermum japonicum (Siebold & Zucc.) Maxim.,용담과,Gentianaceae,9,10,Y,N,키 40~80cm
376,개쓴풀,Swertia diluta (Turcz.) Benth. & Hook.f. var. tosaensis (Makino) H.Hara,용담과,Gentianaceae,9,9,Y,N,키 5~36cm.
377,네귀쓴풀,Swertia tetrapetala Pall.,용담과,Gentianaceae,7,8,N,N,높이 30cm에 달한다.
378,별꽃풀,Swertia varatroides Maxim. ex Kom.,용담과,Gentianaceae,9,9,N,N,키 40cm
379,큰잎쓴풀,Swertia wilfordii (A.Kern.) Kom.,용담과,Gentianaceae,8,9,Y,N,높이 10~30cm이다.
380,자주쓴풀,Swertia pseudochinensis H.Hara,용담과,Gentianaceae,9,10,N,N,높이 15~30cm
381,쓴풀,Swertia japonica (Schult.) Makino,용담과,Gentianaceae,9,10,N,N,높이 5~25cm이다. 
382,닻꽃,Halenia corniculata (L.) Cornaz,용담과,Gentianaceae,7,8,Y,N,높이가 10-60cm 정도에 이른다.
383,비로용담,Gentiana jamesii Hemsl.,용담과,Gentianaceae,7,9,Y,N,높이 5~12cm
384,과남풀,Gentiana triflora Pall. var. japonica (Kusn.) H.Hara,용담과,Gentianaceae,7,8,Y,N,높이는 30~80cm이다.
385,고산구슬붕이,Gentiana wootchuliana W.K.Paik,용담과,Gentianaceae,5,6,N,Y,높이 5-11㎝이다.
386,용담,Gentiana scabra Bunge,용담과,Gentianaceae,8,10,N,N,높이 20~60cm
387,산용담,Gentiana algida Pall.,용담과,Gentianaceae,8,9,N,N,높이가 10-25cm정도로 자란다.
388,흰비로용담,Gentiana jamesii Hemsl. f. albiflora (Nakai) Toyok.,용담과,Gentianaceae,7,9,N,N,높이 5-12cm
389,,Gentiana triflora Pall.,용담과,Gentianaceae,7,8,N,N,높이가 30-80cm에 이른다.
390,진퍼리용담,Gentiana scabra f. stenophylla (H. Hara) W.K.Paik & W.T.Lee,용담과,Gentianaceae,10,10,Y,N,높이 50-80cm
391,봄구슬붕이,Gentiana thunbergii (G.Don) Griseb.,용담과,Gentianaceae,4,5,N,N,키 5~15cm
392,좀구슬붕이,Gentiana squarrosa Ledeb. var. microphylla Nakai,용담과,Gentianaceae,5,6,N,N,높이 2-10cm
393,흰용담,Gentiana scabra var. buergeri f. alba Y.N.Lee,용담과,Gentianaceae,8,10,N,N,높이 20-60cm
394,흰그늘용담,Gentiana chosenica Okuy.,용담과,Gentianaceae,5,7,N,Y,높이 5-7cm 가량
395,큰구슬붕이,Gentiana zollingeri Fawc.,용담과,Gentianaceae,5,6,N,N,높이 5~10cm
396,구슬붕이,Gentiana squarrosa Ledeb.,용담과,Gentianaceae,5,6,N,N,높이가 2-10cm 정도로 자란다.
397,멧용담,Gentiana nipponica Maxim.,용담과,Gentianaceae,9,9,N,N,길이 10-15cm
398,대성쓴풀,Anagallidium dichotomum (L.) Griseb.,용담과,Gentianaceae,5,6,Y,N,높이 10cm내외이다.
399,박주가리,Metaplexis japonica (Thunb.) Makino,협죽도과,Apocynaceae,7,8,N,N,길이 3m이상에 달한다.
400,나도은조롱,Marsdenia tomentosa C.Morren & Decne.,협죽도과,Apocynaceae,7,8,Y,N,길이 1-3m
401,양반풀,Cynanchum thesioides (Freyn) K.Schum.,협죽도과,Apocynaceae,6,7,N,N,높이 30cm
402,솜아마존,Cynanchum amplexicaule (Siebold & Zucc.) Hemsl.,협죽도과,Apocynaceae,6,7,Y,N,높이 40-60cm
403,산해박,Cynanchum paniculatum (Bunge) Kitag. ex H.Hara,협죽도과,Apocynaceae,6,9,N,N,높이 60cm내외이다.
404,푸른백미꽃,Cynanchum atratum f. viridescens Ohwi,협죽도과,Apocynaceae,5,7,N,N,높이 50cm
405,선백미꽃,Cynanchum inamoenum (Maxim.) Loes. ex Gilg & Loes.,협죽도과,Apocynaceae,7,8,Y,N,키 30-60cm
406,덩굴민백미꽃,Cynanchum japonicum (C.Morren & Decne.) Hemsl.,협죽도과,Apocynaceae,5,6,Y,N,높이 30~80cm
407,민백미꽃,Cynanchum ascyrifolium (Franch. & Sav.) Matsum.,협죽도과,Apocynaceae,5,7,N,N,높이 약 30-60cm이다.
408,덩굴박주가리,Cynanchum nipponicum Matsum.,협죽도과,Apocynaceae,7,8,N,N,길이 40-100cm
409,검은솜아마존,Cynanchum amplexicaule f. castaneum Ohwi,협죽도과,Apocynaceae,6,7,N,N,높이 40-60cm
410,흑박주가리,Cynanchum nipponicum Matsum. var. glabrum (Nakai) H.Hara,협죽도과,Apocynaceae,7,8,N,N,길이 40-100cm
411,백미꽃,Cynanchum atratum Bunge,협죽도과,Apocynaceae,5,7,N,N,높이 50cm내외이다.
412,큰조롱,Cynanchum wilfordii (Maxim.) Hemsl.,협죽도과,Apocynaceae,7,8,N,N,덩굴의 길이가 1-3m정도에 이른다.
413,마삭줄,Trachelospermum asiaticum (Siebold & Zucc.) Nakai,협죽도과,Apocynaceae,5,6,N,N,길이 5m.
414,백화등,Trachelospermum asiaticum var. majus (Nakai) Ohwi,협죽도과,Apocynaceae,5,6,N,N,길이가 5m 이상에 달한다.
415,협죽도,Nerium oleander L.,협죽도과,Apocynaceae,7,8,N,N,높이 약 3m에 달한다.
416,개정향풀,Apocynum lancifolium Russanov,협죽도과,Apocynaceae,6,6,Y,N,키 40~80cm
417,정향풀,Amsonia elliptica (Thunb.) Roem. & Schult.,협죽도과,Apocynaceae,5,5,Y,N,키 40~80cm
418,큰벼룩아재비,Mitrasacme pygmaea R.Br.,마전과,Loganiaceae,7,9,N,N,키 5~20cm
419,벼룩아재비,Mitrasacme indica Wight,마전과,Loganiaceae,8,10,Y,N,키 5~15cm
420,영주치자,Gardneria nutans Siebold & Zucc.,마전과,Loganiaceae,6,6,N,Y,길이 10m.
421,조름나물,Menyanthes trifoliata L.,조름나물과,Menyanthaceae,7,8,Y,N,높이가 20-35cm정도로 자란다.
422,탐라풀,Neanotis hirsuta (L.f.) W.H.Lewis,꼭두서니과,Rubiaceae,8,10,N,N,높이 20~40cm.
423,민꼭두서니,Rubia chinensis var. glabrescens (Nakai) Kitag.,꼭두서니과,Rubiaceae,5,6,N,N,높이 30~60cm이다.
424,갈퀴꼭두서니,Rubia cordifolia L.,꼭두서니과,Rubiaceae,7,8,N,N,덩굴의 길이가 1-1.5m정도로 자란다.
425,큰꼭두서니,Rubia chinensis Regel & Maack,꼭두서니과,Rubiaceae,5,6,N,N,높이 30~60cm이다.
426,꼭두서니,Rubia argyi (H.L?v. & Vaniot) H.Hara ex Lauener,꼭두서니과,Rubiaceae,7,8,N,N,길이 1m 정도이다.
427,가지꼭두서니,Rubia hexaphylla (Makino) Makino,꼭두서니과,Rubiaceae,6,7,N,N,3~4m
428,좁은잎계요등,Paederia scandens (Lour.) Merr. var. angustifolia (Nakai) S.S.Ying,꼭두서니과,Rubiaceae,7,8,N,N,길이 5-7m까지 자란다.
429,계요등,Paederia foetida L.,꼭두서니과,Rubiaceae,7,8,N,N,길이 5~7m이다.
430,털계요등,Paederia scandens (Lour.) Merr. var. velutina (Nakai) Nakai,꼭두서니과,Rubiaceae,7,8,N,N,길이 5-7m까지 자란다.
431,백운풀,Oldenlandia diffusa (Willd.) Roxb.,꼭두서니과,Rubiaceae,8,9,N,N,높이 10~30cm.
432,호자덩굴,Mitchella undulata Siebold & Zucc.,꼭두서니과,Rubiaceae,6,7,N,N,5~15cm
433,긴두잎갈퀴,Hedyotis diffusa var. longipes Nakai,꼭두서니과,Rubiaceae,8,9,N,N,높이 10-30cm
434,낚시돌풀,Hedyotis biflora var. parvifolia Hook. & Arn.,꼭두서니과,Rubiaceae,7,8,Y,N,높이 5~20cm
435,민탐라풀,Hedyotis lindleyana var. glabra Hara,꼭두서니과,Rubiaceae,8,10,N,N,높이 20-40cm
436,털긴잎갈퀴,Galium boreale var. koreanum Nakai,꼭두서니과,Rubiaceae,6,7,N,Y,높이 20-50cm.
437,검은개선갈퀴,Galium kinuta Nakai & H.Hara,꼭두서니과,Rubiaceae,7,8,N,N,높이 30cm에 달한다.
438,국화갈퀴,Galium kikumugura Ohwi,꼭두서니과,Rubiaceae,5,6,N,N,높이는 30~50cm이다.
439,민산갈퀴,Galium pogonanthum f. nudiflorum (Makino) Ohwi,꼭두서니과,Rubiaceae,6,7,N,N,높이 15~30cm이다.
440,긴잎갈퀴,Galium boreale L.,꼭두서니과,Rubiaceae,6,7,Y,N,높이는 20~60cm이다.
441,큰잎갈퀴,Galium dahuricum Turcz. ex Ledeb.,꼭두서니과,Rubiaceae,5,6,N,N,높이 30~60cm
442,흰갈퀴,Galium dahuricum var. tokyoense (Makino) Cufod.,꼭두서니과,Rubiaceae,6,7,N,N,높이 30~60cm이다.
443,좀네잎갈퀴,Galium gracilens (A.Gray) Makino,꼭두서니과,Rubiaceae,5,6,N,N,높이 30-40cm.
444,선갈퀴,Galium odoratum (L.) Scop.,꼭두서니과,Rubiaceae,5,6,N,N,높이 25-40cm 가량된다.
445,민긴잎갈퀴,Galium boreale L. var. lanceolatum Nakai,꼭두서니과,Rubiaceae,6,7,N,N,높이 20-50cm.
446,넓은긴잎갈퀴,Galium boreale var. amurense (Pobed.) Kitag.,꼭두서니과,Rubiaceae,6,7,N,N,높이 20~60cm이다.
447,산갈퀴,Galium pogonanthum Franch. & Sav.,꼭두서니과,Rubiaceae,6,7,N,N,높이 30-50cm.
448,애기솔나물,Galium verum L. var. hallaensis K.S.Jeong & K.Choi,꼭두서니과,Rubiaceae,6,8,N,N,높이 10-20cm 내외이다.
449,흰털솔나물,Galium verum var. trachycarpum f. album Nakai,꼭두서니과,Rubiaceae,6,8,N,N,높이 70-100cm
450,털둥근갈퀴,Galium kamtschaticum Steller ex Roem. & Schult. var. yakusimense (Masam.) T.Yamaz.,꼭두서니과,Rubiaceae,7,8,N,N,높이 5-15cm.
451,갈퀴덩굴,Galium spurium L.,꼭두서니과,Rubiaceae,5,6,N,N,길이 60~90cm이다.
452,네잎갈퀴,Galium bungei Steud. var. trachyspermum (A.Gray) Cufod.,꼭두서니과,Rubiaceae,5,7,N,N,높이 30~50cm이다.
453,털잎솔나물,Galium verum var. trachyphyllum Wallr.,꼭두서니과,Rubiaceae,6,8,N,N,높이 70-100cm
454,참갈퀴덩굴,Galium koreanum (Nakai) Nakai,꼭두서니과,Rubiaceae,6,8,N,Y,높이 6-15cm이다.
455,가는네잎갈퀴,Galium trifidum L.,꼭두서니과,Rubiaceae,6,8,N,N,높이 15-40cm로 자람.
456,솔나물,Galium verum L.,꼭두서니과,Rubiaceae,6,8,N,N,높이가 70-100cm정도이다.
457,두메갈퀴,Galium paradoxum Maxim.,꼭두서니과,Rubiaceae,6,7,N,N,높이 10-25cm 정도로 자란다.
458,개선갈퀴,Galium trifloriforme Kom.,꼭두서니과,Rubiaceae,7,8,N,N,높이 20~50cm이다.
459,흰솔나물,Galium verum L. var. trachycarpum DC. f. nikkoense (Nakai) Ohwi,꼭두서니과,Rubiaceae,6,8,N,N,높이 70-100cm.
460,털솔나물,Galium verum var. trachycarpum DC.,꼭두서니과,Rubiaceae,6,8,N,N,높이 70-100cm
461,개솔나물,Galium verum var. trachycarpum f. intermedium Nakai,꼭두서니과,Rubiaceae,6,8,N,N,높이 70-100cm
462,민둥갈퀴,Galium kinuta Nakai & Hara,꼭두서니과,Rubiaceae,6,7,N,N,높이가 30-60cm
463,갈고리네잎갈퀴,Galium pseudoasprellum Makino,꼭두서니과,Rubiaceae,8,10,N,N,높이 1~2m
464,개갈퀴,Galium maximowiczii (Kom.) Pobed.,꼭두서니과,Rubiaceae,8,9,N,N,높이 70cm 정도이다.
465,호자나무,Damnacanthus indicus C.F.Gaertn.,꼭두서니과,Rubiaceae,5,6,N,N,높이 1m.
466,수정목,Damnacanthus major Siebold & Zucc.,꼭두서니과,Rubiaceae,6,6,N,N,높이 70cm 정도이다.
467,갈퀴아재비,Asperula lasiantha Nakai,꼭두서니과,Rubiaceae,8,8,N,Y,높이 70cm
468,구슬꽃나무,Adina rubella Hance,꼭두서니과,Rubiaceae,7,8,N,N,높이 3 ~ 4m.
469,땅귀개,Utricularia bifida L.,통발과,Lentibulariaceae,8,9,Y,N,꽃대의 높이 7-15cm
470,이삭귀개,Utricularia racemosa Wall.,통발과,Lentibulariaceae,8,9,Y,N,꽃대의 높이 10~30cm이다.
471,들통발,Utricularia pilosa (Makino) Makino,통발과,Lentibulariaceae,8,10,Y,N,꽃대의 높이 8-20cm
472,자주땅귀개,Utricularia yakusimensis Masam.,통발과,Lentibulariaceae,8,10,Y,N,높이 8cm내외로 자란다.
473,털잡이제비꽃,Pinguicula villosa L.,통발과,Lentibulariaceae,7,7,N,N,꽃차례와 더불어 높이 13cm 정도.
474,개종용,Lathraea japonica Miq.,열당과,Orobanchaceae,4,5,Y,N,꽃대의 길이 10~30cm이다.
475,가지더부살이,Phacellanthus tubiflorus Siebold & Zucc.,열당과,Orobanchaceae,7,7,N,N,높이 5-10cm정도이다.
476,초종용,Orobanche coerulescens Stephan,열당과,Orobanchaceae,5,6,Y,N,높이가 10-30cm정도로 자란다.
477,백양더부살이,Orobanche filicicola Nakai,열당과,Orobanchaceae,5,6,Y,Y,높이 10~30cm 정도이다.
478,오리나무더부살이,Boschniakia rossica (Cham. & Schltdl.) B.Fedtsch.,열당과,Orobanchaceae,7,8,N,N,높이 15-30cm
479,야고,Aeginetia indica L.,열당과,Orobanchaceae,9,9,Y,N,길이 5~7cm이다.
480,파리풀,Phryma leptostachya var. asiatica H. Hara,파리풀과,Phrymaceae,7,9,N,N,높이 70cm 내외이다.
481,꽃고비,Polemonium racemosum Kitam.,꽃고비과,Polemoniaceae,7,8,N,N,높이가 60-90cm정도에 이른다.
482,가지꽃고비,Polemonium racemosum var. laxiflorum (Regel) Nakai,꽃고비과,Polemoniaceae,7,8,N,N,높이 약 40cm이다.
483,오동나무,Paulownia coreana Uyeki,현삼과,Scrophulariaceae,5,6,N,Y,"높이 15-20m, 직경 80㎝까지 자란다."
484,흰냉초,Veronicastrum sibiricum f. albiflora T.Yamaz.,현삼과,Scrophulariaceae,7,8,N,N,높이 50-90cm
485,냉초,Veronicastrum sibiricum (L.) Pennell,현삼과,Scrophulariaceae,7,8,N,N,높이가 50-90cm로 털이 난다.
486,봉래꼬리풀,Veronica kiusiana var. diamantiaca (Nakai) T.Yamaz.,현삼과,Scrophulariaceae,7,8,Y,Y,높이가 20cm이다.
487,지리산꼬리풀,Veronica rotunda var. coreana (Nakai) T.Yamaz.,현삼과,Scrophulariaceae,7,8,N,N,높이가 1m 정도된다.
488,두메투구꽃,Veronica stelleri var. longistyla Kitag.,현삼과,Scrophulariaceae,7,8,N,N,높이는 7-15cm
489,큰산꼬리풀,Veronica kiusiana var. glabrifolia (Kitag.) Kitag.,현삼과,Scrophulariaceae,7,8,N,Y,높이 1m 내외이다.
490,큰구와꼬리풀,Veronica pyrethrina Nakai,현삼과,Scrophulariaceae,8,8,Y,N,키는 30~50cm.
491,물칭개나물,Veronica undulata Wall.,현삼과,Scrophulariaceae,8,8,N,N,높이 30~50cm이다.
492,긴산꼬리풀,Veronica longifolia L.,현삼과,Scrophulariaceae,7,8,N,N,높이 1m 이상이다.
493,털넓은잎꼬리풀,Veronica kiusiana var. villosa Yamaz.,현삼과,Scrophulariaceae,7,8,N,N,높이 50-70cm
494,넓은잎꼬리풀,Veronica kiusiana Furumi,현삼과,Scrophulariaceae,7,8,N,N,높이 50~70cm이다.
495,꼬리풀,Veronica linariifolia Pall. ex Link,현삼과,Scrophulariaceae,7,8,N,N,높이 40~70cm이다.
496,섬꼬리풀,Veronica nakaianum Ohwi,현삼과,Scrophulariaceae,6,7,N,Y,높이 30cm 내외이다.
497,방패꽃,Veronica tenella All.,현삼과,Scrophulariaceae,7,8,N,N,높이 10~25cm이다.
498,산꼬리풀,Veronica rotunda var. subintegra (Nakai) T.Yamaz.,현삼과,Scrophulariaceae,8,8,N,N,높이 40~80cm이다.
499,큰꼬리풀,Veronica linariifolia var. dilatata (Nakai & Kitag.) Nakai & Kitag.,현삼과,Scrophulariaceae,7,8,N,N,높이 40-70cm
500,넓은산꼬리풀,Veronica ovata Nakai,현삼과,Scrophulariaceae,8,9,N,N,높이 9cm에 달한다.
501,큰물칭개나물,Veronica anagallis-aquatica L.,현삼과,Scrophulariaceae,8,8,N,N,높이 40-80cm정도로 자란다.
502,흰꼬리풀,Veronica linariifolia f. alba T.B.Lee,현삼과,Scrophulariaceae,7,8,N,N,높이 40-70cm
503,문모초,Veronica peregrina L.,현삼과,Scrophulariaceae,4,5,N,N,높이 5~20cm이다.
504,구와꼬리풀,Veronica dahurica Steven,현삼과,Scrophulariaceae,8,9,N,N,높이 50cm에 달한다.
505,개불알풀,Veronica didyma var. lilacina (H. Hara) T.Yamaz.,현삼과,Scrophulariaceae,5,6,N,N,높이 5~15cm이다.
506,절국대,Siphonostegia chinensis Benth.,현삼과,Scrophulariaceae,7,8,N,N,높이가 30-60cm정도로 자란다.
507,토현삼,Scrophularia koraiensis Nakai,현삼과,Scrophulariaceae,7,7,Y,N,높이 1.5m이다.
508,섬현삼,Scrophularia takesimensis Nakai,현삼과,Scrophulariaceae,6,7,Y,Y,높이 1m에 달한다.
509,설령개현삼,Scrophularia borealikoreana Nakai,현삼과,Scrophulariaceae,6,7,N,N,높이 50~90cm이다.
510,큰개현삼,Scrophularia kakudensis Franch.,현삼과,Scrophulariaceae,8,9,N,N,높이 약 1m이다.
511,개현삼,Scrophularia grayana Maxim. ex Kom.,현삼과,Scrophulariaceae,6,7,N,N,높이 50~100cm이다.
512,몽울토현삼,Scrophularia cephalantha Nakai,현삼과,Scrophulariaceae,7,7,N,N,높이 1.5m에 달한다.
513,일월토현삼,Scrophularia koraiensis var. melutina Sakata ex Uyeki & Sakata,현삼과,Scrophulariaceae,7,7,N,N,높이 1.5m
514,현삼,Scrophularia buergeriana Miq.,현삼과,Scrophulariaceae,8,9,N,N,높이 80-150cm 가량이다.
515,나도송이풀,Phtheirospermum japonicum (Thunb.) Kanitz,현삼과,Scrophulariaceae,8,9,N,N,높이가 30-60cm정도에 이른다.
516,만주송이풀,Pedicularis mandshurica Maxim.,현삼과,Scrophulariaceae,5,6,Y,N,높이가 30cm정도에 이른다.
517,그늘송이풀,Pedicularis resupinata var. umbrosa Kom. ex Nakai,현삼과,Scrophulariaceae,8,9,N,Y,높이는 30~100cm이다.
518,구름송이풀,Pedicularis verticillata L.,현삼과,Scrophulariaceae,6,7,Y,N,높이가 5-15cm정도이다.
519,바위송이풀,Pedicularis nigrescens Nakai,현삼과,Scrophulariaceae,7,8,N,Y,높이 5~10cm이다.
520,흰송이풀,Pedicularis resupinata f. albiflora (Nakai) W.T.Lee,현삼과,Scrophulariaceae,8,9,N,N,높이 30~100cm이다.
521,이삭송이풀,Pedicularis spicata Pall.,현삼과,Scrophulariaceae,7,8,Y,N,높이가 20-30cm정도로 자란다.
522,큰산송이풀,Pedicularis apodochila Maxim.,현삼과,Scrophulariaceae,7,8,N,N,높이 5~15cm이다.
523,큰송이풀,Pedicularis grandiflora Fisch.,현삼과,Scrophulariaceae,7,8,N,N,높이가 1m이상 자란다.
524,송이풀,Pedicularis resupinata L.,현삼과,Scrophulariaceae,8,9,N,N,높이가 30-60cm정도로 자란다.
525,대송이풀,Pedicularis sceptrumcarolinum L.,현삼과,Scrophulariaceae,7,8,N,N,높이가 50cm에 달한다. 
526,한라송이풀,Pedicularis hallaisanensis Hurus.,현삼과,Scrophulariaceae,7,8,Y,Y,높이 5-15cm
527,부전송이풀,Pedicularis adunca M.Bieb. ex Steven,현삼과,Scrophulariaceae,8,8,N,N,높이는 30cm 정도이다.
528,쌀파도풀,Omphalotrix longipes Maxim.,현삼과,Scrophulariaceae,8,9,N,N,높이 30~40cm이다.
529,물꽈리아재비,Mimulus nepalensis Benth.,현삼과,Scrophulariaceae,6,7,N,N,높이 10~30cm이다.
530,애기물꽈리아재비,Mimulus tenellus Bunge,현삼과,Scrophulariaceae,7,8,Y,N,높이 25cm에 달한다.
531,진흙풀,Microcarpaea minima (K.D.Koenig ex Retz.) Merr.,현삼과,Scrophulariaceae,8,10,N,N,길이가 5-10cm 이다.
532,애기며느리밥풀,Melampyrum setaceum (Maxim. ex Palib.) Nakai,현삼과,Scrophulariaceae,8,9,N,N,높이 30~60cm이다.
533,수염며느리밥풀,Melampyrum roseum var. japonicum Franch. & Sav.,현삼과,Scrophulariaceae,8,9,N,N,높이 30~50cm이다.
534,흰수염며느리밥풀,Melampyrum roseum var. japonicum f. leucanthum Nakai,현삼과,Scrophulariaceae,8,9,N,N,높이 30-50cm.
535,털며느리밥풀,Melampyrum roseum var. hirsutum Beauverd,현삼과,Scrophulariaceae,7,8,N,N,높이 30-50cm
536,알며느리밥풀,Melampyrum roseum var. ovalifolium Nakai ex Beauverd,현삼과,Scrophulariaceae,8,9,N,N,높이 30~70cm이다.
537,꽃며느리밥풀,Melampyrum roseum Maxim.,현삼과,Scrophulariaceae,7,8,N,N,높이가 30-50cm정도로 자란다.
538,새며느리밥풀,Melampyrum setaceum var. nakaianum (Tuyama) T.Yamaz.,현삼과,Scrophulariaceae,8,9,N,N,높이 50cm이다.
539,누운주름잎,Mazus miquelii Makino,현삼과,Scrophulariaceae,5,8,N,N,꽃대의 높이 5~10cm이다.
540,선주름잎,Mazus stachydifolius (Turcz.) Maxim.,현삼과,Scrophulariaceae,6,8,N,N,높이가 30cm정도로 자란다.
541,주름잎,Mazus pumilus (Burm.f.) Steenis,현삼과,Scrophulariaceae,5,8,N,N,높이 5~20cm이다.
542,밭뚝외풀,Lindernia procumbens (Krock.) Philcox,현삼과,Scrophulariaceae,7,8,N,N,높이 7~15cm이다.
543,논뚝외풀,Lindernia micrantha D.Don,현삼과,Scrophulariaceae,8,9,N,N,높이 8~25cm이다.
544,외풀,Lindernia crustacea (L.) F.Muell.,현삼과,Scrophulariaceae,7,8,N,N,높이 7~15cm이다.
545,좁은잎해란초,Linaria vulgaris Hill,현삼과,Scrophulariaceae,8,8,N,N,높이 25~40cm이다.
546,해란초,Linaria japonica Miq.,현삼과,Scrophulariaceae,7,8,N,N,높이가 15-40cm 정도이다.
547,구와말,Limnophila sessiliflora (Vahl) Blume,현삼과,Scrophulariaceae,8,9,N,N,높이 10~30cm이다.
548,소엽풀,Limnophila aromatica (Lam.) Merr.,현삼과,Scrophulariaceae,9,10,N,N,높이 20~25cm.
549,큰고추풀,Gratiola japonica Miq.,현삼과,Scrophulariaceae,8,9,N,N,높이 10-25cm
550,앉은좁쌀풀,Euphrasia maximowiczii Wettst.,현삼과,Scrophulariaceae,6,8,N,N,높이가 20-30cm정도로 자란다.
551,산좁쌀풀,Euphrasia coreanalpina Nakai ex Y.Kimura,현삼과,Scrophulariaceae,6,8,N,Y,높이는 10~15cm이다.
552,털좁쌀풀,Euphrasia retroticha Nakai ex T.Yamaz.,현삼과,Scrophulariaceae,8,8,N,Y,키는 10~15cm이다.
553,깔끔좁쌀풀,Euphrasia coreana W.Becker,현삼과,Scrophulariaceae,8,8,Y,Y,높이 5~10cm이다.
554,큰산좁쌀풀,Euphrasia hirtella Jord. ex Reut.,현삼과,Scrophulariaceae,7,8,N,N,높이가 20cm 내외이다.
555,등에풀,Dopatrium junceum (Roxb.) Ham. ex Benth.,현삼과,Scrophulariaceae,7,8,Y,N,높이 10~30cm이다.
556,진땅고추풀,Deinostema violacea (Maxim.) T.Yamaz.,현삼과,Scrophulariaceae,8,9,N,N,높이 10~20cm이다.
557,둥근잎고추풀,Deinostema adenocaulum (Maxim.) T.Yamaz.,현삼과,Scrophulariaceae,7,9,N,N,높이 10-18cm
558,성주풀,Centranthera cochinchinensis var. lutea (Hara) Hara,현삼과,Scrophulariaceae,8,9,Y,N,높이는 20~40cm이다.
559,알꽈리,Tubocapsicum anomalum (Franch. & Sav.) Makino,가지과,Solanaceae,7,8,N,N,높이 60-90cm정도로 자란다.
560,배풍등,Solanum lyratum Thunb.,가지과,Solanaceae,8,9,N,N,길이 3m.
561,왕배풍등,Solanum megacarpum Koidz.,가지과,Solanaceae,7,9,N,N,길이 3m
562,미치광이풀,Scopolia japonica Maxim.,가지과,Solanaceae,4,5,Y,N,높이가 30-60cm이다.
563,노랑미치광이풀,Scopolia lutescens Y.N.Lee,가지과,Solanaceae,5,5,N,Y,높이 50㎝까지 자란다.
564,가시꽈리,Physaliastrum japonicum (Franch. & Sav.) Honda,가지과,Solanaceae,6,8,N,N,높이 50-70cm정도로 자란다.
565,좀목형,Vitex negundo var. incisa (Lam.) C.B.Clarke,마편초과,Verbenaceae,7,9,N,N,높이 2m.
566,마편초,Verbena officinalis L.,마편초과,Verbenaceae,7,8,N,N,높이 30~60cm이다.
567,누리장나무,Clerodendrum trichotomum Thunb.,마편초과,Verbenaceae,8,9,N,N,높이 2m.
568,거문누리장나무,Clerodendrum trichotomum var. esculentum Makino,마편초과,Verbenaceae,8,9,N,N,높이 2m.
569,층꽃나무,Caryopteris incana (Thunb. ex Houtt.) Miq.,마편초과,Verbenaceae,7,9,N,N,높이 30 ~ 60cm.
570,누린내풀,Caryopteris divaricata (Siebold & Zucc.) Maxim.,마편초과,Verbenaceae,7,8,N,N,높이 1m 내외이다.
571,흰층꽃나무,Caryopteris incana f. candida Hara,마편초과,Verbenaceae,7,9,N,N,높이 30-60cm.
572,작살나무,Callicarpa japonica Thunb.,마편초과,Verbenaceae,8,8,N,N,높이 2 ~ 3m.
573,송금나무,Callicarpa japonica var. taquetii (L.f.) Nakai,마편초과,Verbenaceae,8,8,N,N,높이 2-3m정도
574,민작살나무,Callicarpa japonica var. glabra Nakai,마편초과,Verbenaceae,8,8,N,N,높이 2-3m정도
575,왕작살나무,Callicarpa japonica var. luxurians Rehder,마편초과,Verbenaceae,8,8,N,N,높이 약 2~3m.
576,새비나무,Callicarpa mollis Siebold & Zucc.,마편초과,Verbenaceae,8,8,N,N,높이 3m.
577,좀작살나무,Callicarpa dichotoma (Lour.) Raeusch. ex K.Koch,마편초과,Verbenaceae,8,8,N,N,높이 1.5m.
578,좀새비나무,Callicarpa mollis f. ramosissima (Nakai) W.T.Lee,마편초과,Verbenaceae,8,8,N,N,높이 3m 정도.
579,개새비나무,Callicarpa shiraswana Makino,마편초과,Verbenaceae,8,8,N,N,높이 3m 정도
580,흰작살나무,Callicarpa japonica var. leucocarpa Nakai,마편초과,Verbenaceae,8,8,N,N,높이는 약 2~3m.
581,꽃마리,Trigonotis peduncularis (Trevir.) Benth. ex Hemsl.,지치과,Boraginaceae,4,7,N,N,높이가 10-30cm정도로 자란다.
582,덩굴꽃마리,Trigonotis icumae (Maxim.) Makino,지치과,Boraginaceae,5,6,Y,N,키 7-20cm.
583,참꽃마리,Trigonotis radicans var. sericea (Maxim.) H. Hara,지치과,Boraginaceae,5,7,N,N,높이 10~15cm 정도 자란다.
584,거센털꽃마리,Trigonotis radicans (Turcz.) Steven,지치과,Boraginaceae,4,5,Y,N,키는 15-30cm.
585,자반풀,Omphalodes krameri Franch. & Sav.,지치과,Boraginaceae,7,7,Y,N,높이 20-40cm로 자란다.
586,왜지치,Myosotis sylvatica Ehrh. ex Hoffm.,지치과,Boraginaceae,7,8,N,N,높이 20~40cm이다.
587,갯지치,Mertensia asiatica (Takeda) J.F.Macbr.,지치과,Boraginaceae,7,8,Y,N,길이가 1m에 달한다.
588,개지치,Lithospermum arvense L.,지치과,Boraginaceae,5,6,Y,N,높이 20~40cm이다.
589,지치,Lithospermum erythrorhizon Siebold & Zucc.,지치과,Boraginaceae,5,6,Y,N,높이 30-70cm.
590,반디지치,Lithospermum zollingeri A.DC.,지치과,Boraginaceae,5,6,N,N,높이 15-2520cm
591,돌지치,Lappula heteracantha (Ledeb.) Guerke,지치과,Boraginaceae,6,6,N,N,높이 약 40cm이다.
592,들지치,Lappula echinata (L.) Gilib.,지치과,Boraginaceae,8,8,N,N,높이가 20-50cm정도로 자란다.
593,뚝지치,Hackelia deflexa (Wahlenb.) Opiz,지치과,Boraginaceae,7,8,N,N,높이가 20-80cm이다.
594,산지치,Eritrichium sichotense M.Popov.,지치과,Boraginaceae,5,5,N,N,높이 30cm정도이다.
595,송양나무,Ehretia acuminata var. obovata (Lindl.) I.M.Johnst.,지치과,Boraginaceae,6,7,N,N,높이 15m에 달한다.
596,섬꽃마리,Cynoglossum zeylanicum (Vahl ex Hornem.) Thunb. ex Lehm.,지치과,Boraginaceae,7,8,Y,N,길이가 40-100cm정도로 자란다.
597,왕꽃마리,Cynoglossum asperrimum Nakai,지치과,Boraginaceae,6,8,N,N,높이 40~100cm이다. 
598,참꽃받이,Bothriospermum secundum Maxim.,지치과,Boraginaceae,7,8,N,N,높이 25cm정도이다.
599,꽃받이,Bothriospermum tenellum (Hornem.) Fisch. & C.A.Mey.,지치과,Boraginaceae,4,9,N,N,높이 5-30cm이다.
600,모래지치,Argusia sibirica (L.) Dandy,지치과,Boraginaceae,5,8,N,N,높이 25~35cm이다.
601,,Callitriche japonica Engelm.,별이끼과,Callitrichaceae,5,7,N,N,키는 5cm 내외
602,별이끼,Callitriche japonica Engelm. ex Hegelm.,별이끼과,Callitrichaceae,5,7,N,N,"높이 1~4cm, 길이 3~6cm이다."
603,각시족도리풀,Asarum glabrata (C.S.Yook & J.G.Kim) B.U.Oh,쥐방울덩굴과,Aristolochiaceae,4,4,N,Y,23~30cm
604,만주족도리풀,Asarum heterotropoides var. mandshuricum (Maxim.) Kitag.,쥐방울덩굴과,Aristolochiaceae,4,4,N,N,높이 4~10cm이다.
605,쥐방울덩굴,Aristolochia contorta Bunge,쥐방울덩굴과,Aristolochiaceae,7,8,Y,N,길이 1.5m에 달한다.
606,등칡,Aristolochia manshuriensis Kom.,쥐방울덩굴과,Aristolochiaceae,5,6,Y,N,길이 10m.
607,,Opuntia ficus-indica var. saboten Makino,선인장과,Cactaceae,7,7,N,N,높이 2m에 달한다.
608,굴거리나무,Daphniphyllum macropodum Miq.,굴거리나무과,Daphniphyllaceae,4,6,N,N,높이 3 ~ 10m.
609,좀굴거리나무,Daphniphyllum teijsmannii Zoll. ex Teijsm. & Binn.,굴거리나무과,Daphniphyllaceae,5,6,N,N,높이는 10m 정도로 자란다.
610,사람주나무,Neoshirakia japonica (Siebold & Zucc.) Esser,대극과,Euphorbiaceae,5,6,N,N,높이 6m.
611,광대싸리,Securinega suffruticosa (Pall.) Rehder,대극과,Euphorbiaceae,5,7,N,N,"높이 10m, 지름 21cm."
612,여우주머니,Phyllanthus ussuriensis Rupr. & Maxim.,대극과,Euphorbiaceae,6,7,N,N,높이 15~40cm.
613,여우구슬,Phyllanthus urinaria L.,대극과,Euphorbiaceae,7,8,N,N,높이 15~40cm.
614,산쪽풀,Mercurialis leiocarpa Siebold & Zucc.,대극과,Euphorbiaceae,3,5,N,N,높이 25~50cm
615,예덕나무,Mallotus japonicus (L.f.) M?ll.Arg.,대극과,Euphorbiaceae,6,7,N,N,높이 10m.
616,조도만두나무,Glochidion chodoense J.S.Lee & H.T.Im,대극과,Euphorbiaceae,7,8,Y,Y,높이 3~5m 정도로 자란다.
617,등대풀,Euphorbia helioscopia L.,대극과,Euphorbiaceae,5,5,N,N,높이 30cm.
618,두메대극,Euphorbia fauriei H.L?v. & Vaniot,대극과,Euphorbiaceae,6,7,Y,Y,높이 10~30cm정도 자란다.
619,암대극,Euphorbia jolkinii Boiss.,대극과,Euphorbiaceae,5,5,N,N,높이 40~80cm.
620,지리대극,Euphorbia togakusensis Hayata,대극과,Euphorbiaceae,6,7,N,N,높이 50-100㎝
621,붉은대극,Euphorbia ebracteolata Hayata,대극과,Euphorbiaceae,4,4,N,N,높이 40-50cm.
622,목포대극,Euphorbia pekinensis var. subulatifolia (Hurus.) T.B.Lee,대극과,Euphorbiaceae,5,5,N,Y,높이 40~80cm이다.
623,설악대극,Euphorbia ebracteolata f. magna Y.N.Lee,대극과,Euphorbiaceae,4,4,N,N,높이 70㎝
624,대극,Euphorbia pekinensis Rupr.,대극과,Euphorbiaceae,6,6,N,N,높이 80cm.
625,개감수,Euphorbia sieboldiana Morren & Decne.,대극과,Euphorbiaceae,4,7,N,N,높이 20-40cm
626,낭독,Euphorbia fischeriana Steud.,대극과,Euphorbiaceae,5,6,Y,N,높이가 60cm 정도로 자란다.
627,흰대극,Euphorbia esula L.,대극과,Euphorbiaceae,6,7,N,N,높이 20-40cm.
628,참대극,Euphorbia lucorum Rupr.,대극과,Euphorbiaceae,5,7,N,N,높이 25cm.
629,깨풀,Acalypha australis L.,대극과,Euphorbiaceae,7,8,N,N,높이가 30-50cm 정도로 자란다.
630,산이질풀,Geranium nepalense Sweet,쥐손이풀과,Geraniaceae,6,7,N,N,높이 60~70cm이다.
631,삼쥐손이,Geranium soboliferum Kom.,쥐손이풀과,Geraniaceae,8,9,N,N,높이가 60-80cm 정도로 자란다.
632,분홍쥐손이,Geranium maximowiczii Regel & Maack,쥐손이풀과,Geraniaceae,7,8,N,N,높이가 1m 정도로 자란다.
633,사국이질풀,Geranium shikokianum Matsum.,쥐손이풀과,Geraniaceae,7,9,N,N,높이 30-50cm
634,산쥐손이,Geranium dahuricum DC.,쥐손이풀과,Geraniaceae,7,8,N,N,높이가 60-90cm 정도로 자란다.
635,섬쥐손이,Geranium shikokianum Matsum. var. quelpaertense Nakai,쥐손이풀과,Geraniaceae,7,8,N,N,높이 30cm
636,우단쥐손이,Geranium wlassovianum Fisher ex Link,쥐손이풀과,Geraniaceae,6,6,N,N,높이가 30-70cm 정도로 자란다.
637,이질풀,Geranium thunbergii Siebold ex Lindl. & Paxton,쥐손이풀과,Geraniaceae,8,9,N,N,길이 50cm정도.
638,털둥근이질풀,Geranium koreanum Kom. var. hirsutum Nakai,쥐손이풀과,Geraniaceae,6,7,N,Y,길이  1m 정도
639,세잎쥐손이,Geranium wilfordii Maxim.,쥐손이풀과,Geraniaceae,8,8,N,N,높이 40-80cm
640,좀쥐손이,Geranium tripartitum R.Knuth,쥐손이풀과,Geraniaceae,8,9,N,N,높이 30-50cm
641,쥐손이풀,Geranium sibiricum L.,쥐손이풀과,Geraniaceae,6,8,N,N,높이가 30-80cm 정도로 자란다.
642,흰이질풀,Geranium thunbergii Siebold ex Lindl. & Paxton f. pallidum (Nakai ex H.Hara) Murata,쥐손이풀과,Geraniaceae,8,9,N,N,높이 1m가량
643,둥근이질풀,Geranium koreanum Kom.,쥐손이풀과,Geraniaceae,6,7,N,N,높이 1m
644,선이질풀,Geranium krameri Franch. & Sav.,쥐손이풀과,Geraniaceae,7,8,N,N,높이 60-80cm.
645,꽃쥐손이,Geranium platyanthum Duthie,쥐손이풀과,Geraniaceae,7,8,N,N,높이 30-50㎝정도
646,부전쥐손이,Geranium eriostemon var. glabrescens Nakai ex H. Hara,쥐손이풀과,Geraniaceae,7,8,N,N,높이 30-50cm
647,국화쥐손이,Erodium stephanianum Willd.,쥐손이풀과,Geraniaceae,6,7,N,N,높이가 30-50cm 정도로 자란다.
648,개아마,Linum stelleroides Planch.,아마과,Linaceae,6,6,N,N,높이가 40-60cm 정도로 자란다.
649,괭이밥,Oxalis corniculata L.,괭이밥과,Oxalidaceae,5,8,N,N,높이 약 10~30cm
650,애기괭이밥,Oxalis acetosella L.,괭이밥과,Oxalidaceae,5,6,N,N,높이가 5-15cm 정도로 자란다.
651,선괭이밥,Oxalis stricta L.,괭이밥과,Oxalidaceae,7,8,N,N,높이 30-40cm
652,큰괭이밥,Oxalis obtriangulata Maxim.,괭이밥과,Oxalidaceae,5,6,N,N,높이가 5-15cm 정도로 자란다.
653,남가새,Tribulus terrestris L.,남가새과,Zygophyllaceae,7,8,Y,N,길이 1m
654,물고추나물,Triadenum japonicum (Blume) Makino,물레나물과,Clusiaceae,8,9,N,N,높이 30~70cm.
655,진주고추나물,Hypericum oliganthum Franch. & Sav.,물레나물과,Clusiaceae,7,9,Y,N,높이 20~60cm
656,채고추나물,Hypericum attenuatum Fisch. ex Choisy,물레나물과,Clusiaceae,7,8,Y,N,높이가 30~80cm에 이른다.
657,큰고추나물,Hypericum attenuatum var. confertissium (Nakai) T.B.Lee,물레나물과,Clusiaceae,7,8,Y,N,높이 60cm
658,애기고추나물,Hypericum japonicum Thunb.,물레나물과,Clusiaceae,7,8,N,N,높이 15~50cm.
659,물레나물,Hypericum ascyron L.,물레나물과,Clusiaceae,6,8,N,N,높이가 50-100cm정도 된다.
660,좀고추나물,Hypericum laxum (Blume) Koidz.,물레나물과,Clusiaceae,7,8,N,N,높이 5-300cm
661,고추나물,Hypericum erectum Thunb.,물레나물과,Clusiaceae,7,8,N,N,높이 20~60cm.
662,털백작약,Paeonia japonica var. pillosa Nakai,작약과,Paeoniaceae,6,6,N,N,높이 40-50cm
663,백작약,Paeonia japonica (Makino) Miyabe & Takeda,작약과,Paeoniaceae,6,6,Y,N,높이 40-50cm
664,참작약,Paeonia lactiflora var. trichocarpa (Bunge) Stern,작약과,Paeoniaceae,5,6,Y,N,높이 50-80cm
665,산작약,Paeonia obovata Maxim.,작약과,Paeoniaceae,6,6,Y,N,높이 40-50cm.
666,후피향나무,Ternstroemia gymnanthera (Wight & Arn.) Bedd.,차나무과,Theaceae,7,7,N,N,"수고 7m, 직경 20㎝"
667,노각나무,Stewartia koreana Nakai ex Rehder,차나무과,Theaceae,6,7,N,Y,높이 7 ~ 15m.
668,사스레피나무,Eurya japonica Thunb.,차나무과,Theaceae,3,4,N,N,높이 1m.
669,떡사스레피나무,Eurya japonica var. aurescens Redde & E.H.Wilson,차나무과,Theaceae,4,4,N,N,높이 1m
670,섬사스레피나무,Eurya japonica f. integra (Nakai) T.B.Lee,차나무과,Theaceae,4,4,N,N,높이 1m 정도
671,우묵사스레피,Eurya emarginata (Thunb.) Makino,차나무과,Theaceae,6,6,N,N,높이 2 ~ 3m.
672,비쭈기나무,Cleyera japonica Thunb.,차나무과,Theaceae,5,6,N,N,"높이 9~15m, 지름 50cm."
673,흰동백나무,Camellia japonica f. albipetala H.D.Chang,차나무과,Theaceae,2,4,N,N,높이 7m
674,차나무,Camellia sinensis (L.) Kuntze,차나무과,Theaceae,10,11,N,N,높이 4~8m까지 자람.
675,동백나무,Camellia japonica L.,차나무과,Theaceae,1,12,N,N,높이 7m.
676,털다래,Actinidia arguta var. platyphylla (A. Gray) Nakai,다래나무과,Actinidiaceae,5,5,N,N,길이 7m.
677,섬다래,Actinidia rufa (Siebold & Zucc.) Planch. ex Miq.,다래나무과,Actinidiaceae,6,6,Y,N,길이 10m에 이른다.
678,개다래,Actinidia polygama (Siebold & Zucc.) Planch. ex Maxim.,다래나무과,Actinidiaceae,6,7,N,N,길이 5m.
679,다래,Actinidia arguta (Siebold & Zucc.) Planch. ex Miq.,다래나무과,Actinidiaceae,5,5,N,N,"길이 20m, 직경 15㎝"
680,녹다래,Actinidia arguta var. rufinervis Nakai,다래나무과,Actinidiaceae,5,5,N,N,길이 7m.
681,쥐다래,Actinidia kolomikta (Maxim. & Rupr.) Maxim.,다래나무과,Actinidiaceae,5,5,N,N,줄기의 길이가 5m 정도.
682,털굴피나무,Platycarya strobilacea f. coreana (Miq.) W.T.Lee,가래나무과,Juglandaceae,5,6,N,N,높이 12m이다.
683,굴피나무,Platycarya strobilacea Siebold & Zucc.,가래나무과,Juglandaceae,5,6,N,N,"높이 12m, 직경 53cm이지만 일반적으로 높이 3m, 직경10㎝정도이다."
684,쪽가래나무,Juglans cordiformis Maxim.,가래나무과,Juglandaceae,5,5,N,N,높이는 20m 정도이다.
685,왕가래나무,Juglans mandshurica var. sieboldiana Makino,가래나무과,Juglandaceae,4,4,N,N,"수고 20m, 직경 80㎝까지 자란다."
686,긴가래나무,Juglans mandshurica var. mandshurica f. stenocarpa Uyeki,가래나무과,Juglandaceae,4,4,N,N,"수고 20m, 직경 80㎝까지 자란다."
687,가래나무,Juglans mandshurica Maxim.,가래나무과,Juglandaceae,4,4,N,N,"수고:20m, 직경:80cm."
688,소귀나무,Myrica rubra (Lour.) Siebold & Zucc.,소귀나무과,Myricaceae,4,5,Y,N,높이 10m 지름 30cm. 
689,붓순나무,Illicium anisatum L.,붓순나무과,Illiciaceae,3,4,Y,N,높이 3 ~ 5m. 
690,새덕이,Neolitsea aciculata (Blume) Koidz.,녹나무과,Lauraceae,3,4,N,N,높이 10m. 
691,참식나무,Neolitsea sericea (Blume) Koidz.,녹나무과,Lauraceae,10,11,N,N,"높이 10m, 지름 40㎝."
692,후박나무,Machilus thunbergii Siebold & Zucc. ex Meisn.,녹나무과,Lauraceae,5,6,N,N,"높이 20m, 지름 1m."
693,센달나무,Machilus japonica Siebold & Zucc. ex Meisn.,녹나무과,Lauraceae,5,5,N,N,높이 10m. 
694,까마귀쪽나무,Litsea japonica (Thunb.) Juss.,녹나무과,Lauraceae,9,10,N,N,높이 7m. 
695,털생강나무,Lindera obtusiloba f. villosa (Blume) T.B.Lee,녹나무과,Lauraceae,2,3,N,N,높이 3m 정도
696,뇌성목,Lindera glauca var. salicifolia (Nakai) T.B.Lee,녹나무과,Lauraceae,4,4,N,N,"높이 5m, 직경 13㎝에 이른다."
697,비목나무,Lindera erythrocarpa Makino,녹나무과,Lauraceae,4,5,N,N,"높이 15m 내외, 지름 40cm."
698,털조장나무,Lindera sericea (Siebold & Zucc.) Blume,녹나무과,Lauraceae,4,4,Y,N,높이 3m.
699,감태나무,Lindera glauca (Siebold & Zucc.) Blume,녹나무과,Lauraceae,4,4,N,N,"높이 5m, 지름 13cm."
700,생강나무,Lindera obtusiloba Blume,녹나무과,Lauraceae,3,3,N,N,높이 3m. 
701,둥근잎생강나무,Lindera obtusiloba f. ovata T.B.Lee,녹나무과,Lauraceae,2,3,N,N,높이 3m 정도
702,생달나무,Cinnamomum yabunikkei H.Ohba,녹나무과,Lauraceae,6,7,N,N,높이 15m. 
703,녹나무,Cinnamomum camphora (L.) J. Presl,녹나무과,Lauraceae,5,5,Y,N,"높이 20m, 지름 2m. "
704,육박나무,Actinodaphne lancifolia (Siebold & Zucc.) Meisn.,녹나무과,Lauraceae,7,7,N,N,"높이가 15m, 지름이 40cm 정도로 자란다."
705,초령목,Michelia compressa (Maxim.) Sarg.,목련과,Magnoliaceae,2,5,Y,N,"높이 20m, 흉고직경 1m 정도에 이른다."
706,목련,Magnolia kobus DC.,목련과,Magnoliaceae,3,4,Y,N,"높이 10m, 지름 1m. "
707,겹함박꽃나무,Magnolia sieboldii f. semiplena T.B.Lee,목련과,Magnoliaceae,5,6,N,N,높이 7m정도.
708,함박꽃나무,Magnolia sieboldii K.Koch,목련과,Magnoliaceae,5,6,N,N,높이 7m. 
709,오미자,Schisandra chinensis (Turcz.) Baill.,오미자과,Schisandraceae,6,7,N,N,길이 6 ~ 9m. 
710,남오미자,Kadsura japonica (L.) Dunal,오미자과,Schisandraceae,4,8,N,N,"길이 3m, 지름 1.5cm. "
711,담팔수,Elaeocarpus sylvestris (Lour.) Poir. var. ellipticus (Thunb.) H.Hara,담팔수과,Elaeocarpaceae,7,8,Y,N,높이 20m.
712,애기금매화,Trollius japonicus Miq.,미나리아재비과,Ranunculaceae,7,8,N,N,높이는 30-60cm정도 된다.
713,큰금매화,Trollius macropetalus (Regel) F.Schmidt,미나리아재비과,Ranunculaceae,6,7,N,N,높이 30-60cm
714,금매화,Trollius ledebourii Rchb.,미나리아재비과,Ranunculaceae,7,8,N,N,높이는 40~80cm이다.
715,은꿩의다리,Thalictrum actaefolium var. brevistylum Nakai,미나리아재비과,Ranunculaceae,7,7,N,N,높이 30~60cm이다.
716,좀꿩의다리,Thalictrum kemense var. hypoleucum (Siebold & Zucc.) Kitag.,미나리아재비과,Ranunculaceae,7,8,N,N,높이 40-120cm 정도로 자란다.
717,자주꿩의다리,Thalictrum uchiyamai Nakai,미나리아재비과,Ranunculaceae,6,7,N,N,높이 50cm
718,산꿩의다리,Thalictrum filamentosum var. tenerum (Huth) Ohwi,미나리아재비과,Ranunculaceae,6,7,N,N,높이 40~60cm이다.
719,큰꿩의다리,Thalictrum kemense Fr.,미나리아재비과,Ranunculaceae,7,8,N,N,높이 40-120cm
720,꽃꿩의다리,Thalictrum petaloideum L.,미나리아재비과,Ranunculaceae,5,7,Y,N,높이가 50cm에 달한다.
721,묏꿩의다리,Thalictrum sachalinense Lecoy.,미나리아재비과,Ranunculaceae,6,7,N,N,높이 45~70cm이다.
722,,Thalictrum simplex L.,미나리아재비과,Ranunculaceae,7,8,N,N,높이는 60-100cm 정도로 자란다.
723,꿩의다리,Thalictrum aquilegifolium var. sibiricum Regel & Tiling,미나리아재비과,Ranunculaceae,7,8,N,N,높이는 50~100cm이다.
724,큰산꿩의다리,Thalictrum filamentosum Maxim.,미나리아재비과,Ranunculaceae,7,8,N,N,높이 50cm
725,긴잎꿩의다리,Thalictrum simplex L. var. brevipes H.Hara,미나리아재비과,Ranunculaceae,7,8,Y,N,높이는 60~120cm이다
726,바이칼꿩의다리,Thalictrum baicalense Turcz.,미나리아재비과,Ranunculaceae,6,7,Y,N,높이 50-100cm
727,그늘꿩의다리,Thalictrum osmorhizoides Nakai,미나리아재비과,Ranunculaceae,7,7,N,Y,높이 20-50cm
728,꼭지연잎꿩의다리,Thalictrum ichangense Lecoy. ex Oliv.,미나리아재비과,Ranunculaceae,6,6,N,N,높이가 20cm에 달한다.
729,발톱꿩의다리,Thalictrum sparsiflorum Turcz. ex Fisch. & Mey.,미나리아재비과,Ranunculaceae,6,7,N,N,높이 1m
730,연잎꿩의다리,Thalictrum coreanum H.L?v.,미나리아재비과,Ranunculaceae,6,8,Y,Y,높이 20~80cm
731,금꿩의다리,Thalictrum rochebrunianum var. grandisepalum (H.L?v.) Nakai,미나리아재비과,Ranunculaceae,7,8,N,N,높이 70-100cm정도 된다.
732,개구리발톱,Semiaquilegia adoxoides (DC.) Makino,미나리아재비과,Ranunculaceae,4,5,N,N,높이 15~30cm이다.
733,개구리자리,Ranunculus sceleratus L.,미나리아재비과,Ranunculaceae,4,5,N,N,높이 50cm가량 자란다.
734,애기미나리아재비,Ranunculus acris L.,미나리아재비과,Ranunculaceae,6,7,N,N,높이 10-50cm
735,매화마름,Ranunculus kazusensis Makino,미나리아재비과,Ranunculaceae,4,5,Y,N,길이 50cm
736,산미나리아재비,Ranunculus acris var. monticola (Kitag.) Tamura,미나리아재비과,Ranunculaceae,6,8,N,N,높이 20~35cm이다.
737,미나리아재비,Ranunculus japonicus Thunb.,미나리아재비과,Ranunculaceae,6,6,N,N,높이 50cm내외이다.
738,흰미나리아재비,Ranunculus japonicus f. albiflorus Y.N.Lee,미나리아재비과,Ranunculaceae,6,6,N,N,높이 50cm내외이다.
739,젓가락나물,Ranunculus chinensis Bunge,미나리아재비과,Ranunculaceae,6,6,N,N,높이 40-80cm 정도로 자란다.
740,기는미나리아재비,Ranunculus repens L.,미나리아재비과,Ranunculaceae,5,7,N,N,높이 40cm이다.
741,흰왜젓가락나물,Ranunculus quelpaertensis var. albiflorus Y.N.Lee,미나리아재비과,Ranunculaceae,8,8,N,N,높이 15-80cm.
742,겹왜미나리아재비,Ranunculus franchetii f. duplopetalus Y.N.Lee,미나리아재비과,Ranunculaceae,4,5,N,N,높이가 15-20cm이다.
743,털개구리미나리,Ranunculus cantoniensis DC.,미나리아재비과,Ranunculaceae,5,5,N,N,높이 30~80cm
744,개구리미나리,Ranunculus tachiroei Franch. & Sav.,미나리아재비과,Ranunculaceae,6,7,N,N,높이 50-100cm
745,개구리갓,Ranunculus ternatus Thunb.,미나리아재비과,Ranunculaceae,4,5,Y,N,높이 10-25cm.
746,왜미나리아재비,Ranunculus franchetii H.Boissieu,미나리아재비과,Ranunculaceae,4,5,N,N,높이가 15-20cm이다.
747,민매화마름,Ranunculus yezoensis Nakai,미나리아재비과,Ranunculaceae,4,5,N,N,길이 50cm
748,바위미나리아재비,Ranunculus crucilobus H.L?v.,미나리아재비과,Ranunculaceae,5,7,N,N,높이 10cm
749,할미꽃,Pulsatilla koreana (Yabe ex Nakai) Nakai ex Mori,미나리아재비과,Ranunculaceae,4,4,N,N,꽃대의 높이가 30-40cm정도이다.
750,가는잎할미꽃,Pulsatilla cernua (Thunb.) Bercht. & J.Presl,미나리아재비과,Ranunculaceae,4,5,N,N,높이는 10∼30cm이다.
751,분홍할미꽃,Pulsatilla dahurica (Fisch. ex DC.) Spreng.,미나리아재비과,Ranunculaceae,5,5,N,N,높이 20cm 내외이다.
752,노랑할미꽃,Pulsatilla koreana f. flava (Y.N.Lee) W.T.Lee,미나리아재비과,Ranunculaceae,4,4,N,N,높이는 30∼40cm 정도 큰다.
753,산할미꽃,Pulsatilla nivalis Nakai,미나리아재비과,Ranunculaceae,6,7,N,Y,높이가 15-22cm 정도로 자란다.
754,동강할미꽃,Pulsatilla tongkangensis Y.N.Lee & T.C.Lee,미나리아재비과,Ranunculaceae,4,4,Y,Y,높이는 꽃이 필 때 15cm쯤이며 이후에 더 자라 꽃이 진 후에 20cm에 이른다. 
755,긴동강할미꽃,Pulsatilla tongkangensis f. longisepala Y.N.Lee,미나리아재비과,Ranunculaceae,4,4,N,N,키는 꽃이 필 때 15cm쯤이며 이후에 더 자란다.
756,,Pulsatilla davurica Spreng.,미나리아재비과,Ranunculaceae,5,5,N,N,높이는 20-45cm 정도로 자란다.
757,모데미풀,Megaleranthis saniculifolia Ohwi,미나리아재비과,Ranunculaceae,5,5,Y,Y,높이가 20-40cm정도이다.
758,바디풀,Leptopyrum fumarioides (L.) Rchb.,미나리아재비과,Ranunculaceae,5,6,N,N,높이 4~30cm이다.
759,만주바람꽃,Isopyrum manshuricum (Kom.) Kom.,미나리아재비과,Ranunculaceae,4,5,Y,N,높이 20cm
760,변산바람꽃,Eranthis byunsanensis B.Y.Sun,미나리아재비과,Ranunculaceae,3,4,Y,Y,꽃대는 높이 10-30㎝가량.
761,너도바람꽃,Eranthis stellata Maxim.,미나리아재비과,Ranunculaceae,3,4,Y,N,높이 15cm이다.
762,나도바람꽃,Enemion raddeanum Regel,미나리아재비과,Ranunculaceae,5,6,N,N,높이는 20～30cm이다.
763,부전제비고깔,Delphinium maackianum var. lasiophyllum Nakai,미나리아재비과,Ranunculaceae,7,9,N,N,높이 1m에 달한다.
764,털제비고깔,Delphinium maackianum f. lasiocarpum (Regel) Kitag.,미나리아재비과,Ranunculaceae,7,9,N,N,높이 약 1m이다. 
765,큰제비고깔,Delphinium maackianum Regel,미나리아재비과,Ranunculaceae,7,9,Y,N,높이는 1m에 달한다.
766,참제비고깔,Delphinium ornatum Bouche,미나리아재비과,Ranunculaceae,7,7,N,N,높이 90cm
767,흰제비고깔,Delphinium maackianum f. album (Nakai) W.T.Lee,미나리아재비과,Ranunculaceae,7,8,N,N,높이는 1m에 달한다.
768,제비고깔,Delphinium grandiflorum L.,미나리아재비과,Ranunculaceae,7,8,N,N,높이 60cm
769,세잎종덩굴,Clematis koreana Kom.,미나리아재비과,Ranunculaceae,5,5,Y,N,높이가 1m 정도 된다.
770,검종덩굴,Clematis fusca Turcz.,미나리아재비과,Ranunculaceae,6,8,N,N,길이 0.6~2m정도 .
771,조령으아리,Clematis brachyura var. hexasepala Y.N.Lee,미나리아재비과,Ranunculaceae,8,9,N,N,길이 약 2m정도 이다.
772,병조희풀,Clematis heracleifolia DC.,미나리아재비과,Ranunculaceae,8,9,N,N,높이 1m.
773,큰꽃으아리,Clematis patens C.Morren & Decne.,미나리아재비과,Ranunculaceae,5,6,N,N,길이 2~4m이다.
774,개버무리,Clematis serratifolia Rehder,미나리아재비과,Ranunculaceae,8,9,N,N,길이 2m.
775,사위질빵,Clematis apiifolia DC.,미나리아재비과,Ranunculaceae,7,9,N,N,길이 3m.
776,외대으아리,Clematis brachyura Maxim.,미나리아재비과,Ranunculaceae,5,6,N,Y,높이 1m.
777,참으아리,Clematis terniflora DC.,미나리아재비과,Ranunculaceae,7,9,N,N,길이가 5m 정도로 자란다.
778,할미밀망,Clematis trichotoma Nakai,미나리아재비과,Ranunculaceae,6,8,N,Y,"길이 5m, 지름 3cm."
779,좁은잎사위질빵,Clematis hexapetala Pall.,미나리아재비과,Ranunculaceae,6,8,N,N,높이가 50-100cm 정도에 이른다.
780,으아리,Clematis terniflora DC. var. mandshurica (Rupr.) Ohwi,미나리아재비과,Ranunculaceae,5,9,N,N,길이 2m.
781,요강나물,Clematis flabellata Nakai,미나리아재비과,Ranunculaceae,5,6,N,N,높이 30~100cm 정도로 자란다.
782,눈빛승마,Cimicifuga dahurica (Turcz. ex Fisch. & C.A.Mey.) Maxim.,미나리아재비과,Ranunculaceae,8,8,N,N,높이는 2m정도에 이른다.
783,세잎승마,Cimicifuga heracleifolia var. bifida Nakai,미나리아재비과,Ranunculaceae,8,8,Y,Y,높이 1~1.2m이다.
784,촛대승마,Cimicifuga simplex (DC.) Turcz.,미나리아재비과,Ranunculaceae,6,8,N,N,높이가 1m 가량 된다.
785,왜승마,Cimicifuga japonica (Thunb.) Spreng.,미나리아재비과,Ranunculaceae,7,8,N,N,높이 60-80cm
786,승마,Cimicifuga heracleifolia Kom.,미나리아재비과,Ranunculaceae,8,9,N,N,높이 1~2m이다.
787,개승마,Cimicifuga biternata (Siebold & Zucc.) Miq.,미나리아재비과,Ranunculaceae,7,8,N,N,높이 30~100cm이다.
788,황새승마,Cimicifuga foetida L.,미나리아재비과,Ranunculaceae,8,9,N,N,높이 1m.
789,애기동의나물,Caltha natans Pall.,미나리아재비과,Ranunculaceae,6,7,N,N,높이20~50cm이다.
790,동의나물,Caltha palustris L.,미나리아재비과,Ranunculaceae,4,5,N,N,높이 60cm 내외이다.
791,매화바람꽃,Callianthemum insigne (Nakai) Nakai,미나리아재비과,Ranunculaceae,7,8,N,Y,꽃대는 길이 12-20cm로 된다.
792,노랑매발톱,Aquilegia buergeriana var. oxysepala f. pallidiflora (Nakai) M.K.Park,미나리아재비과,Ranunculaceae,6,7,N,N,높이가 50-100cm이다.
793,,Aquilegia flabellata var. pumila Kudo,미나리아재비과,Ranunculaceae,7,8,N,N,높이가 30cm정도에 이른다.
794,,Aquilegia buergeriana Siebold & Zucc.,미나리아재비과,Ranunculaceae,6,7,N,N,높이 50-100cm
795,매발톱,Aquilegia buergeriana var. oxysepala (Trautv. & Meyer) Kitam.,미나리아재비과,Ranunculaceae,5,7,N,N,높이 30~130cm이다.
796,하늘매발톱,Aquilegia japonica Nakai & H. Hara,미나리아재비과,Ranunculaceae,7,8,N,N,높이 15~30cm이다.
797,바이칼바람꽃,Anemone glabrata (Maxim.) Juz.,미나리아재비과,Ranunculaceae,6,6,Y,N,높이가 8cm정도이다.
798,바람꽃,Anemone narcissiflora L.,미나리아재비과,Ranunculaceae,7,8,Y,N,높이가 20-40cm이다.
799,국화바람꽃,Anemone pseudoaltaica H. Hara,미나리아재비과,Ranunculaceae,4,5,N,N,꽃대의 높이 10-30cm
800,꿩의바람꽃,Anemone raddeana Regel,미나리아재비과,Ranunculaceae,4,5,N,N,꽃대는 높이가 15-20cm 이다.
801,세바람꽃,Anemone stolonifera Maxim.,미나리아재비과,Ranunculaceae,5,6,N,N,높이 10-20cm이다.
802,숲바람꽃,Anemone umbrosa C.A.Mey.,미나리아재비과,Ranunculaceae,5,6,Y,N,높이는 15-25cm 정도 된다.
803,가래바람꽃,Anemone dichotoma L.,미나리아재비과,Ranunculaceae,7,8,N,N,높이가 50cm가량 된다.
804,들바람꽃,Anemone amurensis (Korsh.) Kom.,미나리아재비과,Ranunculaceae,4,4,N,N,높이가 15cm정도로 자란다.
805,회리바람꽃,Anemone reflexa Steph. & Willd.,미나리아재비과,Ranunculaceae,5,5,N,N,꽃대의 높이가 20-30cm 정도 자란다.
806,쌍동바람꽃,Anemone rossii S.Moore,미나리아재비과,Ranunculaceae,5,6,N,N,높이 25cm.
807,외대바람꽃,Anemone nikoensis Maxim.,미나리아재비과,Ranunculaceae,4,4,N,N,높이 20-30cm
808,남바람꽃,Anemone flaccida F.Schmidt,미나리아재비과,Ranunculaceae,3,3,Y,N,높이 10~20cm
809,복수초,Adonis amurensis Regel & Radde,미나리아재비과,Ranunculaceae,4,4,N,N,높이가 10-30cm정도이다.
810,개복수초,Adonis pseudoamurensis W.T.Wang,미나리아재비과,Ranunculaceae,3,4,N,N,높이 10~40cm
811,노루삼,Actaea asiatica H. Hara,미나리아재비과,Ranunculaceae,6,6,N,N,높이는 40-70cm로 자란다.
812,붉은노루삼,Actaea erythrocarpa Fisch.,미나리아재비과,Ranunculaceae,6,6,N,N,높이는 40-70cm이다.
813,투구꽃,Aconitum jaluense Kom.,미나리아재비과,Ranunculaceae,9,9,N,N,높이 1m에 달한다.
814,이삭바꽃,Aconitum kusnezoffii Rchb.,미나리아재비과,Ranunculaceae,8,8,Y,N,높이 1m이다.
815,민바꽃,Aconitum ambiguum (Regel) Rchb.,미나리아재비과,Ranunculaceae,7,8,N,N,높이 40~90cm이다.
816,흰진범,Aconitum longecassidatum Nakai,미나리아재비과,Ranunculaceae,8,8,N,N,길이 1m
817,가는돌쩌귀,Aconitum macrorhynchum Turcz.,미나리아재비과,Ranunculaceae,8,9,N,N,높이 1m에 달한다.
818,각시투구꽃,Aconitum monanthum Nakai,미나리아재비과,Ranunculaceae,7,8,N,N,높이 20cm 정도로 자란다.
819,진범,Aconitum pseudolaeve Nakai,미나리아재비과,Ranunculaceae,8,8,N,Y,30~80(2m)cm이다.
820,가는줄돌쩌귀,Aconitum volubile Pall. ex Koelle,미나리아재비과,Ranunculaceae,9,9,N,N,높이 1m.
821,세잎돌쩌귀,Aconitum triphyllum Nakai,미나리아재비과,Ranunculaceae,9,9,N,N,높이 1m에 달한다.
822,흰한라돌쩌귀,Aconitum napiforme f. albiflorum Y.N.Lee,미나리아재비과,Ranunculaceae,9,9,N,N,높이가 45-100cm가량 된다.
823,놋젓가락나물,Aconitum ciliare DC.,미나리아재비과,Ranunculaceae,8,9,N,N,길이 2m
824,세뿔투구꽃,Aconitum austrokoreense Koidz.,미나리아재비과,Ranunculaceae,9,9,Y,Y,높이가 60-80cm정도이다.
825,줄바꽃,Aconitum alboviolaceum Kom.,미나리아재비과,Ranunculaceae,7,9,N,N,높이는 1∼2m이다.
826,선줄바꽃,Aconitum raddeanum Regel,미나리아재비과,Ranunculaceae,8,9,N,N,길이 1~2m에 달한다.
827,키다리바꽃,Aconitum arcuatum Maxim.,미나리아재비과,Ranunculaceae,7,8,N,N,높이 2m
828,지리바꽃,Aconitum chiisanense Nakai,미나리아재비과,Ranunculaceae,7,9,Y,Y,높이 1m가량이다.
829,한라돌쩌귀,Aconitum japonicum subsp. napiforme (H.L?v. & Vaniot) Kadota,미나리아재비과,Ranunculaceae,9,9,Y,N,높이가 45-100cm가량 된다.
830,참줄바꽃,Aconitum villosum Rchb.,미나리아재비과,Ranunculaceae,8,9,N,N,높이 1m
831,노랑투구꽃,Aconitum sibiricum Poir.,미나리아재비과,Ranunculaceae,9,9,Y,N,높이 1-1.5m이다.
832,선투구꽃,Aconitum umbrosum (Korsh.) Kom.,미나리아재비과,Ranunculaceae,7,8,Y,N,높이 1m
833,백부자,Aconitum coreanum (H.L?v.) Rapaics,미나리아재비과,Ranunculaceae,7,8,Y,N,높이가 1m에 이른다.
834,노루귀,Hepatica asiatica Nakai,미나리아재비과,Ranunculaceae,3,4,N,N,높이가 10cm 정도 된다.
835,한계령풀,Leontice microrhyncha S.Moore,매자나무과,Berberidaceae,5,5,Y,N,높이가 30-40cm정도이다.
836,깽깽이풀,Jeffersonia dubia (Maxim.) Benth. & Hook.f. ex Baker & S.Moore,매자나무과,Berberidaceae,4,5,Y,N,높이가 20-30cm 정도로 자란다.
837,삼지구엽초,Epimedium koreanum Nakai,매자나무과,Berberidaceae,4,5,Y,N,높이가 30cm에 달한다.
838,꿩의다리아재비,Caulophyllum robustum Maxim.,매자나무과,Berberidaceae,6,7,N,N,높이 40-80cm이다.
839,왕매발톱나무,Berberis amurensis var. latifolia Nakai,매자나무과,Berberidaceae,5,5,N,N,높이 2m에 이른다.
840,매자나무,Berberis koreana Palib.,매자나무과,Berberidaceae,5,5,N,Y,높이 2m. 
841,매발톱나무,Berberis amurensis Rupr.,매자나무과,Berberidaceae,4,7,N,N,높이 2m. 
842,좁은잎매자,Berberis koreana var. angustifolia Nakai,매자나무과,Berberidaceae,5,5,N,N,높이가 2m에 달한다.
843,당매자나무,Berberis poiretii C.K.Schneid.,매자나무과,Berberidaceae,4,5,N,N,높이 약 2m.
844,연밥매자나무,Berberis koreana var. ellipsoides Nakai,매자나무과,Berberidaceae,5,5,N,Y,높이 2m.
845,섬매발톱나무,Berberis amurensis var. quelpaertensis (Nakai) Nakai,매자나무과,Berberidaceae,5,5,Y,Y,높이 2m 내외.
846,순채,Brasenia schreberi J.F.Gmelin,어항마름과,Cabombaceae,6,8,Y,N,"길이는 6~10cm,직경은 4~6cm정도이다."
847,오성붕어마름,Ceratophyllum demersum var. quadrispinum Makino,붕어마름과,Ceratophyllaceae,7,8,N,N,원줄기는 길이 20-40cm.
848,묏대추나무,Ziziphus jujuba Mill. var. spinosa (Bunge) Hu & C.H.Chow,갈매나무과,Rhamnaceae,5,6,N,N,수고 10m에 달한다.
849,보은대추나무,Ziziphus jujuba var. hoonensis (T.H.Chung) T.B.Lee,갈매나무과,Rhamnaceae,5,7,N,N,수고 8m 정도
850,털상동나무,Sageretia theezans f. tomentosa (C.K.Schneid.) Hara,갈매나무과,Rhamnaceae,10,11,N,N,높이 2m 정도
851,갈매나무,Rhamnus davurica Pall.,갈매나무과,Rhamnaceae,5,6,N,N,높이 5m
852,털갈매나무,Rhamnus koraiensis C.K.Schneid.,갈매나무과,Rhamnaceae,5,6,N,N,높이 2m 정도
853,신갈매나무,Rhamnus diamantiaca Nakai,갈매나무과,Rhamnaceae,5,5,N,N,높이가 2m에 달한다.
854,산황나무,Rhamnus crenata Siebold & Zucc.,갈매나무과,Rhamnaceae,6,7,N,N,높이 3m 정도
855,참갈매나무,Rhamnus ussuriensis J.J.Vassil.,갈매나무과,Rhamnaceae,5,6,N,N,높이 4m.
856,까마귀베개,Rhamnella franguloides (Maxim.) Weberb.,갈매나무과,Rhamnaceae,5,7,N,N,높이 7m 정도로 자란다.
857,갯대추나무,Paliurus ramosissimus (Lour.) Poir.,갈매나무과,Rhamnaceae,6,6,Y,N,높이 2~3m.
858,헛개나무,Hovenia dulcis Thunb.,갈매나무과,Rhamnaceae,7,7,N,N,"높이 10m, 지름 30~40cm."
859,청사조,Berchemia racemosa Siebold & Zucc.,갈매나무과,Rhamnaceae,7,8,Y,N,길이 10m.
860,망개나무,Berchemia berchemiifolia (Makino) Koidz.,갈매나무과,Rhamnaceae,6,6,Y,N,"수고 15m, 직경 40cm까지 자란다."
861,먹넌출,Berchemia floribunda (Wall.) Brongn.,갈매나무과,Rhamnaceae,5,8,Y,N,길이 10m 이상
862,섬머루,Vitis coignetiae f. glabrescens (Nakai) H. Hara,포도과,Vitaceae,6,6,N,N,길이 10m 정도
863,새머루,Vitis flexuosa Thunb.,포도과,Vitaceae,6,6,N,N,길이 3m.
864,왕머루,Vitis amurensis Rupr.,포도과,Vitaceae,6,6,N,N,길이가 10m에 달한다.
865,청까마귀머루,Vitis ficifolia Bunge f. glabrata (Nakai) W.Lee,포도과,Vitaceae,7,7,N,N,길이 2m
866,머루,Vitis coignetiae Pulliat ex Planch.,포도과,Vitaceae,6,6,N,N,길이 10m.
867,까마귀머루,Vitis heyneana Roem. & Schult. subsp. ficifolia (Bunge) C.L.Li,포도과,Vitaceae,7,7,N,N,길이 2m.
868,담쟁이덩굴,Parthenocissus tricuspidata (Siebold & Zucc.) Planch.,포도과,Vitaceae,6,7,N,N,길이 10m.
869,가회톱,Ampelopsis japonica (Thunb.) Makino,포도과,Vitaceae,7,7,N,N,길이 2m이상.
870,개머루,Ampelopsis glandulosa (Wall.) Momiy var. brevipedunculata (Maxim.) Momiy,포도과,Vitaceae,6,7,N,N,길이 5m.
871,대구돌나물,Crassula aquatica (L.) Sch?nland,돌나물과,Crassulaceae,5,6,Y,N,높이 2~6cm.
872,땅채송화,Sedum oryzifolium Makino,돌나물과,Crassulaceae,5,7,N,N,높이 5-12cm정도이다.
873,바위채송화,Sedum polytrichoides Hemsl.,돌나물과,Crassulaceae,8,9,N,N,높이가 10cm가량 된다.
874,돌나물,Sedum sarmentosum Bunge,돌나물과,Crassulaceae,5,6,N,N,높이가 15cm정도이다.
875,돌채송화,Sedum japonicum Siebold ex Miq.,돌나물과,Crassulaceae,5,6,N,N,높이 10~15cm.
876,태백기린초,Sedum latiovalifolium Y.N.Lee,돌나물과,Crassulaceae,6,6,N,Y,높이 20cm가량.
877,말똥비름,Sedum bulbiferum Makino,돌나물과,Crassulaceae,6,8,N,N,높이 7-22cm.
878,돌꽃,Rhodiola elongata (Ledeb.) Fisch. & C.A.Mey.,돌나물과,Crassulaceae,7,8,N,N,높이 10cm 가량 자란다.
879,바위돌꽃,Rhodiola rosea L.,돌나물과,Crassulaceae,7,8,N,N,높이 7-30cm.
880,가지돌꽃,Rhodiola ramosa Nakai,돌나물과,Crassulaceae,7,8,N,N,높이 5~6cm이다.
881,좁은잎돌꽃,Rhodiola angusta Nakai,돌나물과,Crassulaceae,7,8,N,Y,높이 5cm에 달한다.
882,흰좀바위솔,Orostachys minuta f. alba Y.N.Lee,돌나물과,Crassulaceae,9,10,N,N,높이 15cm가량
883,바위솔,Orostachys japonica (Maxim.) A.Berger,돌나물과,Crassulaceae,9,9,N,N,높이 약 30cm이다.
884,둥근바위솔,Orostachys malacophylla (Pall.) Fisch.,돌나물과,Crassulaceae,9,12,N,N,높이 10-30cm 정도로 자란다.
885,,Orostachys sikokianus Ohwi,돌나물과,Crassulaceae,8,9,N,N,높이 10cm 가량.
886,좀바위솔,Orostachys minuta (Kom.) A.Berger,돌나물과,Crassulaceae,9,10,N,N,높이 15cm.
887,잎새바위솔,Orostachys spinosa (L.) Sweet,돌나물과,Crassulaceae,7,8,N,N,높이 5~25cm이다.
888,난쟁이바위솔,Meterostachys sikokianus (Makino) Nakai,돌나물과,Crassulaceae,8,9,N,N,높이는 2~10cm이다.
889,꿩의비름,Hylotelephium erythrostictum (Miq.) H.Ohba,돌나물과,Crassulaceae,8,9,N,N,높이 30-90cm 가량이다.
890,큰꿩의비름,Hylotelephium spectabile (Boreau) H.Ohba,돌나물과,Crassulaceae,8,9,N,N,높이 30~70cm이다.
891,둥근잎꿩의비름,Hylotelephium ussuriense (Kom.) H.Ohba,돌나물과,Crassulaceae,7,8,Y,N,높이 15-25cm정도이다.
892,세잎꿩의비름,Hylotelephium verticillatum (L.) H.Ohba,돌나물과,Crassulaceae,8,9,N,N,높이 30~50cm이다.
893,자주꿩의비름,Hylotelephium pallescens (Freyn) H.Ohba,돌나물과,Crassulaceae,7,9,N,N,높이 30~50cm이다.
894,새끼꿩의비름,Hylotelephium viviparum (Maxim.) H.Ohba,돌나물과,Crassulaceae,8,9,N,N,높이 60cm.
895,큰기린초,Phedimus aizoon (L.) 't Hart var. latifolius (Maxim.) H. Ohba,돌나물과,Crassulaceae,7,8,N,N,높이 약 50cm이다. 
896,기린초,Phedimus kamtschaticus (Fisch. & C.A.Mey.) 't Hart,돌나물과,Crassulaceae,6,8,N,N,높이 5~30cm 가량이다.
897,애기기린초,Phedimus middendorffianus (Maxim.) 't Hart,돌나물과,Crassulaceae,6,8,N,N,높이 20cm가량 된다.
898,섬기린초,Phedimus takesimensis (Nakai) 't Hart,돌나물과,Crassulaceae,7,7,N,Y,높이 50cm.
899,속리기린초,Phedimus zokuriensis (Nakai) 't Hart,돌나물과,Crassulaceae,7,8,N,Y,높이 10~18cm.
900,가는기린초,Phedimus aizoon (L.) 't Hart,돌나물과,Crassulaceae,7,8,N,N,높이 20-50cm 가량 자란다.
901,조록나무,Distylium racemosum Siebold & Zucc.,조록나무과,Hamamelidaceae,4,5,N,N,높이 10 ~ 20m.
902,넓은잎조록나무,Distylium racemosum f. latifolia Nakai,조록나무과,Hamamelidaceae,4,5,N,N,수고 10-20m까지 자란다.
903,히어리,Corylopsis coreana Uyeki,조록나무과,Hamamelidaceae,3,4,Y,N,높이 1 ~ 2m.
904,고슴도치풀,Triumfetta japonica Makino,피나무과,Tiliaceae,8,9,N,N,높이 60-130cm
905,털피나무,Tilia rufa Nakai,피나무과,Tiliaceae,6,6,N,N,높이 10m에 달한다.
906,개염주나무,Tilia semicostata Nakai,피나무과,Tiliaceae,6,6,N,Y,높이 15m
907,찰피나무,Tilia mandshurica Rupr. & Maxim.,피나무과,Tiliaceae,6,6,N,N,높이 10m.
908,연밥피나무,Tilia koreana Nakai,피나무과,Tiliaceae,6,6,N,N,높이 15m에 달한다.
909,평안피나무,Tilia amurensis var. grosseserrata Nakai,피나무과,Tiliaceae,6,6,N,N,높이 20m에 달한다.
910,피나무,Tilia amurensis Rupr.,피나무과,Tiliaceae,6,6,N,N,높이 20m.
911,섬피나무,Tilia insularis Nakai,피나무과,Tiliaceae,7,7,N,Y,"높이 30m,직경 1m에 달한다."
912,뽕잎피나무,Tilia taquetii C.K.Schneid.,피나무과,Tiliaceae,6,6,N,N,높이 4~5m에 달한다.
913,좀장구밤나무,Grewia parviflora f. angusta (Nakai) W.T.Lee,피나무과,Tiliaceae,7,7,N,N,높이 2m에 달한다.
914,장구밤나무,Grewia parviflora Bunge,피나무과,Tiliaceae,7,7,N,N,높이 2m.
915,수까치깨,Corchoropsis tomentosa (Thunb.) Makino,피나무과,Tiliaceae,8,9,N,N,높이 60cm
916,까치깨,Corchoropsis tomentosa (Thunb.) Makino var. psilocarpa (Harms & Loes. ex Gilg & Loes.) C.Y.Wu & Y.Tang,피나무과,Tiliaceae,6,8,N,N,높이 30~90cm
917,멀구슬나무,Melia azedarach L.,멀구슬나무과,Meliaceae,5,6,N,N,높이 15m.
918,이삭물수세미,Myriophyllum spicatum L.,개미탑과,Haloragaceae,6,10,N,N,길이 1m이상 자라는 것도 있다.
919,선물수세미,Myriophyllum ussuriense (Regel) Maxim.,개미탑과,Haloragaceae,7,7,N,N,"수중에 자라는 것은 길이 50cm, 습지의 것은 길이 6-10cm 가량"
920,물수세미,Myriophyllum verticillatum L.,개미탑과,Haloragaceae,8,8,N,N,길이 50cm
921,개미탑,Haloragis micrantha (Thunb.) R.Br. ex Siebold & Zucc.,개미탑과,Haloragaceae,7,8,N,N,키 10~30cm
922,쇠뜨기말풀,Hippuris vulgaris L.,쇠뜨기말풀과,Hippuridaceae,6,8,N,N,"높이 20~50cm, 지름 3~5mm이다. "
923,눈여뀌바늘,Ludwigia ovalis Miq.,바늘꽃과,Onagraceae,7,10,N,N,길이 20-40cm
924,여뀌바늘,Ludwigia prostrata Roxb.,바늘꽃과,Onagraceae,9,9,N,N,높이 30-60cm
925,회령바늘꽃,Epilobium fastigiato-ramosum Nakai,바늘꽃과,Onagraceae,6,8,N,N,높이 20-60cm
926,버들바늘꽃,Epilobium palustre L.,바늘꽃과,Onagraceae,7,8,Y,N,높이가 10-60cm정도로 자란다.
927,바늘꽃,Epilobium pyrricholophum Franch. & Sav.,바늘꽃과,Onagraceae,8,9,N,N,높이 30~90cm
928,돌바늘꽃,Epilobium amurense Hausskn. subsp. cephalostigma (Hausskn.) C.J.Chen & Hoch & P.H.Raven,바늘꽃과,Onagraceae,7,8,N,N,높이 15-60cm
929,큰바늘꽃,Epilobium hirsutum L.,바늘꽃과,Onagraceae,7,8,Y,N,높이가 1m정도로 자란다.
930,줄바늘꽃,Epilobium ciliatum Raf.,바늘꽃과,Onagraceae,7,8,N,N,높이 35-80cm
931,호바늘꽃,Epilobium amurense Hausskn.,바늘꽃과,Onagraceae,7,8,N,N,높이 60-70cm
932,좀바늘꽃,Epilobium tenue Kom.,바늘꽃과,Onagraceae,8,8,N,N,높이 40cm
933,두메바늘꽃,Epilobium angulatum Kitag.,바늘꽃과,Onagraceae,7,8,N,N,높이 15~60cm이다.
934,분홍바늘꽃,Epilobium angustifolium L.,바늘꽃과,Onagraceae,7,8,Y,N,높이가 1.5m정도 된다.
935,넓은잎바늘꽃,Epilobium cephalostigma var. nudicarpum (Kom.) Hara,바늘꽃과,Onagraceae,7,8,N,N,높이 15-60cm
936,명천바늘꽃,Epilobium cylindrostigma Kom.,바늘꽃과,Onagraceae,8,8,N,N,높이 50~60cm이다.
937,,Epilobium angulatum Kom.,바늘꽃과,Onagraceae,8,8,N,N,높이 25cm가량
938,울릉바늘꽃,Epilobium ulleungensis J. M. Chung,바늘꽃과,Onagraceae,7,9,N,N,높이 2~2.4m 정도로 자란다.
939,쥐털이슬,Circaea alpina L.,바늘꽃과,Onagraceae,7,8,N,N,높이가 5-15cm정도로 자란다.
940,말털이슬,Circaea lutetiana L. subsp. quadrisulcata (Maxim.) Asch. & Magnus,바늘꽃과,Onagraceae,7,8,N,N,높이가 30-40cm 정도로 자란다.
941,붉은털이슬,Circaea erubescens Franch. & Sav.,바늘꽃과,Onagraceae,7,8,N,N,높이 20~50cm이다.
942,쇠털이슬,Circaea cordata Royle,바늘꽃과,Onagraceae,7,8,N,N,키 40-50cm
943,털이슬,Circaea mollis Slebold & Zucc.,바늘꽃과,Onagraceae,8,8,N,N,높이 40-60cm
944,푸른말털이슬,Circaea quadrisulcata f. viridicalyx (H. Hara) Kitag.,바늘꽃과,Onagraceae,7,8,N,N,높이 30~40cm이다.
945,둥근정향나무,Syringa velutina var. kamibayashii (Nakai) T.B.Lee,물푸레나무과,Oleaceae,5,5,N,N,높이 1.5m 내외.
946,정향나무,Syringa patula var. kamibayashii (Nakai) M.Y.Kim,물푸레나무과,Oleaceae,5,5,Y,N,높이 1.5m.
947,버들개회나무,Syringa fauriei H.L?v.,물푸레나무과,Oleaceae,5,5,N,Y,2~6m5~6m
948,흰섬개회나무,Syringa patula var. venosa f. lactea K.Kim,물푸레나무과,Oleaceae,5,5,N,N,높이 2~4m.
949,흰정향나무,Syringa patula var. kamibayshii f. lactea (Nakai) M.Y.Kim,물푸레나무과,Oleaceae,5,5,N,N,높이 1.5m
950,개회나무,Syringa reticulata (Blume) H.Hara,물푸레나무과,Oleaceae,6,6,N,N,높이 4 ~ 6m.
951,수수꽃다리,Syringa oblata Lindl. var. dilatata (Nakai) Rehder,물푸레나무과,Oleaceae,4,4,N,N,높이 2 ~ 3m.
952,털개회나무,Syringa pubescens Turcz. subsp. patula (Palib.) M.C.Chang & X.L.Chen,물푸레나무과,Oleaceae,5,6,N,N,높이 3m.
953,수개회나무,Syringa reticulata f. bracteata (Nakai) T.B.Lee,물푸레나무과,Oleaceae,6,6,N,N,높이 4m.
954,긴잎개회나무,Syringa reticulata var. mandshurica f. longifolia T.B.Lee,물푸레나무과,Oleaceae,6,6,N,N,높이 4m
955,섬개회나무,Syringa patula (Palib.) Nakai var. venosa (Nakai) M.Kim,물푸레나무과,Oleaceae,5,5,N,Y,높이 1.5m에 달한다.
956,꽃개회나무,Syringa villosa Vahl subsp. wolfii (C.K.Schneid.) Y.Chen & D.Y.Hong,물푸레나무과,Oleaceae,6,7,Y,N,높이 4 ~ 6m.
957,털긴잎개회나무,Syringa reticulata var. mandshurica f. koreana T.B.Lee,물푸레나무과,Oleaceae,6,6,N,N,높이 4m
958,털꽃개회나무,Syringa formoisissima Nakai var. hirsuta (Nakai) Nakai,물푸레나무과,Oleaceae,6,7,N,N,높이 4-6m
959,들정향나무,Syringa reticulata (Blume) H. Hara,물푸레나무과,Oleaceae,6,6,N,N,높이 4m
960,박달목서,Osmanthus insularis Koidz.,물푸레나무과,Oleaceae,11,12,Y,N,높이 8m.
961,광나무,Ligustrum japonicum Thunb.,물푸레나무과,Oleaceae,7,8,N,N,높이 3 ~ 5m.
962,당광나무,Ligustrum lucidum W.T.Aiton,물푸레나무과,Oleaceae,8,8,N,N,높이는 5-10m 정도로 자란다.
963,쥐똥나무,Ligustrum obtusifolium Siebold & Zucc.,물푸레나무과,Oleaceae,5,6,N,N,"높이 2 ~ 4m, 수관폭 3m."
964,산동쥐똥나무,Ligustrum leucanthum (S.Moore) P.S.Green,물푸레나무과,Oleaceae,5,6,N,Y,키 3m
965,섬쥐똥나무,Ligustrum foliosum Nakai,물푸레나무과,Oleaceae,6,6,N,Y,높이는 1-3m 정도에 이른다.
966,왕쥐똥나무,Ligustrum ovalifolium Hassk.,물푸레나무과,Oleaceae,6,6,N,N,높이 5m.
967,상동잎쥐똥나무,Ligustrum quihoui Carri?re var. latifolium Nakai,물푸레나무과,Oleaceae,7,7,N,N,높이 2m.
968,둥근잎섬쥐똥나무,Ligustrum foliosum Nakai f. ovale Nakai,물푸레나무과,Oleaceae,6,6,N,N,높이 1-3m
969,둥근잎광나무,Ligustrum japonicum Thunb. var. rotundifolium Blume,물푸레나무과,Oleaceae,7,8,N,N,높이 3-5m
970,버들쥐똥나무,Ligustrum salicinum (Nakai) Nakai,물푸레나무과,Oleaceae,5,6,N,N,키 4~6m
971,털쥐똥나무,Ligustrum obtusifolium Siebold & Zucc. var. regelianum Rehder,물푸레나무과,Oleaceae,5,6,N,N,수고 3m 정도
972,좀쇠물푸레,Fraxinus sieboldiana var. angusta Blume,물푸레나무과,Oleaceae,5,5,N,N,높이 10m.
973,물푸레나무,Fraxinus rhynchophylla Hance,물푸레나무과,Oleaceae,5,5,N,N,"높이 10m, 지름 50cm."
974,쇠물푸레나무,Fraxinus sieboldiana Blume,물푸레나무과,Oleaceae,5,5,N,N,높이 10m.
975,들메나무,Fraxinus mandshurica Rupr.,물푸레나무과,Oleaceae,5,5,N,N,"높이 30m, 지름 1m."
976,광릉물푸레,Fraxinus rhynchophylla var. densata (Nakai) Y.N.Lee,물푸레나무과,Oleaceae,5,5,N,N,높이는 8~15m이다. 
977,물들메나무,Fraxinus chiisanensis Nakai,물푸레나무과,Oleaceae,5,5,N,Y,높이 30m.
978,산개나리,Forsythia saxatilis (Nakai) Nakai,물푸레나무과,Oleaceae,4,4,Y,Y,높이 1m.
979,개나리,Forsythia koreana (Rehder) Nakai,물푸레나무과,Oleaceae,4,4,N,Y,높이 3m. 
980,장수만리화,Forsythia nakaii (Uyeki) T.B.Lee,물푸레나무과,Oleaceae,4,4,N,Y,높이 1 ~ 1.5m.
981,만리화,Forsythia ovata Nakai,물푸레나무과,Oleaceae,4,4,Y,Y,높이 1 ~ 1.5m.
982,이팝나무,Chionanthus retusus Lindl. & Paxton,물푸레나무과,Oleaceae,5,6,Y,N,"높이 25m, 지름 50cm."
983,긴잎이팝나무,Chionanthus retusus var. coreana (H.L?v.) Nakai,물푸레나무과,Oleaceae,5,6,N,N,높이 20m
984,분홍미선나무,Abeliophyllum distichum f. lilacinum Nakai,물푸레나무과,Oleaceae,3,4,N,N,높이 1m
985,상아미선나무,Abeliophyllum distichum f. eburneum T.B.Lee,물푸레나무과,Oleaceae,3,4,N,N,높이 1m
986,둥근미선나무,Abeliophyllum distichum var. rotundicarpum T.B.Lee,물푸레나무과,Oleaceae,3,4,N,N,높이 1.5m 정도
987,미선나무,Abeliophyllum distichum Nakai,물푸레나무과,Oleaceae,3,4,Y,Y,높이 1m.
988,푸른미선나무,Abeliophyllum distichum f. viridicalycinum T.B.Lee,물푸레나무과,Oleaceae,3,4,N,N,높이 1m
989,두메양귀비,Papaver radicatum var. pseudoradicatum (Kitag.) Kitag.,양귀비과,Papaveraceae,7,8,N,N,높이는 5~10cm 정도이다.
990,흰두메양귀비,Papaver radicatum var. pseudoradicatum f. albiflorum Y.N.Lee,양귀비과,Papaveraceae,7,8,N,N,높이 5~10cm이다.
991,갈래두메양귀비,Papaver radicatum var. dissectipetalum Y.N.Lee,양귀비과,Papaveraceae,7,7,N,N,높이 5~10cm이다.
992,흰양귀비,Papaver amurense (N.Busch) N.Busch ex Tolm.,양귀비과,Papaveraceae,6,7,N,N,높이 50cm에 달한다.
993,애기똥풀,Chelidonium majus var. asiaticum (Hara) Ohwi,양귀비과,Papaveraceae,5,8,N,N,높이는 30-80cm 가량된다.
994,피나물,Hylomecon vernalis Maxim.,양귀비과,Papaveraceae,4,5,N,N,높이가 30cm 가량 된다.
995,매미꽃,Coreanomecon hylomeconoides Nakai,양귀비과,Papaveraceae,6,7,Y,Y,높이 20-40cm 정도이다.
996,금낭화,Dicentra spectabilis (L.) Lem.,양귀비과,Papaveraceae,5,6,N,N,높이 40-50cm.
997,갈퀴현호색,Corydalis grandicalyx B.U.Oh & Y.S.Kim,양귀비과,Papaveraceae,3,4,N,Y,높이 10~20㎝
998,왜현호색,Corydalis ambigua Cham. & Schleht.,양귀비과,Papaveraceae,4,5,N,N,높이 10-30cm에 이른다.
999,갯괴불주머니,Corydalis platycarpa (Maxim.) Makino,양귀비과,Papaveraceae,4,5,N,N,높이 40-60㎝이다.
1000,괴불주머니,Corydalis pallida (Thunb.) Pers.,양귀비과,Papaveraceae,4,7,N,N,높이 20-50cm
1001,흰왜현호색,Corydalis ambigua f. lacticolora Y.N.Lee,양귀비과,Papaveraceae,4,5,N,N,높이 10-30cm
1002,흰좀현호색,Corydalis decumbens f. albiflorus Y.N.Lee,양귀비과,Papaveraceae,5,5,N,N,높이 10-30cm
1003,자주괴불주머니,Corydalis incisa (Thunb.) Pers.,양귀비과,Papaveraceae,5,5,N,N,높이 20~50cm
1004,선괴불주머니,Corydalis pauciovulata Ohwi,양귀비과,Papaveraceae,6,10,N,N,길이 20~50cm정도이고 털이 없다.
1005,줄현호색,Corydalis bungeana Turcz.,양귀비과,Papaveraceae,4,5,N,N,높이 30~60cm이다.
1006,큰괴불주머니,Corydalis gigantea Trautv. & Meyer,양귀비과,Papaveraceae,6,8,N,N,높이 1.5m에 달한다.
1007,난쟁이현호색,Corydalis humilis B.U.Oh & Y.S.Kim,양귀비과,Papaveraceae,4,4,N,Y,전체가 소형이다. 높이가 4-23㎝이다.
1008,가는괴불주머니,Corydalis raddeana Regel,양귀비과,Papaveraceae,7,9,N,N,길이 60cm.
1009,진펄현호색,Corydalis buschii Nakai,양귀비과,Papaveraceae,4,5,N,N,높이 10~15cm이다.
1010,섬현호색,Corydalis filistipes Nakai,양귀비과,Papaveraceae,5,5,Y,Y,"높이 40cm, 덩이줄기의 지름 2-3cm"
1011,탐라현호색,Corydalis hallaisanensis H.L?v.,양귀비과,Papaveraceae,4,4,N,Y,키가 20㎝ 정도 자란다.
1012,현호색,Corydalis remota Fisch. ex Maxim.,양귀비과,Papaveraceae,4,4,N,N,높이 20cm.
1013,들현호색,Corydalis ternata (Nakai) Nakai,양귀비과,Papaveraceae,4,4,N,N,높이 15cm
1014,눈괴불주머니,Corydalis ochotensis Turcz.,양귀비과,Papaveraceae,6,9,N,N,길이 50~90cm 정도이고 털이 없다.
1015,점현호색,Corydalis maculata B.U.Oh & Y.S.Kim,양귀비과,Papaveraceae,4,5,N,Y,높이가 8-25㎝이다.
1016,산괴불주머니,Corydalis speciosa Maxim.,양귀비과,Papaveraceae,4,6,N,N,높이 50cm 가량된다.
1017,흰자주괴불주머니,Corydalis incisa f. albiflora Y.N.Lee,양귀비과,Papaveraceae,5,5,N,N,높이 20-50cm
1018,좀현호색,Corydalis decumbens (Thunb.) Pers.,양귀비과,Papaveraceae,5,5,N,N,높이 10-30cm
1019,염주괴불주머니,Corydalis heterocarpa Siebold & Zucc.,양귀비과,Papaveraceae,4,5,N,N,높이 40~60cm
1020,줄꽃주머니,Adlumia asiatica Ohwi,양귀비과,Papaveraceae,7,8,N,N,길이가 1m에 달한다.
1021,죽절초,Sarcandra glabra (Thunb.) Nakai,홀아비꽃대과,Chloranthaceae,6,7,Y,N,높이 1m.
1022,꽃대,Chloranthus serratus (Thunb.) Roem. & Schult.,홀아비꽃대과,Chloranthaceae,4,5,Y,N,높이 30~50cm
1023,홀아비꽃대,Chloranthus japonicus Siebold,홀아비꽃대과,Chloranthaceae,4,5,N,N,높이 20-30cm 가량된다.
1024,후추등,Piper kadsura (Choisy) Ohwi,후추과,Piperaceae,6,7,N,N,"길이 4m, 지름 3mm."
1025,삼백초,Saururus chinensis (Lour.) Baill.,삼백초과,Saururaceae,6,8,Y,N,높이 50-100cm이다.
1026,갯질경이,Plantago major f. yezomaritima (Koidz.) Ohwi,질경이과,Plantaginaceae,5,7,N,N,높이 30-60cm
1027,털질경이,Plantago depressa Willd.,질경이과,Plantaginaceae,5,7,N,N,꽃대의 높이가 10-30cm정도로 자란다.
1028,개질경이,Plantago camtschatica Cham. ex Link,질경이과,Plantaginaceae,5,6,N,N,꽃대의 길이 15-30cm
1029,왕질경이,Plantago major var. japonica (Franch. & Sav.) Miyabe,질경이과,Plantaginaceae,5,7,N,N,꽃대의 길이가 50cm정도이다.
1030,질경이,Plantago asiatica L.,질경이과,Plantaginaceae,6,8,N,N,꽃대가 높이 10-50cm 정도 자란다.
1031,갯질경,Limonium tetragonum (Thunb.) Bullock,갯질경과,Plumbaginaceae,9,10,N,N,화경花莖의 높이 30-60cm
1032,개대황,Rumex longifolius DC.,마디풀과,Polygonaceae,5,7,Y,N,높이가 80-120cm 정도로 자란다.
1033,가는잎소리쟁이,Rumex stenophyllus Ledeb.,마디풀과,Polygonaceae,7,8,N,N,높이 30~60cm이다.
1034,금소리쟁이,Rumex maritimus L.,마디풀과,Polygonaceae,7,8,N,N,높이가 30-60cm 정도 된다.
1035,토대황,Rumex aquaticus L.,마디풀과,Polygonaceae,7,8,N,N,높이가 80-150cm 정도된다.
1036,수영,Rumex acetosa L.,마디풀과,Polygonaceae,5,6,N,N,높이 30-80cm.
1037,참소리쟁이,Rumex japonicus Houtt.,마디풀과,Polygonaceae,5,7,N,N,높이 40-100cm.
1038,묵밭소리쟁이,Rumex conglomeratus Murray,마디풀과,Polygonaceae,5,7,N,N,높이가 1m 가량 된다.
1039,호대황,Rumex gmelini Turcz. ex Ledeb.,마디풀과,Polygonaceae,7,8,N,N,높이가 1m 가량된다.
1040,장군풀,Rheum coreanum Nakai,마디풀과,Polygonaceae,7,8,N,Y,높이 2m이상.
1041,큰옥매듭풀,Polygonum bellardii All.,마디풀과,Polygonaceae,8,8,Y,N,높이가 40-50cm 정도 된다.
1042,부산마디풀,Polygonum humifusum Merk ex C.Koch,마디풀과,Polygonaceae,7,9,N,N,높이 10~20cm이다.
1043,개마디풀,Polygonum equisetiforme Sibth. & Sm.,마디풀과,Polygonaceae,8,8,N,N,높이 40-50cm.
1044,마디풀,Polygonum aviculare L.,마디풀과,Polygonaceae,6,7,N,N,높이 30-40cm.
1045,갯마디풀,Polygonum arenastrum Boreau,마디풀과,Polygonaceae,9,10,N,N,높이 80cm이다.
1046,가는개여뀌,Persicaria trigonocarpa (Makino) Nakai,마디풀과,Polygonaceae,8,10,N,N,높이가 30~50cm 정도로 자란다.
1047,솜흰여뀌,Persicaria lapathifolia var. salicifolia Miyabe,마디풀과,Polygonaceae,5,9,N,N,높이 30-60cm.
1048,민미꾸리낚시,Persicaria sieboldii var. aestiva Ohki ex T.B.Lee,마디풀과,Polygonaceae,5,8,N,N,높이가 20-100cm 정도 된다.
1049,끈끈이여뀌,Persicaria viscofera (Makino) Nakai,마디풀과,Polygonaceae,7,8,N,N,높이가 40-80cm 가량 된다.
1050,기생여뀌,Persicaria viscosa (Buch.-Ham. ex D.Don) H.Gross ex Nakai,마디풀과,Polygonaceae,6,9,N,N,높이가 40-120cm 정도이다.
1051,가시여뀌,Persicaria dissitiflora (Hemsl.) H.Gross ex Mori,마디풀과,Polygonaceae,7,8,N,N,높이가 1m 가량 된다.
1052,만주겨이삭여뀌,Persicaria foliosa (H.Lindb.) Kitag.,마디풀과,Polygonaceae,8,9,N,N,높이가 20-30cm 가량 자란다.
1053,개여뀌,Persicaria longiseta (Bruijn) Kitag.,마디풀과,Polygonaceae,6,9,N,N,높이 20~50cm정도.
1054,가는여뀌,Persicaria hydropiper var. fastigiatum Nakai,마디풀과,Polygonaceae,6,9,N,N,높이 40-80cm
1055,흰명아주여뀌,Persicaria lapathifolia f. alba Y.N.Lee,마디풀과,Polygonaceae,7,9,N,N,높이 1m
1056,바늘여뀌,Persicaria bungeana (Turcz.) Nakai ex Mori,마디풀과,Polygonaceae,7,7,N,N,높이 20-60cm정도로 자란다.
1057,이삭여뀌,Persicaria filiformis (Thunb.) Nakai ex Mori,마디풀과,Polygonaceae,7,8,N,N,높이 50-80cm이다.
1058,고마리,Persicaria thunbergii (Siebold & Zucc.) H.Gross,마디풀과,Polygonaceae,8,9,N,N,길이가 1m에 이른다.
1059,긴화살여뀌,Persicaria breviochreata (Makino) Ohwi,마디풀과,Polygonaceae,9,10,N,N,높이가 30-50cm 정도 된다.
1060,긴미꾸리낚시,Persicaria hastatosagittata (Makino) Nakai ex Mori,마디풀과,Polygonaceae,8,10,N,N,길이가 80cm 가량된다.
1061,미꾸리낚시,Persicaria sagittata (L.) H.Gross,마디풀과,Polygonaceae,5,8,N,N,높이가 20-100cm 정도 된다.
1062,털미꾸리낚시,Persicaria sieboldii var. sericea Nakai ex T.B.Lee,마디풀과,Polygonaceae,5,8,N,N,길이 20-100cm.
1063,산여뀌,Persicaria nepalensis (Meisn.) H.Gross,마디풀과,Polygonaceae,8,8,N,N,높이 30cm 정도에 이른다.
1064,장대여뀌,Persicaria posumbu var. laxiflora (Meisn.) H. Hara,마디풀과,Polygonaceae,6,9,N,N,높이가 35-60cm 정도이다.
1065,꽃여뀌,Persicaria conspicua (Nakai) Nakai ex Mori,마디풀과,Polygonaceae,6,7,N,N,높이가 50-70cm 가량된다.
1066,세뿔여뀌,Persicaria debilis (Meisn.) H.Gross ex Mori,마디풀과,Polygonaceae,8,9,N,N,높이 20-40cm 정도 된다.
1067,명아자여뀌,Persicaria nodosa (Pers.) Opiz,마디풀과,Polygonaceae,7,9,N,N,높이 120cm이다.
1068,나도미꾸리낚시,Persicaria maackiana (Regel) Nakai ex Mori,마디풀과,Polygonaceae,7,9,N,N,높이 40-100cm.
1069,며느리배꼽,Persicaria perfoliata (L.) H.Gross,마디풀과,Polygonaceae,7,9,N,N,길이 2m정도 자란다.
1070,며느리밑씻개,Persicaria senticosa (Meisn.) H.Gross ex Nakai,마디풀과,Polygonaceae,7,8,N,N,길이 1-2m정도 자란다.
1071,봄여뀌,Persicaria vulgaris Webb & Moq.,마디풀과,Polygonaceae,5,10,N,N,높이가 20-60cm 가량 된다.
1072,물여뀌,Persicaria amphibia (L.) S.F.Gray,마디풀과,Polygonaceae,8,9,Y,N,키 30-50cm이다.
1073,여뀌,Persicaria hydropiper (L.) Delarbre,마디풀과,Polygonaceae,6,9,N,N,높이 40-80cm 정도로 자란다.
1074,흰꽃여뀌,Persicaria japonica (Meisn.) H.Gross ex Nakai,마디풀과,Polygonaceae,7,8,N,N,높이가 60-100cm 가량 자란다.
1075,흰여뀌,Persicaria lapathifolia (L.) Delarbre,마디풀과,Polygonaceae,5,9,N,N,높이 30-60cm이다.
1076,넓은잎미꾸리낚시,Persicaria muricata (Meisn.) Nemoto,마디풀과,Polygonaceae,9,10,N,N,높이가 50cm 가량 자란다.
1077,새이삭여뀌,Persicaria neofiliformis (Nakai) Ohki,마디풀과,Polygonaceae,7,8,N,N,높이 50-80cm.
1078,좁은잎미꾸리낚시,Persicaria praetermissa (Hook. f.) Hara,마디풀과,Polygonaceae,8,9,N,N,높이 30-80cm 정도로 자란다.
1079,바보여뀌,Persicaria pubescens (Blume) H. Hara,마디풀과,Polygonaceae,8,8,N,N,높이가 40-80cm 정도로 자란다.
1080,큰끈끈이여뀌,Persicaria viscofera var. robusta (Makino) Hiyama,마디풀과,Polygonaceae,7,8,N,N,높이 40-80cm
1081,나도수영,Oxyria digyna (L.) Hill,마디풀과,Polygonaceae,7,8,N,N,꽃대는 높이 10-35cm에 이른다.
1082,호장근,Fallopia japonica (Houtt.) RonseDecr.,마디풀과,Polygonaceae,6,8,N,N,높이가 1m 또는 그 이상으로 자란다.
1083,애기닭의덩굴,Fallopia pauciflora (Maxim.) Kitag.,마디풀과,Polygonaceae,7,7,N,N,높이 1m이다.
1084,나도하수오,Fallopia ciliinervis (Nakai) Hammer,마디풀과,Polygonaceae,6,8,N,N,길이가 2m 가량 자란다.
1085,왕호장근,Fallopia sachalinensis (F.Schmidt) RonseDecr.,마디풀과,Polygonaceae,8,9,N,N,높이 2~3m정도로 자란다.
1086,가는범꼬리,Bistorta alopecuroides (Turcz. ex Besser) Kom.,마디풀과,Polygonaceae,6,7,N,N,높이 15-30cm.
1087,범꼬리,Bistorta manshuriensis (Petrov ex Kom.) Kom.,마디풀과,Polygonaceae,6,7,N,N,꽃대는 높이 30-80cm.
1088,털씨범꼬리,Bistorta vivipara f. roessleri (G.B.Mannageta) Kitag.,마디풀과,Polygonaceae,7,8,N,N,꽃대의 높이 10-30cm.
1089,흰범꼬리,Bistorta incana (Nakai) Nakai ex Mori,마디풀과,Polygonaceae,6,8,N,N,높이 80cm 가량 된다.
1090,호범꼬리,Bistorta ochotensis (Petrov ex Kom.) Kom.,마디풀과,Polygonaceae,7,8,N,N,높이15-30cm에 달한다.
1091,이른범꼬리,Bistorta tenuicaulis (Bisset & S.Moore) Nakai,마디풀과,Polygonaceae,4,5,N,N,꽃대는 높이가 7-15cm 가량 자란다.
1092,참범꼬리,Bistorta pacifica (Petrov ex Kom.) Kom.,마디풀과,Polygonaceae,7,8,N,N,꽃대는 높이 70cm에 이른다.
1093,눈범꼬리,Bistorta suffulta (Maxim.) Greene ex H.Gross,마디풀과,Polygonaceae,5,7,N,N,꽃대의 높이 20-40cm이다.
1094,씨범꼬리,Bistorta vivipara (L.) Gray,마디풀과,Polygonaceae,7,8,N,N,키 10-30cm이다.
1095,애기씨범꼬리,Bistorta vivipara var. angustifolia Nakai,마디풀과,Polygonaceae,7,8,N,N,꽃대의 높이 높이 10-30cm
1096,긴개싱아,Aconogonon ajanense (Regel & Tiling) H. Hara,마디풀과,Polygonaceae,7,8,N,N,높이가 10-30cm 가량 된다.
1097,왜개싱아,Aconogonon divaricatum (L.) Nakai ex T.Mori,마디풀과,Polygonaceae,5,6,N,N,높이가 1m 가량 자란다.
1098,개싱아,Aconogonon micranthum Nakai ex Mori,마디풀과,Polygonaceae,6,8,N,N,높이 1m이다.
1099,얇은개싱아,Aconogonon mollifolium (Kitag.) H. Hara,마디풀과,Polygonaceae,7,8,N,Y,높이가 80cm 가량 된다.
1100,싱아,Aconogonon alpinum (All.) Schur,마디풀과,Polygonaceae,6,8,N,N,높이가 1m 가량 된다.
1101,참개싱아,Aconogonon microcarpum (Kitag.) H. Hara,마디풀과,Polygonaceae,7,8,N,Y,높이가 50cm 정도 된다.
1102,기생꽃,Trientalis europaea L. var. arctica (Fisch. ex Hook.) Ledeb.,앵초과,Primulaceae,7,8,Y,N,높이는 약10cm이다.
1103,참기생꽃,Trientalis europaea L.,앵초과,Primulaceae,7,8,N,N,높이 7-25cm
1104,이삭봄맞이,Stimpsonia chamaedrioides C.Wright ex A.Gray,앵초과,Primulaceae,4,4,Y,N,높이 3~12cm
1105,좀설앵초,Primula sachalinensis Nakai,앵초과,Primulaceae,7,8,N,N,꽃대는 높이 10-17cm
1106,흰좀설앵초,Primula sachalinensis f. albida Y.N.Lee,앵초과,Primulaceae,7,8,N,N,꽃대의 높이 10-17cm
1107,한라설앵초,Primula modesta Bisset & S.Moore var. hannasanensis T.Yamaz.,앵초과,Primulaceae,5,6,Y,Y,꽃대는 15cm정도 된다.
1108,종다리꽃,Primula matthioli (L.) V.A.Richt. subsp. pekinensis (V.A.Richt.) Kovt.,앵초과,Primulaceae,7,7,N,N,키 30cm
1109,큰앵초,Primula jesoana Miq.,앵초과,Primulaceae,7,8,N,N,키 30cm 내외
1110,흰앵초,Primula sieboldii f. albiflora Y.N.Lee,앵초과,Primulaceae,4,4,N,N,꽃대는 높이 15-40cm
1111,앵초,Primula sieboldii E.Morren,앵초과,Primulaceae,4,4,N,N,꽃대는 높이 15-40cm
1112,돌앵초,Primula saxatilis Kom.,앵초과,Primulaceae,5,6,N,N,키 30cm
1113,큰까치수염,Lysimachia clethroides Duby,앵초과,Primulaceae,6,8,N,N,높이가 50-100cm 정도에 이른다.
1114,홍도까치수염,Lysimachia pentapetala Bunge,앵초과,Primulaceae,8,8,Y,N,높이 30-80cm
1115,까치수염,Lysimachia barystachys Bunge,앵초과,Primulaceae,6,8,N,N,높이가 50-100cm정도에 이른다.
1116,물까치수염,Lysimachia leucantha Miq.,앵초과,Primulaceae,6,6,Y,N,높이 40-60cm
1117,갯까치수염,Lysimachia mauritiana Lam.,앵초과,Primulaceae,7,8,N,N,높이 10~40cm
1118,좁쌀풀,Lysimachia vulgaris L. var. davurica (Ledeb.) R.Knuth,앵초과,Primulaceae,6,8,N,N,높이 40~80cm
1119,좀가지풀,Lysimachia japonica Thunb.,앵초과,Primulaceae,5,6,N,N,키 7~20cm
1120,진퍼리까치수염,Lysimachia fortunei Maxim.,앵초과,Primulaceae,7,8,Y,N,높이 40~70cm
1121,참좁쌀풀,Lysimachia coreana Nakai,앵초과,Primulaceae,6,7,Y,Y,높이가 50-100cm 가량 된다.
1122,버들까치수염,Lysimachia thyrsiflora L.,앵초과,Primulaceae,6,7,N,N,높이가 30-60cm 정도에 이른다.
1123,섬까치수염,Lysimachia acroadenia Maxim.,앵초과,Primulaceae,6,7,N,N,높이 30-60cm
1124,갯봄맞이,Lysimachia maritima (L.) Galasso & Banfi & Soldano,앵초과,Primulaceae,8,9,Y,N,높이 5-20cm
1125,탐라까치수염,Lysimachia quelpaertensis K.H.Tae & J.S.Lee,앵초과,Primulaceae,6,8,N,N,높이 40~60cm
1126,고산봄맞이,Androsace lehmanniana Spreng.,앵초과,Primulaceae,6,7,N,N,꽃대의 높이 3-7cm 가량
1127,봄맞이,Androsace umbellata (Lour.) Merr.,앵초과,Primulaceae,4,5,N,N,화경花莖의 높이가 5-10cm정도에 이른다.
1128,금강봄맞이,Androsace cortusaefolia Nakai,앵초과,Primulaceae,6,6,Y,Y,꽃대의 길이 7-12cm
1129,애기봄맞이,Androsace filiformis Retz.,앵초과,Primulaceae,4,5,N,N,키 15cm
1130,뚜껑별꽃,Anagallis arvensis L.,앵초과,Primulaceae,4,5,N,N,높이 10~30cm
1131,멀꿀,Stauntonia hexaphylla (Thunb.) Decne.,으름덩굴과,Lardizabalaceae,5,6,N,N,길이 15m. 
1132,으름덩굴,Akebia quinata (Houtt.) Decne.,으름덩굴과,Lardizabalaceae,4,5,N,N,덩굴 줄기는 5m 정도 자란다.
1133,여덟잎으름,Akebia quinata f. polyphylla (Nakai) Hiyama,으름덩굴과,Lardizabalaceae,4,5,N,N,덩굴 줄기는 5m 정도 자란다.
1134,방기,Sinomenium acutum (Thunb.) Rehder & E.H.Wilson,방기과,Menispermaceae,6,7,N,N,길이 7m
1135,새모래덩굴,Menispermum dauricum DC.,방기과,Menispermaceae,6,7,N,N,길이 1~3m.
1136,털새모래덩굴,Menispermum dauricum f. pilosum (Schneid) Kitag.,방기과,Menispermaceae,6,9,N,N,높이는 1~3m이다.
1137,댕댕이덩굴,Cocculus orbiculatus (L.) DC.,방기과,Menispermaceae,5,6,N,N,길이 3m.
1138,각시수련,Nymphaea tetragona var. minima (Nakai) W.T.Lee,수련과,Nymphaeaceae,6,7,Y,Y,높이가 1m정도로 자란다.
1139,수련,Nymphaea tetragona Georgi,수련과,Nymphaeaceae,6,8,N,N,높이가 1m정도로 자란다.
1140,왜개연꽃,Nuphar pumila (Timm) DC.,수련과,Nymphaeaceae,8,9,N,N,"길이는 6~18cm, 폭은 6~12cm"
1141,남개연,Nuphar pumila var. ozeense (Miki) Hara,수련과,Nymphaeaceae,7,9,N,N,줄기는 약 1m이다.
1142,돌뽕나무,Morus cathayana Hemsl.,뽕나무과,Moraceae,6,6,N,N,높이 8~15m이다.
1143,섬뽕나무,Morus bombycis var. maritima Koidz.,뽕나무과,Moraceae,5,5,N,N,"수고 7-8m, 직경 1m에 이른다."
1144,붉은대산뽕,Morus bombycis var. rubricaulis Uyeki,뽕나무과,Moraceae,5,5,N,N,"수고 7-8m, 직경 1m에 이른다."
1145,산뽕나무,Morus australis Poir.,뽕나무과,Moraceae,5,5,N,N,"높이 7 ~ 8m, 지름 1m. "
1146,꼬리뽕나무,Morus bombycis var. caudatifolia Koidz.,뽕나무과,Moraceae,5,5,N,N,"수고 7-8m, 직경 1m에 이른다."
1147,가새뽕나무,Morus bombycis f. dissecta Nakai ex Mori,뽕나무과,Moraceae,5,5,N,N,"수고 7-8m, 직경 1m에 이른다."
1148,처진뽕나무,Morus alba f. pendula Dippel,뽕나무과,Moraceae,6,6,N,N,높이가 3m 정도에 이른다.
1149,모람,Ficus oxyphylla Miq. ex Zoll.,뽕나무과,Moraceae,7,8,N,N,"길이 2-5m, 지름 8cm까지 자란다."
1150,애기모람,Ficus thunbergii Maxim.,뽕나무과,Moraceae,6,8,N,N,줄기가 2-5m 정도.
1151,좁은잎천선과,Ficus erecta var. sieboldii (Miq.) King,뽕나무과,Moraceae,5,6,N,N,높이 2-4m
1152,천선과나무,Ficus erecta Thunb.,뽕나무과,Moraceae,5,6,N,N,높이 2 ~ 4m. 
1153,뽕모시풀,Fatoua villosa (Thunb.) Nakai,뽕나무과,Moraceae,9,10,N,N,높이 30~80cm이다.
1154,마주잎꾸지나무,Broussonetia papyrifera f. oppositifolia Nakai,뽕나무과,Moraceae,5,6,N,N,"높이가 12m, 지름 60cm에 달한다."
1155,애기닥나무,Broussonetia kazinoki var. humilis Uyeki,뽕나무과,Moraceae,5,6,N,N,수고 1m.
1156,꾸지나무,Broussonetia papyrifera (L.) L'H?r. ex Vent.,뽕나무과,Moraceae,5,6,N,N,"높이가 12m, 지름 60cm에 달한다."
1157,민꾸지나무,Broussonetia papyrifera f. lucida (Hatus.) T.B.Lee,뽕나무과,Moraceae,5,6,N,N,"높이가 12m, 지름 60cm에 달한다."
1158,느티나무,Zelkova serrata (Thunb.) Makino,느릅나무과,Ulmaceae,4,5,N,N,"높이 26m, 지름 3m."
1159,비술나무,Ulmus pumila L.,느릅나무과,Ulmaceae,3,3,N,N,"높이 15m, 지름 1m. "
1160,느릅나무,Ulmus davidiana var. japonica (Rehder) Nakai,느릅나무과,Ulmaceae,3,5,N,N,"높이 30m, 지름 1m."
1161,참느릅나무,Ulmus parvifolia Jacq.,느릅나무과,Ulmaceae,9,9,N,N,"높이 10m, 지름 70cm."
1162,당느릅나무,Ulmus davidiana Planch.,느릅나무과,Ulmaceae,3,5,N,N,"높이 15m, 지름 50~70cm."
1163,난티나무,Ulmus laciniata (Trautv.) Mayr,느릅나무과,Ulmaceae,4,5,N,N,"높이 20m, 지름 1m. "
1164,왕느릅나무,Ulmus macrocarpa Hance,느릅나무과,Ulmaceae,4,4,N,N,높이 10m에 이른다.
1165,시무나무,Hemiptelea davidii (Hance) Planch.,느릅나무과,Ulmaceae,5,5,N,N,"높이 20m, 지름 2m,"
1166,노랑팽나무,Celtis edulis Nakai,느릅나무과,Ulmaceae,5,5,Y,Y,"수고 20m, 직경 1m에 이른다."
1167,팽나무,Celtis sinensis Pers.,느릅나무과,Ulmaceae,4,5,N,N,"높이 20m, 지름 1m."
1168,풍게나무,Celtis jessoensis Koidz.,느릅나무과,Ulmaceae,5,5,N,N,"수고 15m,직경 60㎝."
1169,푸조나무,Aphananthe aspera (Thunb.) Planch.,느릅나무과,Ulmaceae,5,5,N,N,"높이 20m, 지름 2m."
1170,애기쐐기풀,Urtica laetevirens Maxim.,쐐기풀과,Urticaceae,7,10,N,N,높이 50-100cm로 자란다.
1171,가는잎쐐기풀,Urtica angustifolia Fisch. ex Hornem.,쐐기풀과,Urticaceae,7,8,N,N,높이 50-100cm이다.
1172,쐐기풀,Urtica thunbergiana Siebold & Zucc.,쐐기풀과,Urticaceae,7,8,N,N,높이 40~80cm.
1173,산물통이,Pilea japonica (Maxim.) Hand.-Mazz.,쐐기풀과,Urticaceae,9,10,N,N,높이 10-20cm이다.
1174,모시물통이,Pilea mongolica Wedd.,쐐기풀과,Urticaceae,9,9,N,N,높이 30-50cm이다.
1175,큰물통이,Pilea hamaoi Makino,쐐기풀과,Urticaceae,7,9,N,N,높이가 20-40cm 정도로 자란다.
1176,물통이,Pilea peploides (Gaudich.) Hook. & Arn.,쐐기풀과,Urticaceae,7,8,N,N,높이가 5-10cm 정도이다.
1177,펠리온나무,Pellionia scabra Benth.,쐐기풀과,Urticaceae,6,6,N,N,높이 20-40cm
1178,개물통이,Parietaria micrantha Ledeb.,쐐기풀과,Urticaceae,8,8,N,N,높이 15-30cm정도로 자란다.
1179,칠보개물통이,Parietaria micrantha var. coreana (Nakai) Hara,쐐기풀과,Urticaceae,8,8,N,N,높이 15-30m
1180,나도물통이,Nanocnide japonica Blume,쐐기풀과,Urticaceae,4,5,N,N,높이가 10-20cm 정도로 자란다.
1181,혹쐐기풀,Laportea bulbifera (Siebold & Zucc.) Wedd.,쐐기풀과,Urticaceae,7,9,N,N,높이 40-70cm.
1182,큰쐐기풀,Girardinia cuspidata Wedd.,쐐기풀과,Urticaceae,8,9,N,N,키 25-80cm이다.
1183,우산물통이,Elatostema umbellata Blume,쐐기풀과,Urticaceae,4,6,N,N,높이가 15-30cm 정도로 자란다.
1184,몽울풀,Elatostema densiflorum Franch. & Sav.,쐐기풀과,Urticaceae,8,9,Y,N,높이가 10-25cm 정도 된다.
1185,긴잎모시풀,Boehmeria sieboldiana Blume,쐐기풀과,Urticaceae,8,10,N,N,높이가 1-2m 정도에 이른다.
1186,섬모시풀,Boehmeria nivea var. nipononivea (Koidz.) W.T.Wang,쐐기풀과,Urticaceae,8,9,N,N,높이 1~1.5m이다.
1187,풀거북꼬리,Boehmeria tricuspis var. unicuspis Makino,쐐기풀과,Urticaceae,7,8,N,N,높이가 1m 가량 된다.
1188,모시풀,Boehmeria nivea (L.) Gaudich.,쐐기풀과,Urticaceae,7,8,N,N,높이가 1-2m 정도로 자란다.
1189,왕모시풀,Boehmeria pannosa Nakai & Satake,쐐기풀과,Urticaceae,7,10,N,N,높이가 1m 정도로 자란다.
1190,털긴잎모시풀,Boehmeria hirtella Satake,쐐기풀과,Urticaceae,8,10,N,N,높이가 1-2m 정도에 이른다
1191,개모시풀,Boehmeria platanifolia Franch. & Sav.,쐐기풀과,Urticaceae,7,8,N,N,높이가 1m에 이른다.
1192,거북꼬리,Boehmeria tricuspis (Hance) Makino,쐐기풀과,Urticaceae,7,8,N,N,높이가 1m 정도에 이른다.
1193,왜모시풀,Boehmeria longispica Steud.,쐐기풀과,Urticaceae,7,9,N,N,높이 80~100cm이다.
1194,좀깨잎나무,Boehmeria spicata (Thunb.) Thunb.,쐐기풀과,Urticaceae,7,8,N,N,높이 50 ~ 100cm. 
1195,물벼룩이자리,Elatine triandra Schkuhr,물별과,Elatinaceae,6,8,N,N,길이 3~10cm.
1196,이나무,Idesia polycarpa Maxim.,이나무과,Flacourtiaceae,4,5,N,N,높이 15m.
1197,넓은잎제비꽃,Viola mirabilis L.,제비꽃과,Violaceae,4,4,Y,N,높이 15-30cm
1198,왕제비꽃,Viola websteri Hemsl.,제비꽃과,Violaceae,4,5,Y,N,높이 40~60cm
1199,털노랑제비꽃,Viola brevistipulata W.Becker var. minor Nakai,제비꽃과,Violaceae,5,5,N,N,높이 5-22cm
1200,고깔제비꽃,Viola rossii Hemsl.,제비꽃과,Violaceae,4,5,N,N,높이 15cm
1201,뫼제비꽃,Viola selkirkii Pursh ex Goldie,제비꽃과,Violaceae,4,5,N,N,높이는 6cm 정도이다.
1202,구름제비꽃,Viola crassa Makino,제비꽃과,Violaceae,7,7,N,N,높이 5~12cm
1203,갑산제비꽃,Viola kapsanensis Nakai,제비꽃과,Violaceae,5,5,Y,Y,높이 4~10cm
1204,호제비꽃,Viola philippica Cav.,제비꽃과,Violaceae,3,4,N,N,높이가 7-15cm 정도로 자란다.
1205,졸방제비꽃,Viola acuminata Ledeb.,제비꽃과,Violaceae,5,6,N,N,높이가 20-40cm 정도로 자란다.
1206,털긴잎제비꽃,Viola ovato-oblonga (Miq.) Makino f. pubescens F.Maek.,제비꽃과,Violaceae,4,5,N,N,높이 15-20cm
1207,여뀌잎제비꽃,Viola thibaudieri Franch. & Sav.,제비꽃과,Violaceae,4,5,Y,N,높이 40~60cm이다.
1208,반달콩제비꽃,Viola verecunda A.Gray var. semilunaris Maxim.,제비꽃과,Violaceae,4,5,N,N,높이 5~20cm이다.
1209,태백제비꽃,Viola albida Palib.,제비꽃과,Violaceae,4,5,Y,N,높이 25cm
1210,긴잎제비꽃,Viola ovato-oblonga (Miq.) Makino,제비꽃과,Violaceae,4,5,N,N,높이 15-20cm
1211,섬제비꽃,Viola takesimana Nakai,제비꽃과,Violaceae,5,5,N,Y,키 10~15cm 내외
1212,콩제비꽃,Viola arcuata Blume,제비꽃과,Violaceae,4,5,N,N,높이가 5-20cm에 이른다.
1213,낚시제비꽃,Viola grypoceras A.Gray,제비꽃과,Violaceae,4,5,N,N,"꽃이 필때는 길이 20cm, 열매를 맺을 때는 길이 10-30cm이다."
1214,장백제비꽃,Viola biflora L.,제비꽃과,Violaceae,7,7,Y,N,높이가 5-20cm 정도에 이른다.
1215,민졸방제비꽃,Viola acuminata f. glaberrima (H. Hara) Kitam.,제비꽃과,Violaceae,5,6,N,N,높이 20-40cm
1216,큰졸방제비꽃,Viola kusanoana Makino,제비꽃과,Violaceae,5,5,N,N,높이 20-40cm
1217,노랑제비꽃,Viola orientalis (Maxim.) W.Becker,제비꽃과,Violaceae,4,6,N,N,높이가 10-20cm 정도에 이른다.
1218,왜졸방제비꽃,Viola sacchalinensis H.Boissieu,제비꽃과,Violaceae,5,5,N,N,"개화기의 키는 2-5cm, 결실기의 키는 10-25cm 정도이다."
1219,둥근털제비꽃,Viola collina Besser,제비꽃과,Violaceae,4,5,N,N,높이가 3-8(20)cm정도로 자란다.
1220,화엄제비꽃,Viola ibukiana Makino,제비꽃과,Violaceae,4,4,Y,N,높이 10cm
1221,제비꽃,Viola mandshurica W.Becker,제비꽃과,Violaceae,4,5,N,N,높이가 10-15(24㎝)cm정도로 자란다.
1222,선제비꽃,Viola raddeana Regel,제비꽃과,Violaceae,5,6,Y,N,높이 30-50cm
1223,,Viola dissecta var. pubescens (Regel) Kitag.,제비꽃과,Violaceae,4,5,N,N,꽃대의 높이 6-10cm
1224,울릉제비꽃,Viola ulleungdoensis M.Kim & J.S.Lee,제비꽃과,Violaceae,4,4,N,N,높이 10~20cm 정도로 자란다.
1225,덩굴닭의장풀,Streptolirion volubile Edgew.,닭의장풀과,Commelinaceae,7,8,N,N,길이 2-3m정도 자란다.
1226,나도생강,Pollia japonica Thunb.,닭의장풀과,Commelinaceae,8,9,Y,N,높이는 30-80㎝
1227,닭의장풀,Commelina communis L.,닭의장풀과,Commelinaceae,7,8,N,N,높이 15-50cm이다.
1228,흰꽃좀닭의장풀,Commelina communis f. leucantha var. angustifolia Nakai,닭의장풀과,Commelinaceae,6,8,N,N,높이 15~50cm이다.
1229,애기닭의장풀,Commelina mina Y.N.Lee & Y.J.Oh,닭의장풀과,Commelinaceae,7,9,N,N,높이 15-50㎝
1230,사마귀풀,Aneilema keisak (Hassk.) Hand.-Mazz.,닭의장풀과,Commelinaceae,8,9,N,N,높이 10-30cm이다.
1231,실개수염,Eriocaulon decemflorum var. nipponicum (Maxim.) Nakai,곡정초과,Eriocaulaceae,8,8,N,N,높이 5~30cm로 변이가
1232,좀개수염,Eriocaulon decemflorum Maxim.,곡정초과,Eriocaulaceae,8,8,N,N,화경花莖은 높이 5-15cm
1233,검은개수염,Eriocaulon parvum K?rn.,곡정초과,Eriocaulaceae,8,9,N,N,꽃대는 길이 10-20cm.
1234,흰개수염,Eriocaulon sikokianum Maxim.,곡정초과,Eriocaulaceae,7,8,N,N,꽃대는 높이 15-40cm.
1235,가지곡정초,Eriocaulon cauliferum Makino,곡정초과,Eriocaulaceae,8,9,N,N,"높이 4-20cm, 나비 3.5-5mm"
1236,넓은잎개수염,Eriocaulon robustius (Maxim.) Makino,곡정초과,Eriocaulaceae,7,8,N,N,꽃대의 높이 4-25cm이나 장단의 차이가 심하다.
1237,곡정초,Eriocaulon sieboldianum Siebold & Zucc.,곡정초과,Eriocaulaceae,8,9,N,N,화경花莖은 높이 5~15cm.
1238,층층고랭이,Cladium chinense Nees,사초과,Cyperaceae,8,10,N,N,높이는 1~2m정도이다.
1239,애기황새풀,Trichophorum alpinum (L.) Pers.,사초과,Cyperaceae,6,7,N,N,높이 10-30㎝
1240,무등풀,Scleria mutoensis Nakai,사초과,Cyperaceae,8,8,Y,Y,높이 20-40㎝
1241,너도고랭이,Scleria parvula Steud.,사초과,Cyperaceae,8,8,N,N,높이는 40-50㎝
1242,도루박이,Scirpus radicans Schkuhr,사초과,Cyperaceae,8,10,N,N,높이 1-1.5m로 자란다.
1243,좀송이고랭이,Scirpus mucronatus L.,사초과,Cyperaceae,8,10,N,N,"꽃대는 높이 50-130cm, 지름 6-10mm"
1244,황새고랭이,Scirpus maximowiczii C.B.Clarke,사초과,Cyperaceae,7,8,N,N,꽃대는 높이 15-40cm이다.
1245,방울고랭이,Scirpus wichurae Boeck.,사초과,Cyperaceae,8,10,N,N,높이 1~1.5m이다.
1246,광능골,Scirpus komarovii Roshev.,사초과,Cyperaceae,6,8,N,N,높이 20-50㎝
1247,솔방울고랭이,Scirpus karuisawensis Makino,사초과,Cyperaceae,7,9,N,N,높이 80-150cm이다.
1248,좀솔방울고랭이,Scirpus fuirenoides Maxim.,사초과,Cyperaceae,8,10,N,N,높이는 80~120cm이다.
1249,올챙이고랭이,Schoenoplectus juncoides (Roxb.) Palla,사초과,Cyperaceae,7,10,N,N,높이 15~70cm이다.
1250,큰고랭이,Schoenoplectus tabernaemontani (C.C.Gmel.) Palla,사초과,Cyperaceae,7,10,N,N,"높이 80-200cm, 지름 1-2cm"
1251,제주올챙이골,Schoenoplectus lineolatus (Franch. & Sav.) T.Koyama,사초과,Cyperaceae,7,10,N,N,키는 7-30㎝이다.
1252,세모고랭이,Schoenoplectus triqueter (L.) Palla,사초과,Cyperaceae,7,10,N,N,"꽃대는 높이 50~120cm, 지름 5-9mm."
1253,물고랭이,Schoenoplectus nipponicus (Makino) Soj?k,사초과,Cyperaceae,7,10,N,N,"높이가 40-90cm, 지름 2-4mm."
1254,송이고랭이,Schoenoplectus triangulatus (Roxb.) Soj?k,사초과,Cyperaceae,5,9,N,N,높이 50-120cm.
1255,수원고랭이,Schoenoplectus wallichii (Nees) T.Koyama,사초과,Cyperaceae,8,10,N,N,"꽃대는 높이 15-40cm, 지름 0.7-1mm."
1256,골풀아재비,Rhynchospora faberi C.B.Clarke,사초과,Cyperaceae,7,8,N,N,꽃대는 높이 10-40cm.
1257,좀고양이수염,Rhynchospora fujiiana Makino,사초과,Cyperaceae,8,10,N,N,높이는 30-90㎝
1258,붉은골풀아재비,Rhynchospora rubra (Lour.) Makino,사초과,Cyperaceae,9,9,Y,N,높이는 30-40㎝
1259,한라골풀아재비,Rhynchospora malasica C.B.Clarke,사초과,Cyperaceae,7,8,N,N,높이 40~80cm이다.
1260,고양이수염,Rhynchospora chinensis Nees & Meyen ex Nees,사초과,Cyperaceae,9,9,N,N,높이는 30-60㎝
1261,큰고양이수염,Rhynchospora fauriei Franch.,사초과,Cyperaceae,7,10,N,N,꽃대의 높이 40-60㎝
1262,흰고양이수염,Rhynchospora alba (L.) Vahl,사초과,Cyperaceae,7,10,N,N,꽃대는 높이 10-60cm이다.
1263,드렁방동사니,Pycreus flavidus (Retz.) T.Koyama,사초과,Cyperaceae,8,10,N,N,높이 10~50cm이다.
1264,방동사니대가리,Pycreus sanguinolentus (Vahl) Nees,사초과,Cyperaceae,7,10,N,N,높이는 10~40cm이다.
1265,갯방동사니,Pycreus polystachyos (Rottb.) P.Beauv.,사초과,Cyperaceae,8,10,N,N,높이 10-40cm.
1266,세대가리,Lipocarpha microcephala (R.Br.) Kunth,사초과,Cyperaceae,8,10,N,N,높이 5~20cm로 자란다.
1267,파대가리,Kyllinga brevifolia Rottb. var. leiolepis (Franch & Sav.) H.Hara,사초과,Cyperaceae,7,10,N,N,높이는 5-20cm이다.
1268,좀바늘사초,Kobresia myosuroides (Vill.) Fiori,사초과,Cyperaceae,7,8,Y,N,높이는 10-25㎝
1269,검정방동사니,Fuirena ciliaris (L.) Roxb.,사초과,Cyperaceae,8,10,N,N,키는 10-40㎝이다.
1270,들하늘지기,Fimbristylis pierotii Miq.,사초과,Cyperaceae,7,10,N,N,길이 5cm정도이다.
1271,하늘지기,Fimbristylis dichotoma (L.) Vahl,사초과,Cyperaceae,7,10,N,N,높이는 15~60cm이다.
1272,바다지기,Fimbristylis cymosa R.Br.,사초과,Cyperaceae,8,9,N,N,꽃대는 높이 15-40cm
1273,제주하늘지기,Fimbristylis schoenoides (Retz.) Vahl,사초과,Cyperaceae,8,10,N,N,높이 10-40㎝
1274,,Fimbristylis complanata (Retz.) Link,사초과,Cyperaceae,7,10,N,N,높이 20-80㎝
1275,검정하늘지기,Fimbristylis diphylloides Makino,사초과,Cyperaceae,8,10,N,N,높이 15-40㎝
1276,가는하늘지기,Fimbristylis dichotoma f. depauperata Ohwi,사초과,Cyperaceae,7,10,N,N,높이 15-60㎝이다.
1277,털하늘지기,Fimbristylis dichotoma f. tomentosa (Vahl) Ohwi,사초과,Cyperaceae,7,10,N,N,높이 15-60㎝이다.
1278,갯하늘지기,Fimbristylis ferruginea (L.) Vahl,사초과,Cyperaceae,8,10,N,N,꽃대는 높이 20-30㎝
1279,꼴하늘지기,Fimbristylis tristachya var. subbispicata (Nees & Meyen) T.Koyama,사초과,Cyperaceae,7,10,N,N,높이 10~60cm이다.
1280,털잎하늘지기,Fimbristylis sericea (Poir.) R.Br.,사초과,Cyperaceae,8,10,N,N,높이 10-30㎝
1281,바람하늘지기,Fimbristylis littoralis Gaudich.,사초과,Cyperaceae,8,10,N,N,높이 10~40cm이다.
1282,민하늘지기,Fimbristylis squarrosa Vahl,사초과,Cyperaceae,8,9,N,N,꽃대는 높이 10~20cm이다.
1283,애기하늘지기,Fimbristylis autumnalis (L.) Roem. & Schult.,사초과,Cyperaceae,7,10,N,N,높이 10-30cm.
1284,큰하늘지기,Fimbristylis longispica Steud.,사초과,Cyperaceae,8,10,N,N,높이는 50-80㎝
1285,암하늘지기,Fimbristylis squarrosa var. esquarrosa Makino,사초과,Cyperaceae,8,9,N,N,꽃대의 높이 10-20cm
1286,밭하늘지기,Fimbristylis stauntonii Debeaux & Franch.,사초과,Cyperaceae,8,10,N,N,높이는 7-30㎝
1287,큰황새풀,Eriophorum latifolium Hoppe,사초과,Cyperaceae,6,7,N,N,꽃대는 높이 30-50cm이다.
1288,작은황새풀,Eriophorum gracile W.D.J. Koch,사초과,Cyperaceae,5,6,Y,N,높이 20-50㎝
1289,참황새풀,Eriophorum angustifolium Honck.,사초과,Cyperaceae,7,7,N,N,높이 20~40cm이다.
1290,황새풀,Eriophorum vaginatum L.,사초과,Cyperaceae,6,7,N,N,높이 30-60cm이다.
1291,원산바늘골,Eleocharis congesta var. thermalis (Hulten) T.Koyama,사초과,Cyperaceae,6,7,N,N,키는 25-50㎝이다.
1292,바늘골,Eleocharis congesta D.Don,사초과,Cyperaceae,6,10,N,N,"꽃대는 높이 5~40cm, 지름 0.2-1.0mm이다."
1293,올방개,Eleocharis kuroguwai Ohwi,사초과,Cyperaceae,7,10,N,N,"꽃대는 높이 50~90cm, 지름 3-4mm."
1294,쇠털골,Eleocharis acicularis var. longiseta Svenson,사초과,Cyperaceae,6,10,N,N,꽃대의 높이는 3-10㎝에 달한다.
1295,,Eleocharis congesta var. maximowiczii Ohwi,사초과,Cyperaceae,6,10,N,N,화경은 높이 5-40㎝이다.
1296,좀네모골,Eleocharis wichurae Boeckeler,사초과,Cyperaceae,7,10,N,N,"높이는 20-55㎝, 지름 0.6-2mm"
1297,참바늘골,Eleocharis attenuata f. laeviseta (Nakai) H. Hara,사초과,Cyperaceae,7,10,N,N,"높이 25~55cm, 지름 1mm 정도이다."
1298,물꼬챙이골,Eleocharis mamillata var. cyclocarpa Kitag.,사초과,Cyperaceae,7,10,N,N,"꽃대는 높이 30-60cm, 지름 2-5mm."
1299,까락골,Eleocharis equisetiformis (Meinsh.) B.Fedtsch.,사초과,Cyperaceae,7,10,N,N,"높이 30~50cm, 지름 1~2mm이다."
1300,올방개아재비,Eleocharis kamtschatica (C.A.Mey.) Kom.,사초과,Cyperaceae,7,10,N,N,"높이 5-50㎝, 지름1mm"
1301,네모골,Eleocharis tetraquetra Nees,사초과,Cyperaceae,6,10,N,N,키는 20-50㎝이다.
1302,물방동사니,Cyperus glomeratus L.,사초과,Cyperaceae,9,10,N,N,높이 30-90cm이다.
1303,방동사니아재비,Cyperus cyperoides (L.) Kuntze,사초과,Cyperaceae,8,10,N,N,높이 30-80cm정도로 자란다.
1304,참방동사니,Cyperus iria L.,사초과,Cyperaceae,8,10,N,N,높이는 20~30cm이다.
1305,향부자,Cyperus rotundus L.,사초과,Cyperaceae,7,8,N,N,높이 70cm.
1306,방동사니,Cyperus amuricus Maxim.,사초과,Cyperaceae,8,10,N,N,높이 10~60cm이다.
1307,병아리방동사니,Cyperus hakonensis Franch. & Sav.,사초과,Cyperaceae,8,10,N,N,높이 3-15cm이다.
1308,너도방동사니,Cyperus serotinus Rottb.,사초과,Cyperaceae,8,10,N,N,높이 50-100cm이다.
1309,알방동사니,Cyperus difformis L.,사초과,Cyperaceae,8,10,N,N,높이 25-60cm이다.
1310,쇠방동사니,Cyperus orthostachyus Franch. & Sav.,사초과,Cyperaceae,8,10,N,N,높이 20~60cm이다.
1311,푸른방동사니,Cyperus nipponicus Franch. & Sav.,사초과,Cyperaceae,8,9,N,N,높이 10~30cm이다.
1312,금방동사니,Cyperus microiria Steud.,사초과,Cyperaceae,8,9,N,N,꽃대는 높이 20~30cm이다.
1313,모기방동사니,Cyperus haspan L.,사초과,Cyperaceae,8,11,N,N,높이 20-30cm.
1314,왕골,Cyperus exaltatus var. iwasakii (Makino) T.Koyama,사초과,Cyperaceae,9,10,N,N,꽃대의 높이 60-200cm.
1315,우산방동사니,Cyperus tenuispica Steud.,사초과,Cyperaceae,8,10,N,N,높이 10-25cm.
1316,호밀사초,Carex loliacea L.,사초과,Cyperaceae,6,7,N,N,키 20-50㎝이다.
1317,산뚝사초,Carex forficula Franch. & Sav.,사초과,Cyperaceae,5,6,N,N,높이 30-50㎝
1318,갯청사초,Carex fibrillosa Franch. & Sav.,사초과,Cyperaceae,4,6,N,N,높이 5-40cm.
1319,선사초,Carex alterniflora Franch.,사초과,Cyperaceae,4,5,N,N,꽃대의 높이 30~50cm이다.
1320,애기사초,Carex conica Boott,사초과,Cyperaceae,4,6,N,N,높이는 20-50㎝
1321,털대사초,Carex ciliato-marginata Nakai,사초과,Cyperaceae,5,7,N,N,꽃대는 높이 5-12㎝이다.
1322,장성사초,Carex kujuzana Ohwi,사초과,Cyperaceae,5,6,N,N,꽃대의 높이 50-60cm
1323,보리사초,Carex jackiana var. macroglossa (Franch. & Sav.) K?k. ex Matsum.,사초과,Cyperaceae,4,6,N,N,높이는 10-30㎝
1324,좀보리사초,Carex pumila Thunb.,사초과,Cyperaceae,6,7,N,N,높이 10~25cm이다.
1325,양뿔사초,Carex capricornis Meinsh. ex Maxim.,사초과,Cyperaceae,5,7,Y,N,꽃대의 높이는 40-70㎝
1326,도깨비사초,Carex dickinsii Franch. & Sav.,사초과,Cyperaceae,5,6,N,N,꽃대의 높이 20~50cm이다.
1327,왕비늘사초,Carex maximowiczii Miq.,사초과,Cyperaceae,5,6,N,N,높이 40~70cm이다.
1328,늪사초,Carex buxbaumii Wahlenb.,사초과,Cyperaceae,6,7,N,N,키 30-40㎝이다.
1329,바위사초,Carex lithophila Turcz.,사초과,Cyperaceae,5,6,N,N,높이는 20-50㎝.
1330,솔잎사초,Carex biwensis Franch.,사초과,Cyperaceae,5,5,N,N,"꽃대는 높이가 15~40cm, 지름 1mm정도이다."
1331,지리대사초,Carex okamotoi Ohwi,사초과,Cyperaceae,4,6,N,Y,꽃대는 높이 15-20cm이다.
1332,천일사초,Carex scabrifolia Steud.,사초과,Cyperaceae,5,7,N,N,높이 30~70cm이다.
1333,갈사초,Carex ligulata Nees,사초과,Cyperaceae,6,7,Y,N,높이 40~80cm이다.
1334,큰물사갓사초,Carex rostrata Stokes,사초과,Cyperaceae,6,7,N,N,높이 40~100cm이다.
1335,그늘실사초,Carex tenuiformis var. neofilipes (Nakai) Ohwi ex Hatus.,사초과,Cyperaceae,5,8,N,Y,높이는 25∼30cm이다.
1336,산꼬리사초,Carex shimidzensis Franch.,사초과,Cyperaceae,5,6,N,N,높이 40~80cm이다.
1337,애기천일사초,Carex subspathacea Wormsk. ex Hornem.,사초과,Cyperaceae,6,7,N,N,키 30㎝이다.
1338,이삭사초,Carex dimorpholepis Steud.,사초과,Cyperaceae,5,6,N,N,높이는 40-80㎝
1339,실청사초,Carex sabynensis Less. ex Kunth,사초과,Cyperaceae,5,7,N,N,높이는 20-50㎝.
1340,가는사초,Carex disperma Dewey,사초과,Cyperaceae,6,7,N,N,꽃대는 길이 20-50㎝.
1341,이삼사초,Carex leucochlora Bunge,사초과,Cyperaceae,4,5,N,N,높이 5~40cm이다.
1342,밀사초,Carex boottiana Hook. & Arn.,사초과,Cyperaceae,4,5,N,N,높이는 30-40㎝
1343,애기바늘사초,Carex hakonensis Franch. & Sav.,사초과,Cyperaceae,5,8,N,N,꽃대의 높이는 10-30㎝
1344,개바늘사초,Carex uda Maxim.,사초과,Cyperaceae,5,5,N,N,"높이는 15-50㎝, 지름 1mm정도."
1345,길뚝사초,Carex bostrychostigma Maxim.,사초과,Cyperaceae,4,5,N,N,꽃대의 높이는 10~40cm이다.
1346,꼬랑사초,Carex mira K?k.,사초과,Cyperaceae,6,6,N,N,높이 20-40㎝
1347,대택사초,Carex limosa L.,사초과,Cyperaceae,5,8,N,N,높이는 20-45㎝
1348,집사초,Carex vaginata Tausch,사초과,Cyperaceae,6,7,N,N,높이는 20-50㎝
1349,흰꼬리사초,Carex brownii Tuck.,사초과,Cyperaceae,4,6,N,N,꽃대의 높이는 30-80㎝
1350,큰천일사초,Carex rugulosa K?k.,사초과,Cyperaceae,5,7,N,N,높이 40-70㎝
1351,숲이삭사초,Carex drymophila Turcz.,사초과,Cyperaceae,5,6,N,N,높이 40~100cm이다.
1352,엷은갈미사초,Carex eleusinoides Turcz. ex Kunth,사초과,Cyperaceae,6,6,N,N,높이 20~50cm이다.
1353,쌀사초,Carex glaucaeformis Meinsh.,사초과,Cyperaceae,5,5,N,N,높이 30~60cm이다.
1354,진남포사초,Carex rigescens (Franch.) V.Krecz.,사초과,Cyperaceae,4,5,N,N,높이는 10~25cm이다.
1355,감둥사초,Carex atrata L.,사초과,Cyperaceae,7,8,N,N,높이 20~35cm이다.
1356,진들검정사초,Carex meyeriana Kunth,사초과,Cyperaceae,6,6,N,N,높이 30-50cm이다.
1357,녹빛실사초,Carex alterniflora var. rubrovaginata J.Oda & Nagam.,사초과,Cyperaceae,4,6,N,N,높이는 20-50㎝.
1358,참삿갓사초,Carex jaluensis Kom.,사초과,Cyperaceae,5,6,N,N,높이는 40-70cm
1359,난사초,Carex lasiolepis Franch.,사초과,Cyperaceae,4,5,N,N,꽃대의 높이 5-15㎝
1360,녹빛사초,Carex quadriflora (K?k.) Ohwi,사초과,Cyperaceae,5,6,N,N,높이는 20-30㎝
1361,한라사초,Carex erythrobasis H.L?v. & Vaniot,사초과,Cyperaceae,5,6,N,Y,높이 10-40㎝
1362,논두렁사초,Carex autumnalis Ohwi,사초과,Cyperaceae,9,10,N,N,키 70-80㎝이다.
1363,일본사초,Carex hondoensis Ohwi,사초과,Cyperaceae,5,7,N,N,높이는 50-70㎝
1364,새방울사초,Carex vesicaria L.,사초과,Cyperaceae,6,7,N,N,높이는 30-100㎝
1365,산양지사초,Carex ulobasis V.I.Krecz.,사초과,Cyperaceae,6,6,N,N,높이 20-40cm이다.
1366,덕진사초,Carex gmelini Hook. & Arn.,사초과,Cyperaceae,6,7,N,N,높이 30-70㎝.
1367,포태사초,Carex siroumensis Koidz.,사초과,Cyperaceae,7,8,N,N,높이 20-30㎝
1368,갈색사초,Carex caryophyllea var. microtricha (Franch.) K?k.,사초과,Cyperaceae,5,7,N,N,높이는10-40㎝
1369,대구사초,Carex paxii K?k.,사초과,Cyperaceae,5,5,Y,N,높이 40-60㎝.
1370,산괭이사초,Carex leiorhyncha C.A.Mey.,사초과,Cyperaceae,6,7,N,N,높이는 20-60㎝가량.
1371,나도별사초,Carex gibba Wahlenb.,사초과,Cyperaceae,5,6,N,N,높이는 30-70㎝.
1372,반들사초,Carex tristachya Thunb.,사초과,Cyperaceae,4,5,N,N,높이는 20-40㎝.
1373,염주사초,Carex ischnostachya Steud.,사초과,Cyperaceae,4,5,Y,N,꽃대는 높이 30-60㎝
1374,무늬사초,Carex maculata Boott,사초과,Cyperaceae,5,6,N,N,높이 20-60㎝
1375,바늘사초,Carex onoei Franch. & Sav.,사초과,Cyperaceae,6,7,N,N,높이 15-30cm이다.
1376,묏풀사초,Carex capillaris L.,사초과,Cyperaceae,7,8,N,N,꽃대는 높이 10-20cm이다.
1377,개찌버리사초,Carex japonica Thunb.,사초과,Cyperaceae,5,6,N,N,꽃대의 높이는 20~40cm이다.
1378,골사초,Carex aphanolepis Franch. & Sav.,사초과,Cyperaceae,5,6,N,N,꽃대의 높이는 20-40㎝
1379,흰사초,Carex doniana Spreng.,사초과,Cyperaceae,5,6,N,N,높이는 30-60㎝
1380,넓은잎피사초,Carex xiphium Kom.,사초과,Cyperaceae,6,7,N,N,높이는 20-40㎝
1381,쇠낚시사초,Carex papulosa Boott,사초과,Cyperaceae,6,7,N,N,높이는 30-50㎝
1382,애기흰사초,Carex mollicula Boott,사초과,Cyperaceae,5,7,N,N,높이는 15-30㎝가량
1383,화살사초,Carex transversa Boott,사초과,Cyperaceae,5,6,N,N,높이는 20-70㎝
1384,물사초,Carex oligosperma Michx.,사초과,Cyperaceae,6,8,N,N,높이는 20-30㎝
1385,잡골사초,Carex aphanolepis var. mixta Nakai,사초과,Cyperaceae,4,6,N,Y,꽃대의 높이 20-40㎝이다.
1386,만주사초,Carex mandshurica Meinsh.,사초과,Cyperaceae,6,7,N,N,높이 20~50cm이다.
1387,주름사초,Carex rugulosa var. graciliculmis (Ohwi) Kitag.,사초과,Cyperaceae,5,7,N,N,높이 40~70cm이다.
1388,산사초,Carex canescens L.,사초과,Cyperaceae,6,7,N,N,높이는 20-60㎝
1389,덩굴사초,Carex pseudocuraica F.Schmidt,사초과,Cyperaceae,6,7,N,N,꽃대의 높이 20-40㎝.
1390,괭이사초,Carex neurocarpa Maxim.,사초과,Cyperaceae,7,8,N,N,높이 30-60cm이다.
1391,가지청사초,Carex polyschoena H.L?v. & Vaniot,사초과,Cyperaceae,4,5,N,N,높이는 30~50㎝
1392,잔솔잎사초,Carex capillacea Boott,사초과,Cyperaceae,4,5,N,N,"꽃대의 높이는 10-30㎝, 지름 0.5mm."
1393,피사초,Carex longirostrata C.A.Mey.,사초과,Cyperaceae,5,6,N,N,높이는 20-40㎝
1394,대사초,Carex siderosticta Hance,사초과,Cyperaceae,7,7,N,N,높이 10-40cm이다.
1395,줄사초,Carex lenta D.Don,사초과,Cyperaceae,8,10,N,N,높이는 40-70㎝
1396,좀도깨비사초,Carex idzuroei Franch. & Sav.,사초과,Cyperaceae,4,6,Y,N,꽃대의 높이는 40-60㎝
1397,벌사초,Carex lasiocarpa Ehrh.,사초과,Cyperaceae,6,8,N,N,높이는 70-100㎝
1398,곱슬사초,Carex glabrescens (K?k.) Ohwi,사초과,Cyperaceae,5,6,N,N,높이는 60-80㎝
1399,망사초,Carex vanheurckii Muell. Arg.,사초과,Cyperaceae,6,6,N,N,높이 15~40cm이다.
1400,수원사초,Carex omiana Franch. & Sav.,사초과,Cyperaceae,5,7,N,N,키 30-50㎝이다.
1401,함북사초,Carex echinata Murr,사초과,Cyperaceae,6,7,N,N,높이는 20-50㎝.
1402,층실사초,Carex remotiuscula Wahlenb.,사초과,Cyperaceae,6,7,N,N,높이는 30-50㎝.
1403,타래사초,Carex maackii Maxim.,사초과,Cyperaceae,6,7,N,N,높이 40-60㎝
1404,바위포기사초,Carex makinoensis Franch.,사초과,Cyperaceae,3,4,N,N,키 40㎝정도이다.
1405,양지사초,Carex nervata Franch. & Sav.,사초과,Cyperaceae,4,5,N,N,높이는 10-30㎝.
1406,부리실청사초,Carex sabynensis var. rostrata (Maxim.) Ohwi,사초과,Cyperaceae,5,7,N,N,높이 20-50㎝이다.
1407,청사초,Carex breviculmis R.Br.,사초과,Cyperaceae,4,6,N,N,높이는 5~40cm이다.
1408,왕밀사초,Carex matsumurae Franch.,사초과,Cyperaceae,6,6,N,N,높이 30-50㎝
1409,그늘사초,Carex lanceolata Boott,사초과,Cyperaceae,4,6,N,N,꽃대의 높이 10~40cm이다.
1410,털사초,Carex pilosa Scop.,사초과,Cyperaceae,6,7,N,N,높이는 30-60㎝
1411,그늘흰사초,Carex planiculmis Kom.,사초과,Cyperaceae,5,6,N,N,높이 40-60㎝
1412,왕삿갓사초,Carex rhynchophysa C.A.Mey.,사초과,Cyperaceae,5,8,N,N,높이는 60-100㎝
1413,모래사초,Carex drymophila var. pilifera K?k.,사초과,Cyperaceae,6,7,N,N,높이 30~40cm이다.
1414,뚝사초,Carex appendiculata (Trautv. & C.A.Mey.) K?k.,사초과,Cyperaceae,5,6,N,N,높이는 20∼80cm이다.
1415,큰산사초,Carex mackenziei V.I.Krecz.,사초과,Cyperaceae,6,7,N,N,키 20-40㎝이다.
1416,산이삭사초,Carex lyngbyei Hornem.,사초과,Cyperaceae,6,8,N,N,높이는 30-100㎝.
1417,좁쌀사초,Carex micrantha K?k.,사초과,Cyperaceae,6,7,N,N,높이는 60㎝
1418,산비늘사초,Carex heterolepis Bunge,사초과,Cyperaceae,5,6,N,N,높이가 20~60cm이다.
1419,백두사초,Carex peiktusani Kom.,사초과,Cyperaceae,7,8,Y,N,높이 40-60㎝
1420,겨사초,Carex mitrata Franch.,사초과,Cyperaceae,4,5,N,N,높이는 10-30㎝
1421,진퍼리사초,Carex arenicola F.Schmidt,사초과,Cyperaceae,4,7,N,N,높이는 10-30㎝.
1422,애괭이사초,Carex laevissima Nakai,사초과,Cyperaceae,5,6,N,N,높이 15~40cm이다.
1423,도랭이사초,Carex nubigena var. albata (Boott) K?k. ex Matsum.,사초과,Cyperaceae,4,6,N,N,높이는 30cm 정도이다.
1424,통보리사초,Carex kobomugi Ohwi,사초과,Cyperaceae,5,7,N,N,높이는 10~20cm이다 .
1425,실사초,Carex fernaldiana H.L?v. & Vaniot,사초과,Cyperaceae,4,5,N,N,높이는 15-30㎝.
1426,가는잎그늘사초,Carex humilis var. nana (H.L?v. & Vaniot) Ohwi,사초과,Cyperaceae,4,5,N,N,높이 3~6cm이다.
1427,눈사초,Carex rupestris All.,사초과,Cyperaceae,7,8,N,N,높이는 10-15㎝
1428,낚시사초,Carex filipes Franch. & Sav.,사초과,Cyperaceae,4,5,N,N,높이는 30~50cm이다.
1429,무산사초,Carex arnellii Christ ex Scheutz,사초과,Cyperaceae,7,7,N,N,꽃대의 높이는 50-70㎝
1430,삿갓사초,Carex dispalata Boott,사초과,Cyperaceae,5,7,N,N,꽃대는 높이 40~100cm이다.
1431,금강산뚝사초,Carex forficula var. scabrida K?k.,사초과,Cyperaceae,5,6,N,N,높이 30-50㎝이다.
1432,후라벨라타사초,Carex flabellata H.L?v. & Vaniot,사초과,Cyperaceae,5,6,N,N,키 40-60㎝이다.
1433,나도그늘사초,Carex tenuiformis H.L?v. & Vaniot,사초과,Cyperaceae,5,8,N,N,높이는 15-40㎝
1434,모기골,Bulbostylis barbata (Rottb.) C.B.Clarke,사초과,Cyperaceae,8,9,N,N,높이는 5-40㎝
1435,꽃하늘지기,Bulbostylis densa (Wall.) Hand.-Mazz.,사초과,Cyperaceae,7,8,N,N,꽃대는 높이 5-40㎝
1436,매자기,Bolboschoenus maritimus (L.) Palla,사초과,Cyperaceae,7,10,N,N,"꽃대는 높이 80-150cm, 지름 7-11mm."
1437,좀매자기,Bolboschoenus planiculmis (F.Schmidt) T.V.Egorova,사초과,Cyperaceae,7,10,N,N,높이 20-100cm이다.
1438,올미,Sagittaria pygmaea Miq.,택사과,Alismataceae,7,9,N,N,꽃대의 길이는 10-25cm이다.
1439,택사,Alisma canaliculatum A.Br. & Bouche,택사과,Alismataceae,7,7,N,N,꽃대의 높이 40-130cm 정도이다.
1440,질경이택사,Alisma orientale (Sam.) Juz.,택사과,Alismataceae,7,8,N,N,꽃대의 높이 60~90cm.
1441,검정말,Hydrilla verticillata (L.f.) Royle,자라풀과,Hydrocharitaceae,8,9,N,N,길이 30-60cm
1442,올챙이솔,Blyxa japonica (Miq.) Maxim. ex Asch. & Gurk.,자라풀과,Hydrocharitaceae,7,8,N,N,길이 5-25cm
1443,올챙이자리,Blyxa aubertii Rich.,자라풀과,Hydrocharitaceae,8,10,N,N,꽃대의 길이 5-7cm정도.
1444,톱니나자스말,Najas minor All.,나자스말과,Najadaceae,7,9,N,N,줄기의 길이가 30cm정도이다.
1445,나자스말,Najas graminea Delile,나자스말과,Najadaceae,7,9,N,N,길이 30cm정도.
1446,대가래,Potamogeton malaianus Miq.,가래과,Potamogetonaceae,7,9,N,N,길이 1m정도 뻗는다.
1447,가래,Potamogeton distinctus A.Benn.,가래과,Potamogetonaceae,7,8,N,N,약 50cm 정도 자란다.
1448,왕거머리말,Zostera asiatica Miki,거머리말과,Zosteraceae,7,8,N,N,길이 3m
1449,수거머리말,Zostera caulescens Miki,거머리말과,Zosteraceae,7,8,N,N,"잎은 길이 150cm, 나비 11-15mm정도 자란다."
1450,거머리말,Zostera marina L.,거머리말과,Zosteraceae,3,4,N,N,잎의 길이 50~100cm
1451,애기거머리말,Zostera nana Roth,거머리말과,Zosteraceae,6,6,N,N,잎의 길이 10-40cm
1452,새우말,Phyllospadix iwatensis Makino,거머리말과,Zosteraceae,3,3,N,N,"줄기 8cm, 잎의 길이 20-100cm"
1453,구름꿩의밥,Luzula oligantha Sam.,골풀과,Juncaceae,6,7,N,N,꽃대는 높이 10-20cm이다.
1454,꿩의밥,Luzula capitata (Miq. ex Franch. & Sav.) Kom.,골풀과,Juncaceae,4,5,N,N,화경花莖은 높이 10~30cm이다.
1455,오대산새밥,Luzula odaesanesis Y.N.Lee & Chae Y.,골풀과,Juncaceae,5,5,N,Y,키는 18-38㎝이다.
1456,두메꿩의밥,Luzula sadetica var. nipponica Satake,골풀과,Juncaceae,6,7,N,N,높이 10~20cm이다.
1457,좀꿩의밥,Luzula wahlenbergii Rupr.,골풀과,Juncaceae,7,8,N,N,높이 15-20㎝
1458,산꿩의밥,Luzula multiflora (Ehrh.) Lej.,골풀과,Juncaceae,5,5,N,N,꽃대는 높이 20-40cm이다.
1459,별꿩의밥,Luzula plumosa E.Mey.,골풀과,Juncaceae,4,5,N,N,꽃대는 높이 12-25cm이다.
1460,산새밥,Luzula pallescens (Wahlenb.) Besser,골풀과,Juncaceae,4,5,N,N,꽃대는 높이 10-25cm이다.
1461,갯골풀,Juncus haenkei E.Mey.,골풀과,Juncaceae,7,8,N,N,높이는 30-70㎝
1462,백두실골풀,Juncus potaninii Buchenau,골풀과,Juncaceae,6,7,N,N,높이는 4-7㎝
1463,눈비녀골풀,Juncus wallichianus J.Gay ex Laharpe,골풀과,Juncaceae,7,8,N,N,높이 10~50cm이다.
1464,참골풀,Juncus brachyspathus Maxim.,골풀과,Juncaceae,7,8,N,N,높이 30㎝
1465,골풀,Juncus effuusus var. decipiens Buchenau,골풀과,Juncaceae,5,7,N,N,높이 25-100cm
1466,비녀골풀,Juncus krameri Franch. & Sav.,골풀과,Juncaceae,7,7,N,N,높이는 30-60㎝
1467,구름골풀,Juncus triglumis L.,골풀과,Juncaceae,7,8,N,N,높이는 10-15㎝
1468,별날개골풀,Juncus diastrophanthus Buchenau,골풀과,Juncaceae,6,7,N,N,"높이 20-40㎝, 나비 2-3mm"
1469,실비녀골풀,Juncus maximowiczii Buchenau,골풀과,Juncaceae,6,7,N,N,높이 10-30cm이다.
1470,길골풀,Juncus tenuis Willd.,골풀과,Juncaceae,6,7,N,N,높이 30~60cm이다.
1471,설령골풀,Juncus triceps Rostk.,골풀과,Juncaceae,7,7,N,N,높이는 25-40㎝
1472,날개골풀,Juncus alatus Franch. & Sav.,골풀과,Juncaceae,6,7,N,N,높이는 25-40㎝
1473,물골풀,Juncus gracillimus (Buchenau) V.I.Krecz. & Gontsch.,골풀과,Juncaceae,5,7,N,N,높이 40-70cm
1474,푸른갯골풀,Juncus setchuensis var. effusoides Buchenau,골풀과,Juncaceae,6,8,N,N,길이 25-50㎝
1475,애기골풀,Juncus bufonius L.,골풀과,Juncaceae,6,7,N,N,높이 8-30㎝
1476,참비녀골풀,Juncus leschenaultii Gay ex Laharpe,골풀과,Juncaceae,6,7,N,N,높이는 20-40㎝
1477,청비녀골풀,Juncus papillosus Franch. & Sav.,골풀과,Juncaceae,7,8,N,N,높이 20-40cm이다.
1478,마,Dioscorea batatas Decne.,마과,Dioscoreaceae,6,7,N,N,길이 1m 이상.
1479,부채마,Dioscorea nipponica Makino,마과,Dioscoreaceae,7,8,N,N,덩굴의 길이가 1-3m 이다.
1480,흰상사화,Lycoris albiflora Koidz.,수선화과,Amaryllidaceae,8,8,N,N,꽃대의 높이는 45cm 정도이다.
1481,진노랑상사화,Lycoris chinensis var. sinuolata K.H.Tae & S.C.Ko,수선화과,Amaryllidaceae,7,8,Y,Y,꽃대 40∼70cm
1482,문주란,Crinum asiaticum var. japonicum Baker,수선화과,Amaryllidaceae,7,9,Y,N,"높이 30~50cm, 지름 3~7cm이며 꽃대는 높이 50-80cm, 지름 1.8cm이다."
1483,노랑붓꽃,Iris koreana Nakai,붓꽃과,Iridaceae,4,6,Y,Y,높이는 20㎝가량
1484,각시붓꽃,Iris rossii Baker,붓꽃과,Iridaceae,4,5,N,N,꽃대는 높이 5-15cm이며 잎은 길이 30cm에 이른다.
1485,붓꽃,Iris sanguinea Donn ex Horn,붓꽃과,Iridaceae,5,6,N,N,높이 약 60cm
1486,만주붓꽃,Iris mandshurica Maxim.,붓꽃과,Iridaceae,5,5,N,N,키는 20㎝가량이다.
1487,노랑무늬붓꽃,Iris odaesanensis Y.N.Lee,붓꽃과,Iridaceae,4,6,Y,N,키는 20㎝가량이다.
1488,흰꽃창포,Iris ensata var. spontanea f. alba Y.N.Lee,붓꽃과,Iridaceae,6,7,N,N,높이 60~120cm이다.
1489,금붓꽃,Iris minutiaurea Makino,붓꽃과,Iridaceae,4,5,Y,N,높이 3.2~8.8cm이다.
1490,부채붓꽃,Iris setosa Pall. ex Link,붓꽃과,Iridaceae,6,7,Y,N,"꽃대는 높이 30-70cm 정도이고 잎은 길이 20-40cm, 나비 1-2cm이다."
1491,난장이붓꽃,Iris uniflora var. caricina Kitag.,붓꽃과,Iridaceae,5,6,Y,N,높이가 5-8cm 정도이다.
1492,진보라붓꽃,Iris sanguinea var. violacea Makino,붓꽃과,Iridaceae,5,6,N,Y,높이 30~60cm이다.
1493,흰붓꽃,Iris sanguinea f. albiflora Y.N.Lee,붓꽃과,Iridaceae,5,6,N,N,높이는 30~60cm이다.
1494,꽃창포,Iris ensata var. spontanea (Makino) Nakai,붓꽃과,Iridaceae,6,7,Y,N,높이 60-120cm가량된다.
1495,타래붓꽃,Iris lactea var. chinensis (Fisch.) Koidz.,붓꽃과,Iridaceae,5,6,N,N,"잎은 길이 40cm, 나비 5mm."
1496,제비붓꽃,Iris laevigata Fisch. ex Turcz.,붓꽃과,Iridaceae,5,6,Y,N,높이 50-70cm.
1497,흰노랑무늬붓꽃,Iris odaesanensis f. albiflora Y.N.Lee,붓꽃과,Iridaceae,4,6,N,N,높이 20cm 가량.
1498,범부채,Belamcanda chinensis (L.) DC.,붓꽃과,Iridaceae,7,8,Y,N,높이 50-100cm.
1499,빌레나무,Maesa japonica (Thunb.) Moritzi & Zoll.,자금우과,Myrsinaceae,4,5,N,N,높이 1~1.5m
1500,백량금,Ardisia crispa (Thunb.) A.DC.,자금우과,Myrsinaceae,6,6,Y,N,높이 1m.
1501,산호수,Ardisia pusilla A.DC.,자금우과,Myrsinaceae,6,6,N,N,높이 5 ~ 8cm.
1502,자금우,Ardisia japonica (Thunb.) Blume,자금우과,Myrsinaceae,6,6,N,N,높이 15 ~ 20cm.
1503,바위수국,Schizophragma hydrangeoides Siebold & Zucc.,수국과,Hydrangeaceae,7,7,N,N,길이 10m.
1504,고광나무,Philadelphus schrenkii Rupr.,수국과,Hydrangeaceae,4,6,N,N,높이 2 ~ 4m.
1505,흰털고광나무,Philadelphus schrenkii var. lasiogynus (Nakai) W.T.Lee,수국과,Hydrangeaceae,4,5,N,N,높이 3m에 달한다.
1506,애기고광나무,Philadelphus pekinensis Rupr.,수국과,Hydrangeaceae,4,5,N,N,높이가 2m정도 자란다.
1507,얇은잎고광나무,Philadelphus tenuifolius Rupr. & Maxim.,수국과,Hydrangeaceae,4,5,N,N,높이 1-3m
1508,꼭지고광나무,Philadelphus schrenkii var. mandshuricus (Maxim.) Kitag.,수국과,Hydrangeaceae,4,5,N,N,높이는 2~4m이다.
1509,양덕고광나무,Philadelphus koreanus Nakai,수국과,Hydrangeaceae,4,5,N,Y,높이 1~3m이다.
1510,나도승마,Kirengeshoma koreana Nakai,수국과,Hydrangeaceae,8,9,Y,Y,높이 30-100cm
1511,탐라산수국,Hydrangea serrata (Thunb.) Ser. f. fertilis Nakai,수국과,Hydrangeaceae,7,8,N,N,높이 1m정도이다
1512,떡잎산수국,Hydrangea serrata (Thunb.) Ser. f. coreana (Nakai) T.B.Lee,수국과,Hydrangeaceae,6,8,N,N,높이 1m정도이다.
1513,꽃산수국,Hydrangea serrata f. buergeri Nakai,수국과,Hydrangeaceae,6,7,N,N,높이 1m정도이다.
1514,등수국,Hydrangea petiolaris Siebold & Zucc.,수국과,Hydrangeaceae,6,7,N,N,길이 20m정도
1515,산수국,Hydrangea macrophylla (Thunb.) Ser. subsp. serrata (Thunb.) Makino,수국과,Hydrangeaceae,7,8,N,N,높이 1m내외.
1516,말발도리,Deutzia parviflora Bunge,수국과,Hydrangeaceae,5,6,N,N,높이 2m.
1517,매화말발도리,Deutzia uniflora Shirai,수국과,Hydrangeaceae,4,5,N,N,높이 1m.
1518,꼬리말발도리,Deutzia paniculata Nakai,수국과,Hydrangeaceae,4,5,Y,Y,높이 2m까지 자란다.
1519,털말발도리,Deutzia parviflora var. amurensis Regel,수국과,Hydrangeaceae,5,6,N,N,높이 2m정도
1520,바위말발도리,Deutzia grandiflora Bunge var. baroniana (Diels) Rehder,수국과,Hydrangeaceae,4,5,N,N,높이 1m정도
1521,물참대,Deutzia glabrata Kom.,수국과,Hydrangeaceae,5,6,N,N,높이 2m.
1522,돈나무,Pittosporum tobira (Thunb.) W.T.Aiton,돈나무과,Pittosporaceae,5,6,N,N,높이 2 ~ 3m.
1523,물싸리풀,Sibbaldianthe semiglabra (Sojak) Mosyakin & Shiyan,장미과,Rosaceae,6,7,N,N,높이가 5-25cm 정도로 자란다.
1524,눈양지꽃,Argentina egedii (Wormsk. ex Hornem.) Rydb.,장미과,Rosaceae,8,8,N,N,높이 15~25cm
1525,둥근잎다정큼,Rhaphiolepis indica var. integerrima (Hook. & Arn.) Rehder ex Ohwi,장미과,Rosaceae,5,6,N,N,높이 2~4m 정도이다.
1526,긴잎다정큼,Rhaphiolepis indica (L.) Lindl. ex Ker var. liukiuensis (Koidz.) Kitam.,장미과,Rosaceae,4,6,N,N,2~4m
1527,다정큼나무,Rhaphiolepis indica (L.) Lindl. ex Ker var. umbellata (Thunb. ex Murray) H.Ohashi,장미과,Rosaceae,4,4,N,N,높이 2 ~ 4m.
1528,나도양지꽃,Waldsteinia ternata (Stephan) Fritsch,장미과,Rosaceae,6,7,N,N,꽃대는 높이 10-15cm이다.
1529,나비국수나무,Stephanandra incisa (Thunb.) Zabel var. quadrifissa (Nakai) T.B.Lee,장미과,Rosaceae,5,6,Y,N,높이 1-2m
1530,국수나무,Stephanandra incisa (Thunb.) Zabel,장미과,Rosaceae,5,6,N,N,높이 1 ~ 2m.
1531,긴잎조팝나무,Spiraea media Schmidt,장미과,Rosaceae,5,6,N,N,높이가 1.5m 정도로 자란다.
1532,아구장나무,Spiraea chartacea Nakai,장미과,Rosaceae,5,5,N,N,높이 2m.
1533,좀조팝나무,Spiraea microgyna Nakai,장미과,Rosaceae,5,6,N,N,높이 1.5m에 달한다.
1534,떡조팝나무,Spiraea chartacea Nakai,장미과,Rosaceae,5,5,Y,Y,높이 1.5m
1535,설악조팝나무,Spiraea pubescens var. lasiocarpa Nakai,장미과,Rosaceae,5,5,N,N,높이 2m에 이른다.
1536,털인가목조팝나무,Spiraea chamaedryfolia var. pilosa Hara,장미과,Rosaceae,5,6,N,N,높이 1m 까지 자란다.
1537,조팝나무,Spiraea prunifolia Siebold & Zucc. f. simpliciflora Nakai,장미과,Rosaceae,4,5,N,N,높이 1.5 ~ 2m.
1538,털긴잎조팝나무,Spiraea media Schmidt var. sericea (Turcz.) Maxim.,장미과,Rosaceae,5,6,N,N,높이 1.5m에 달한다.
1539,당조팝나무,Spiraea chinensis Maxim.,장미과,Rosaceae,5,6,N,N,높이 1.5m 내외이다.
1540,꼬리조팝나무,Spiraea salicifolia L.,장미과,Rosaceae,6,7,N,N,높이 1~ 1.5m.
1541,초평조팝나무,Spiraea pubescens f. leiocarps (Nakai) Kitag.,장미과,Rosaceae,5,5,N,N,높이 2m에 이른다.
1542,갈기조팝나무,Spiraea trichocarpa Nakai,장미과,Rosaceae,5,6,N,N,높이 1~1.5m
1543,인가목조팝나무,Spiraea chamaedryfolia L.,장미과,Rosaceae,5,6,N,N,높이 1m.
1544,덤불조팝나무,Spiraea miyabei Koidz.,장미과,Rosaceae,4,5,N,N,높이 1-1.5m 정도 자란다.
1545,산조팝나무,Spiraea blumei G.Don,장미과,Rosaceae,5,5,N,N,높이 1m.
1546,둥근잎조팝나무,Spiraea betulifolia Pall.,장미과,Rosaceae,7,7,Y,N,높이 1m
1547,참조팝나무,Spiraea fritschiana C.K.Schneid.,장미과,Rosaceae,5,6,N,N,높이 1.5m.
1548,남해조팝나무,Spiraea nankaiensis Nakai,장미과,Rosaceae,4,5,N,N,높이는 1.5∼2m이다. 
1549,흰털당마가목,Sorbus amurensis var. lanata Nakai,장미과,Rosaceae,5,6,N,N,수고 6-8m 정도
1550,마가목,Sorbus commixta Hedl.,장미과,Rosaceae,5,6,N,N,높이 6~8m.
1551,긴잎팥배나무,Sorbus alnifolia f. oblongifolia (Nakai) W.T.Lee,장미과,Rosaceae,5,5,N,N,수고 15m 정도
1552,당마가목,Sorbus pohuashanensis (Hance) Hedl.,장미과,Rosaceae,5,6,N,N,수고 7m
1553,털팥배나무,Sorbus alnifolia f. hirtella (Nakai) W.T.Lee,장미과,Rosaceae,5,6,N,N,수고 15m 정도
1554,산마가목,Sorbus sambucifolia (Cham. & Schltdl.) M.Roem. var. pseudogracilis C.K.Schneid.,장미과,Rosaceae,5,6,N,N,높이 2m
1555,긴팥배나무,Sorbus alnifolia var. lasiocarpa T.B.Lee,장미과,Rosaceae,5,5,N,N,수고 15m 정도
1556,왕털마가목,Sorbus commixta f. rufo-hirtella Nakai,장미과,Rosaceae,5,6,N,N,수고 6-8m 정도
1557,차빛당마가목,Sorbus amurensis var. rufa Nakai,장미과,Rosaceae,5,6,N,Y,수고 6-8m 정도
1558,녹마가목,Sorbus commixta var. rufo-ferruginea Schneid,장미과,Rosaceae,5,6,N,N,수고 6-8m 정도
1559,벌배나무,Sorbus alnifolia var. lobulata (Koidz.) Rehder,장미과,Rosaceae,5,5,N,N,수고 15m 정도
1560,잔털마가목,Sorbus commixta var. pilosa Nakai,장미과,Rosaceae,5,6,N,N,수고 6-8m 정도
1561,청쉬땅나무,Sorbaria sorbifolia f. incerta (C.K.Schneid.) Kitag.,장미과,Rosaceae,6,8,N,N,높이 5-6m에 이른다.
1562,점쉬땅나무,Sorbaria sorbifolia (L.) A.Braun var. glandulifolia J.H.Song & S.P.Hong,장미과,Rosaceae,6,8,N,N,높이 5-6m에 이른다.
1563,쉬땅나무,Sorbaria sorbifolia (L.) A.Braun,장미과,Rosaceae,6,7,N,N,높이 2m.
1564,너도양지꽃,Sibbaldia procumbens L.,장미과,Rosaceae,7,8,N,N,3~12cm
1565,가는오이풀,Sanguisorba x tenuifolia Fisch. ex Link,장미과,Rosaceae,7,9,N,N,높이가 1m 정도로 자란다.
1566,구름오이풀,Sanguisorba argutidens Nakai,장미과,Rosaceae,7,8,N,N,높이는 60cm이다.
1567,자주가는오이풀,Sanguisorba tenuiflora var. purpurea Trautv. & Mey.,장미과,Rosaceae,7,9,N,N,높이가 1m 정도로 자란다.
1568,구슬오이풀,Sanguisorba officinalis var. globularis (Nakai) W.T.Lee,장미과,Rosaceae,8,8,N,N,높이 1m에 달한다.
1569,오이풀,Sanguisorba officinalis L.,장미과,Rosaceae,7,9,N,N,높이 30~150cm
1570,큰오이풀,Sanguisorba stipulata Raf.,장미과,Rosaceae,9,9,N,N,높이가 30-80cm 정도로 자란다.
1571,두메오이풀,Sanguisorba obtusa Maxim.,장미과,Rosaceae,8,8,N,N,높이는 60cm 정도이다.
1572,긴오이풀,Sanguisorba longifolia Bertol.,장미과,Rosaceae,8,9,N,N,높이 1m 정도로 자란다.
1573,산오이풀,Sanguisorba hakusanensis Makino,장미과,Rosaceae,8,9,N,N,높이 40-80cm
1574,나무딸기,Rubus matsumuranus H.L?v. & Vaniot var. concolor (Komarov) Kitag.,장미과,Rosaceae,6,7,N,N,높이가 1m 정도로 자란다.
1575,섬딸기,Rubus ribisoideus Matsum.,장미과,Rosaceae,3,5,N,N,높이 2m.
1576,줄딸기,Rubus pungens Cambess.,장미과,Rosaceae,5,5,N,N,길이 2m 이상.
1577,노란장딸기,Rubus hirsutus var. xanthocarpus Nakai,장미과,Rosaceae,5,6,N,N,높이 20-60㎝ 정도
1578,복분자딸기,Rubus coreanus Miq.,장미과,Rosaceae,5,6,N,N,높이 3m.
1579,멍석딸기,Rubus parvifolius L.,장미과,Rosaceae,5,6,N,N,높이 30cm.
1580,흰곰딸기,Rubus phoenicolasius Maxim. var. albiflorus Nakai ex J.Y.Yang,장미과,Rosaceae,5,6,N,N,길이 3m에 이른다.
1581,겨울딸기,Rubus buergeri Miq.,장미과,Rosaceae,6,7,N,N,길이 2m 정도.
1582,섬나무딸기,Rubus takesimensis Nakai,장미과,Rosaceae,5,6,N,Y,높이 4m 정도
1583,청복분자딸기,Rubus coreanus f. concolor (Nakai) T.B.Lee,장미과,Rosaceae,5,6,N,N,높이 3m에 이른다.
1584,청멍석딸기,Rubus parvifolius f. concolor (Koidz.) Sugim.,장미과,Rosaceae,5,6,N,N,높이가 30㎝정도 자라 사방으로 뻗어 나가는데 2m 정도이다.
1585,곰딸기,Rubus phoenicolasius Maxim.,장미과,Rosaceae,5,6,N,N,길이 3m정도 자란다.
1586,단풍딸기,Rubus palmatus Thunb. var. coptophyllus (A.Gray) Kuntze,장미과,Rosaceae,4,5,Y,N,높이 2m
1587,거문딸기,Rubus trifidus Thunb.,장미과,Rosaceae,6,6,N,N,높이는 2m 정도 자란다.
1588,청수리딸기,Rubus corchorifolius var. oliveri Miq.,장미과,Rosaceae,4,5,N,N,길이 1m 정도
1589,가시딸기,Rubus hongnoensis Nakai,장미과,Rosaceae,5,6,Y,Y,높이 50cm 정도이다.
1590,맥도딸기,Rubus longisepalus Nakai,장미과,Rosaceae,4,4,N,Y,높이 2m.
1591,멍덕딸기,Rubus idaeus L. var. microphyllus Turcz.,장미과,Rosaceae,6,7,N,N,높이는 1m정도이다.
1592,수리딸기,Rubus corchorifolius L.f.,장미과,Rosaceae,4,5,N,N,높이 1m.
1593,가시복분자딸기,Rubus schizostylus H.L?v.,장미과,Rosaceae,5,6,N,Y,높이 0.5∼1.0 m
1594,거지딸기,Rubus sumatranus Miq.,장미과,Rosaceae,4,4,Y,N,높이는 1~1.5m이다.
1595,산딸기,Rubus crataegifolius Bunge,장미과,Rosaceae,5,6,N,N,높이 2m.
1596,장딸기,Rubus hirsutus Thunb.,장미과,Rosaceae,5,6,N,N,높이 20 ~ 60cm.
1597,사슨딸기,Rubus parvifolius var. taquetii T.B.Lee,장미과,Rosaceae,5,6,N,N,높이가 30㎝정도 자라 사방으로 뻗어 나가는데 2m 정도이다.
1598,오엽딸기,Rubus ikenoensis H.L?v. & Vaniot,장미과,Rosaceae,7,7,N,N,높이 10-20㎝에 달한다.
1599,제주장딸기,Rubus hirsutus f. argyi (H.L?v.) W.T.Lee,장미과,Rosaceae,5,6,N,N,높이 20-60㎝ 정도
1600,국경찔레,Rosa jaluana Kom.,장미과,Rosaceae,5,5,N,N,높이 2m 정도
1601,흰인가목,Rosa koreana Kom.,장미과,Rosaceae,5,6,Y,N,높이 1m.
1602,왕용가시,Rosa maximowicziana var. coreana (R.Keller) Kitag.,장미과,Rosaceae,6,8,N,N,길이 10m 까지 이른다.
1603,해당화,Rosa rugosa Thunb.,장미과,Rosaceae,5,7,N,N,높이 1.5m.
1604,흰생열귀나무,Rosa davurica Pall. f. alba (Nakai) T.B.Lee,장미과,Rosaceae,5,5,N,N,높이 1.0-1.5m 정도
1605,용가시나무,Rosa maximowicziana Regel,장미과,Rosaceae,6,8,N,N,길이 10m까지 이른다.
1606,개해당화,Rosa rugosa var. kamtschatica (Vent.) Regel,장미과,Rosaceae,5,7,N,N,높이 1.5m 정도
1607,털찔레,Rosa multiflora var. adenochaeta (Koidz.) Ohwi,장미과,Rosaceae,5,5,N,N,높이 2m 정도
1608,둥근인가목,Rosa spinosissima L.,장미과,Rosaceae,5,6,N,N,높이 1m에 달한다.
1609,민해당화,Rosa rugosa var. chamissoniana C.A.Mey.,장미과,Rosaceae,5,8,N,N,높이 1.5m 정도
1610,민생열귀,Rosa silenidiflora Nakai,장미과,Rosaceae,5,5,N,N,높이 1.0-1.5m 정도
1611,흑산가시,Rosa kokusanensis Nakai,장미과,Rosaceae,6,8,N,Y,땅에 밀착하여 뻗으며 길이가 10m까지 이른다.
1612,털용가시,Rosa maximowicziana var. pilosa (Nakai) Nakai,장미과,Rosaceae,6,8,N,Y,땅에 밀착하여 뻗으며 길이가 10m까지 이른다.
1613,찔레꽃,Rosa multiflora Thunb.,장미과,Rosaceae,5,5,N,N,높이 2m. 
1614,제주찔레,Rosa luciae Franch. & Rchb.,장미과,Rosaceae,5,5,N,N,높이 2m 정도
1615,생열귀나무,Rosa davurica Pall.,장미과,Rosaceae,5,5,N,N,높이 1 ~ 1.5m.
1616,긴생열귀,Rosa davurica var. ellipsoidea Nakai,장미과,Rosaceae,5,5,N,N,높이 1.0-1.5m 정도
1617,좀찔레,Rosa multiflora var. quelpaertensis (H.L?v.) Nakai,장미과,Rosaceae,5,5,N,N,높이 2m 정도
1618,병아리꽃나무,Rhodotypos scandens (Thunb.) Makino,장미과,Rosaceae,4,5,N,N,높이 2m.
1619,콩배나무,Pyrus calleryana Decne. var. fauriei (C.K.Schneid.) Rehder,장미과,Rosaceae,4,5,N,N,높이 3m정도에 이른다.
1620,문배,Pyrus ussuriensis var. seoulensis (Nakai) T.B.Lee,장미과,Rosaceae,4,5,N,N,높이 10m.
1621,금강산돌배,Pyrus ussuriensis var. diamantica Uyeki,장미과,Rosaceae,4,5,N,N,수고 10m 정도
1622,취앙네,Pyrus ussuriensis var. acidula (Nakai) T.B.Lee,장미과,Rosaceae,4,5,N,N,수고 10m 정도
1623,남해배나무,Pyrus ussuriensis var. nankaiensis (Nakai) T.B.Lee,장미과,Rosaceae,4,5,N,N,수고 10m 정도
1624,산돌배,Pyrus ussuriensis Maxim. ex Rupr.,장미과,Rosaceae,4,5,N,N,높이 10m.
1625,들배나무,Pyrus uyematsuana Makino,장미과,Rosaceae,4,5,N,N,높이 6m에 달한다.
1626,위봉배,Pyrus uipongensis Uyeki,장미과,Rosaceae,4,5,N,N,높이 6m
1627,털산돌배,Pyrus ussuriensis var. pubescens Nakai ex Kawamoto ex Nakai,장미과,Rosaceae,4,5,N,N,수고 10m 정도
1628,청실리,Pyrus ussuriensis var. ovoidea Rehder,장미과,Rosaceae,4,5,N,N,높이가 10m에 달한다.
1629,백운배나무,Pyrus hakunensis Nakai,장미과,Rosaceae,4,5,N,N,"높이는 약 4m, 지름은 약 20cm이다."
1630,돌배나무,Pyrus pyrifolia (Burm.f.) Nakai,장미과,Rosaceae,4,5,N,N,높이 5m.
1631,산이스라지,Prunus japonica Thunb.,장미과,Rosaceae,5,5,N,Y,높이 1m 정도
1632,왕벚나무,Prunus x yedoensis Matsum.,장미과,Rosaceae,4,4,Y,N,높이 15m.
1633,벚나무,Prunus serrulata Lindl. f. spontanea (E.H.Wilson) Chin S.Chang,장미과,Rosaceae,4,5,N,N,높이 10 ~ 20m.
1634,꽃벚나무,Prunus serrulata var. sontagiae Nakai,장미과,Rosaceae,4,5,N,N,"수고 20m, 직경 90㎝까지 자란다."
1635,산개벚지나무,Prunus maximowiczii Rupr.,장미과,Rosaceae,4,5,N,N,높이는 15m 정도이다.
1636,귀룽나무,Prunus padus L.,장미과,Rosaceae,5,5,N,N,수고 15m정도
1637,복사앵도나무,Prunus choreiana Nakai ex Im,장미과,Rosaceae,4,4,Y,Y,2~3m
1638,섬개벚나무,Prunus buergeriana Miq.,장미과,Rosaceae,4,5,N,N,높이 10cm
1639,가는잎벚나무,Prunus serrulata var. densiflora (Koehne) Uyeki,장미과,Rosaceae,4,5,N,N,"수고 20m, 직경 90㎝까지 자란다."
1640,시베리아살구,Prunus sibirica L.,장미과,Rosaceae,4,5,N,N,수고 5-10m 정도 자란다.
1641,섬벚나무,Prunus takesimensis Nakai,장미과,Rosaceae,4,4,N,Y,"높이 20m, 지름 90cm."
1642,풀또기,Prunus triloba Lindl. var. truncata Kom.,장미과,Rosaceae,4,5,N,N,높이가 3m에 이른다.
1643,처진개벚나무,Prunus verecunda var. pendula (Nakai) W.T.Lee,장미과,Rosaceae,4,5,N,N,높이가 15m에 이른다.
1644,북개벚지나무,Prunus meyeri Rehder,장미과,Rosaceae,5,5,N,N,"수고 15m, 직경 60㎝ 정도"
1645,사옥,Prunus quelpaertensis Nakai,장미과,Rosaceae,4,5,N,N,높이 20m.
1646,제주벚나무,Prunus yedoensis f. nudiflora (Koehne) Rehder,장미과,Rosaceae,4,4,N,N,높이 15m에 달한다.
1647,털개벚나무,Prunus leveilleana var. pilosa Nakai,장미과,Rosaceae,4,4,N,N,높이는 10m정도이다.
1648,털개살구,Prunus mandshurica f. barbinervis (Nakai) W.T.Lee,장미과,Rosaceae,4,4,N,N,높이 5~10m이다.
1649,개벚지나무,Prunus maackii Rupr.,장미과,Rosaceae,5,5,N,N,높이 15m.
1650,개살구나무,Prunus mandshurica (Maxim.) Koehne,장미과,Rosaceae,4,4,N,N,높이 5~10m
1651,흰귀룽나무,Prunus padus f. glauca (Nakai) Kitag.,장미과,Rosaceae,5,5,N,N,수고 15m에 달한다.
1652,올벚나무,Prunus spachiana (Lavall?e ex Ed.Otto) Kitam. f. ascendens (Makino) Kitam.,장미과,Rosaceae,3,4,N,N,"높이 10m, 지름 1m."
1653,개벚나무,Prunus verecunda (Koidz.) Koehne,장미과,Rosaceae,4,4,N,N,높이가 15m에 이른다.
1654,차빛귀룽,Prunus padus f. rufo-ferruginea (Nakai) W.T.Lee,장미과,Rosaceae,5,5,N,N,수고 15m에 달한다. 
1655,흰털귀룽나무,Prunus padus var. pubescens Regel & Tiling,장미과,Rosaceae,5,6,N,N,수고 15m에 달한다.
1656,산벚나무,Prunus sargentii Rehder,장미과,Rosaceae,4,5,N,N," 높이 20m, 지름 90cm."
1657,털이스라지,Prunus japonica f. rufinervis (Nakai) T.B.Lee,장미과,Rosaceae,5,5,N,N,높이 1m 정도
1658,잔털벚나무,Prunus serrulata Lindl. var. pubescens (Makino) Nakai,장미과,Rosaceae,4,5,N,N,"높이 20m, 지름 90㎝."
1659,털벚나무,Prunus serrulata var. tomentella Nakai,장미과,Rosaceae,4,5,N,N,"수고 20m, 직경 90㎝까지 자란다."
1660,만첩개벚,Prunus verecunda var. semiplena (Nakai) W.T.Lee,장미과,Rosaceae,4,4,N,N,높이 7m 정도
1661,서울귀룽나무,Prunus padus var. seoulensis (H.L?v.) Nakai,장미과,Rosaceae,5,5,N,N,수고 15m에 달한다.
1662,이스라지,Prunus japonica Thunb. var. nakaii (H.Lev.) Rehder,장미과,Rosaceae,5,5,N,N,높이는 1.5m가량.
1663,산복사나무,Prunus davidiana (Carri?re) Franch.,장미과,Rosaceae,4,4,N,N,높이는 5m 정도로 자란다.
1664,빈추나무,Prinsepia sinensis (Oliv.) Oliv. ex Bean,장미과,Rosaceae,4,4,N,N,높이가 1.5m 정도 자란다.
1665,윤노리나무,Pourthiaea villosa (Thunb.) Decne.,장미과,Rosaceae,5,5,N,N,높이 5m.
1666,털윤노리나무,Pourthiaea villosa var. zollingeri (Decne.) C.K.Schneid.,장미과,Rosaceae,5,5,N,N,"수고 5-10m, 직경은 10-20cm 정도"
1667,민윤노리나무,Pourthiaea villosa var. laevis (Thunb.) Stapf,장미과,Rosaceae,5,5,N,N,"수고 5-10m, 직경은 10-20cm 정도"
1668,떡윤노리나무,Pourthiaea villosa var. brunnea (H.L?v.) Nakai,장미과,Rosaceae,5,5,N,Y,"수고 5-10m, 직경은 10-20cm 정도"
1669,딱지꽃,Potentilla chinensis Ser.,장미과,Rosaceae,6,7,N,N,높이 30-60cm 가량이다.
1670,참양지꽃,Potentilla dickinsii var. breviseta Nakai,장미과,Rosaceae,6,7,N,N,높이 10-20㎝
1671,민눈양지꽃,Potentilla rosulifera H.L?v.,장미과,Rosaceae,5,6,N,N,높이 10~20cm
1672,양지꽃,Potentilla fragarioides L.,장미과,Rosaceae,4,6,N,N,높이 30-50cm
1673,솜양지꽃,Potentilla discolor Bunge,장미과,Rosaceae,4,8,Y,N,높이 15~40cm이다.
1674,가락지나물,Potentilla anemonifolia Lehm.,장미과,Rosaceae,5,7,N,N,높이가 20-60cm 정도로 자란다.
1675,돌양지꽃,Potentilla dickinsii Franch. & Sav.,장미과,Rosaceae,6,7,N,N,높이 10~20cm 정도이다.
1676,섬양지꽃,Potentilla dickinsii var. glabrata Nakai,장미과,Rosaceae,6,7,N,Y,높이 10-20㎝
1677,은양지꽃,Potentilla nivea L.,장미과,Rosaceae,7,7,N,N,높이 10~20cm
1678,흰좀양지꽃,Potentilla matsumurae f. alba Y.N.Lee,장미과,Rosaceae,7,8,N,N,높이 10-20cm
1679,끈끈이딱지,Potentilla longifolia Willd. ex Schltdl.,장미과,Rosaceae,7,8,N,N,높이 30~50cm이다.
1680,물양지꽃,Potentilla cryptotaeniae Maxim.,장미과,Rosaceae,7,8,N,N,높이 30~100cm
1681,당양지꽃,Potentilla ancistrifolia Bunge,장미과,Rosaceae,6,7,N,N,높이 20~30cm이다.
1682,제주양지꽃,Potentilla stolonifera Lehm. ex Ledeb. var. quelpaertensis Nakai,장미과,Rosaceae,4,6,N,N,높이가 20cm 정도 된다.
1683,털딱지꽃,Potentilla chinensis Ser. var. concolor Franch. & Sav.,장미과,Rosaceae,6,7,N,N,높이 30-60cm
1684,물싸리,Potentilla fruticosa L.,장미과,Rosaceae,6,9,N,N,높이 1.5m.
1685,세잎양지꽃,Potentilla freyniana Bornm.,장미과,Rosaceae,3,4,N,N,꽃대의 높이 15-30cm
1686,흰물싸리,Potentilla glabra Lodd. var. mandshurica (Maxim.) Hand.-Mazz.,장미과,Rosaceae,6,8,N,N,높이 1.5m 정도
1687,좀양지꽃,Potentilla matsumurae Th.Wolf,장미과,Rosaceae,7,8,N,N,높이 10~20cm
1688,좀딸기,Potentilla centigrana Maxim.,장미과,Rosaceae,7,7,N,N,높이 50cm
1689,섬국수나무,Spiraea insularis (Nakai) H.C.Shin,장미과,Rosaceae,6,6,Y,Y,높이 1m정도 자란다.
1690,금강인가목,Pentactina rupicola Nakai,장미과,Rosaceae,6,6,N,Y,높이 70cm
1691,나도국수나무,Neillia uekii Nakai,장미과,Rosaceae,5,5,N,N,높이 1 ~ 2m.
1692,민나도국수나무,Neillia uyekii f. papilosa (Nakai) W.T.Lee,장미과,Rosaceae,5,5,N,N,높이 2m에 이른다.
1693,야광나무,Malus baccata (L.) Borkh.,장미과,Rosaceae,5,5,N,N,높이 6m.
1694,좀야광나무,Malus baccata f. minor (Nakai) T.B.Lee,장미과,Rosaceae,5,5,N,N,"수고 12m, 직경 50㎝에 이른다."
1695,털야광나무,Malus mandshurica (Maxim.) Kom. ex Skvortsov,장미과,Rosaceae,5,5,N,N,"수고 12m, 직경 50㎝에 이른다."
1696,이노리나무,Malus komarovii (Sarg.) Rehder,장미과,Rosaceae,5,6,Y,N,높이 5m
1697,개아그배나무,Malus micromalus Makino,장미과,Rosaceae,5,5,N,N,높이 7m까지 자란다.
1698,아그배나무,Malus toringo (Siebold) de Vriese,장미과,Rosaceae,5,5,N,N,높이 2 ~ 10m.
1699,민야광나무,Malus baccata f. jackii Rehder,장미과,Rosaceae,5,5,N,N,"수고 12m, 직경 50㎝에 이른다."
1700,황매화,Kerria japonica (L.) DC.,장미과,Rosaceae,4,5,N,N,높이 1.5-2m 정도 자란다.
1701,큰뱀무,Geum aleppicum Jacq.,장미과,Rosaceae,6,7,N,N,높이가 30-100cm 정도로 자란다.
1702,뱀무,Geum japonicum Thunb.,장미과,Rosaceae,6,6,N,N,높이 25-100cm
1703,땃딸기,Fragaria mandshurica Staudt,장미과,Rosaceae,8,9,N,N,꽃대는 높이 15cm 정도로 자란다.
1704,흰땃딸기,Fragaria nipponica Makino subsp. chejuensis Staudt & Olbricht,장미과,Rosaceae,5,5,Y,N,높이 10~30cm
1705,지리터리풀,Filipendula formosa Nakai,장미과,Rosaceae,7,8,N,Y,높이 1m
1706,터리풀,Filipendula glaberrima Nakai,장미과,Rosaceae,7,8,N,N,높이가 1m에 달한다.
1707,붉은터리풀,Filipendula koreana (Nakai) Nakai,장미과,Rosaceae,7,8,N,N,높이가 80cm 정도로 자란다.
1708,흰터리풀,Filipendula koreana f. alba (Nakai) Kitag.,장미과,Rosaceae,5,8,N,N,높이가 80㎝에 달한다.
1709,단풍터리풀,Filipendula palmata (Pall.) Maxim.,장미과,Rosaceae,6,6,N,N,높이가 1cm에 달한다.
1710,가침박달,Exochorda serratifolia S.Moore,장미과,Rosaceae,5,5,Y,N,높이 1~5m
1711,털가침박달,Exochorda serratifolia S.Moore var. oligantha Nakai,장미과,Rosaceae,5,5,N,N,높이 5m까지 자란다.
1712,뱀딸기,Duchesnea indica (Andr.) Focke,장미과,Rosaceae,4,5,N,N,30~100cm
1713,담자리꽃나무,Dryas octopetala L. var. asiatica (Nakai) Nakai,장미과,Rosaceae,6,6,N,N,10cm
1714,털산사,Crataegus pinnatifida var. pilosa C.K.Schneid.,장미과,Rosaceae,5,5,N,N,높이 3~6m이다.
1715,일월산사나무,Crataegus pinnatifida f. bracteata Nakai,장미과,Rosaceae,5,5,N,N,높이 3~6m이다.
1716,,Crataegus pinnatifida f. psilosa (Schneider) Kitag.,장미과,Rosaceae,4,5,N,N,높이 6m 까지 자란다.
1717,넓은잎산사,Crataegus pinnatifida var. major N.E.Br.,장미과,Rosaceae,4,5,N,N,높이 6m 까지 자란다.
1718,아광나무,Crataegus maximowiczii C.K.Schneid.,장미과,Rosaceae,5,5,N,N,높이 5m에 달한다.
1719,가새잎산사,Crataegus pinnatifida var. partita Nakai ex T.H.Chung,장미과,Rosaceae,5,5,N,N,높이 3∼6m이다.
1720,산사나무,Crataegus pinnatifida Bunge,장미과,Rosaceae,4,5,N,N,높이 6m.
1721,,Crataegus pinnatifida var. partita Nakai,장미과,Rosaceae,4,5,N,N,수고 6m에 달한다.
1722,둥근잎개야광,Cotoneaster integerrimus Medik.,장미과,Rosaceae,5,6,N,N,높이는 1.5m 정도로 자란다.
1723,섬개야광나무,Cotoneaster wilsonii Nakai,장미과,Rosaceae,5,6,Y,Y,높이 1.5m.
1724,검은낭아초,Comarum palustre L.,장미과,Rosaceae,6,7,N,N,높이가 30-60cm 정도로 자란다.
1725,좀낭아초,Chamaerhodos erecta (L.) Bunge,장미과,Rosaceae,6,7,N,N,높이 40cm.
1726,풀명자,Chaenomeles japonica (Thunb.) Lindl. ex Spach,장미과,Rosaceae,3,4,N,N,높이 1m.
1727,눈개승마,Aruncus dioicus (Walter) Fernald,장미과,Rosaceae,6,8,N,N,높이가 30-100cm이다.
1728,한라개승마,Aruncus aethusifolius (H.L?v.) Nakai,장미과,Rosaceae,8,8,Y,Y,높이 20cm이다.
1729,팥배나무,Aria alnifolia (Siebold & Zucc.) Decne.,장미과,Rosaceae,5,6,N,N,높이 15m.
1730,채진목,Amelanchier asiatica (Siebold & Zucc.) Endl. ex Walp.,장미과,Rosaceae,4,5,Y,N,높이 5 ~ 10m.
1731,짚신나물,Agrimonia pilosa Ledeb.,장미과,Rosaceae,6,8,N,N,높이 30-100cm
1732,산짚신나물,Agrimonia coreana Nakai,장미과,Rosaceae,7,8,N,N,높이 1m에 달한다.
1733,헐떡이풀,Tiarella polyphylla D.Don,범의귀과,Saxifragaceae,5,6,Y,N,꽃대는 높이 10-40cm
1734,범의귀,Saxifraga furumii Nakai,범의귀과,Saxifragaceae,7,8,N,Y,높이는 20cm가량 자란다.
1735,흰바위취,Saxifraga manshuriensis (Engl.) Kom.,범의귀과,Saxifragaceae,6,7,N,N,높이 40cm
1736,참바위취,Saxifraga oblongifolia Nakai,범의귀과,Saxifragaceae,7,8,N,N,높이 30cm
1737,바위떡풀,Saxifraga fortunei Hook.,범의귀과,Saxifragaceae,8,9,N,N,꽃대는 높이 5-35cm
1738,구름범의귀,Saxifraga laciniata Nakai & Takeda,범의귀과,Saxifragaceae,7,8,N,N,높이 25cm정도로 자란다.
1739,백두산바위취,Saxifraga laciniata var. takedana (Nakai) H. Hara,범의귀과,Saxifragaceae,7,8,N,N,높이가 25㎝에 달한다.
1740,톱바위취,Saxifraga nelsoniana D.Don,범의귀과,Saxifragaceae,6,8,N,N,높이 20-50cm가량 자란다.
1741,씨눈바위취,Saxifraga cernua L.,범의귀과,Saxifragaceae,7,8,N,N,높이 5~25cm
1742,도깨비부채,Rodgersia podophylla A.Gray,범의귀과,Saxifragaceae,6,7,Y,N,높이 1m
1743,돌단풍,Mukdenia rossii (Oliv.) Koidz.,범의귀과,Saxifragaceae,5,5,N,N,꽃대의 높이는 30cm정도로 자란다.
1744,나도범의귀,Mitella nuda L.,범의귀과,Saxifragaceae,5,6,Y,N,꽃대는 높이 15-25cm
1745,구실바위취,Micranthes octopetala (Nakai) Y.I.Kim & Y.D.Kim,범의귀과,Saxifragaceae,7,7,Y,Y,꽃대는 높이 25cm
1746,선괭이눈,Chrysosplenium sinicum Maxim.,범의귀과,Saxifragaceae,8,8,N,N,높이 10cm정도로 자란다.
1747,오대산괭이눈,Chrysosplenium alternifolium var. sibiricum Ser. ex DC.,범의귀과,Saxifragaceae,4,6,N,N,꽃대는 높이 5-12cm
1748,애기괭이눈,Chrysosplenium flagelliferum F.Schmidt,범의귀과,Saxifragaceae,4,6,N,N,꽃대는 길이 5-15cm
1749,산괭이눈,Chrysosplenium japonicum (Maxim.) Makino,범의귀과,Saxifragaceae,4,5,N,N,꽃대는 길이 10-15cm
1750,괭이눈,Chrysosplenium grayanum Maxim.,범의귀과,Saxifragaceae,4,5,N,N,꽃대의 높이는 5-20cm이다.
1751,바위괭이눈,Chrysosplenium macrostemon Maxim. ex Franch. & Sav.,범의귀과,Saxifragaceae,6,8,N,N,높이 10-20cm
1752,가지괭이눈,Chrysosplenium ramosum Maxim.,범의귀과,Saxifragaceae,5,7,N,N,꽃대는 높이 7-15cm
1753,흰괭이눈,Chrysosplenium pilosum var. fulvum (N.Terracc.) H. Hara,범의귀과,Saxifragaceae,4,6,N,N,높이 3~9cm 정도이다.
1754,개병풍,Astilboides tabularis (Hemsl.) Engl.,범의귀과,Saxifragaceae,6,7,Y,N,높이 1~1.5m이다.
1755,진퍼리노루오줌,Astilbe rubra var. divaricata (Nakai) W.T.Lee,범의귀과,Saxifragaceae,7,8,N,Y,높이 30-70㎝
1756,외잎승마,Astilbe simplicifolia Makino,범의귀과,Saxifragaceae,6,7,N,N,높이 10-30cm
1757,노루오줌,Astilbe chinensis (Maxim.) Franch. & Sav.,범의귀과,Saxifragaceae,7,8,N,N,높이 30-70cm
1758,숙은노루오줌,Astilbe koreana (Kom.) Nakai,범의귀과,Saxifragaceae,6,7,N,N,높이 60cm
1759,흰숙은노루오줌,Astilbe koreana f. albiflora Y.N.Lee,범의귀과,Saxifragaceae,6,7,N,N,높이 60cm
1760,병아리다리,Salomonia ciliata (L.) DC.,원지과,Polygalaceae,7,8,Y,N,높이 6~30cm
1761,애기풀,Polygala japonica Houtt.,원지과,Polygalaceae,4,5,N,N,높이 20cm에 달한다.
1762,두메애기풀,Polygala sibirica L.,원지과,Polygalaceae,7,8,N,N,높이가 30cm 정도로 자란다.
1763,병아리풀,Polygala tatarinowii Regel,원지과,Polygalaceae,8,9,N,N,높이 4~15cm
1764,흰애기풀,Polygala japonica f. leucantha Nakai,원지과,Polygalaceae,5,5,N,N,높이 10~30cm이다.
1765,원지,Polygala tenuifolia Willd.,원지과,Polygalaceae,7,8,Y,N,높이 30cm 정도이다.
1766,머귀나무,Zanthoxylum ailanthoides Siebold & Zucc.,운향과,Rutaceae,5,5,N,N,높이 15m.
1767,좀머귀나무,Zanthoxylum fauriei (Nakai) Ohwi,운향과,Rutaceae,5,9,N,N,수고 15m에 달한다.
1768,민산초나무,Zanthoxylum schinifolium var. inermis (Nakai) T.B.Lee,운향과,Rutaceae,6,6,N,N,수고 3m 정도
1769,개산초,Zanthoxylum armatum DC.,운향과,Rutaceae,6,6,N,N,높이 4m
1770,털초피나무,Zanthoxylum piperitum f. pubescens (Nakai) W.T.Lee,운향과,Rutaceae,5,6,N,N,높이가 3m에 달한다.
1771,산초나무,Zanthoxylum schinifolium Siebold & Zucc.,운향과,Rutaceae,9,9,N,N,높이 3m.
1772,초피나무,Zanthoxylum piperitum (L.) DC.,운향과,Rutaceae,5,6,N,N,높이 3m.
1773,좀산초나무,Zanthoxylum schinifolium f. microphyllum (Nakai) W.T.Lee,운향과,Rutaceae,5,6,N,N,수고 3m 정도
1774,화태황벽나무,Phellodendron amurense var. sachalinense F.Schmidt,운향과,Rutaceae,6,6,N,N,수고 10m 정도
1775,황벽나무,Phellodendron amurense Rupr.,운향과,Rutaceae,5,6,N,N,높이 10m.
1776,털황벽,Phellodendron amurense f. molle (Nakai) W.T.Lee,운향과,Rutaceae,6,6,N,N,수고 10m 정도
1777,상산,Orixa japonica Thunb.,운향과,Rutaceae,4,5,N,N,높이 2m.
1778,털백선,Dictamnus dasycarpus f. velutinus (Nakai) W.T.Lee,운향과,Rutaceae,5,6,N,N,높이 90cm
1779,백선,Dictamnus dasycarpus Turcz.,운향과,Rutaceae,5,6,N,N,높이가 90cm에 달한다.
1780,소태나무,Picrasma quassioides (D.Don) Benn.,소태나무과,Simaroubaceae,5,6,N,N,높이 10 ~12m.
1781,왕버들,Salix chaenomeloides Kimura,버드나무과,Salicaceae,4,4,N,N,"높이 20m, 지름 1m. "
1782,들버들,Salix subopposita Miq.,버드나무과,Salicaceae,4,5,N,N,높이 10-40cm정도로 자란다.
1783,눈갯버들,Salix graciliglans Nakai,버드나무과,Salicaceae,3,4,N,N,높이가 1m정도 된다.
1784,떡버들,Salix hallaisanensis H.L?v.,버드나무과,Salicaceae,4,5,N,Y,"높이 6m, 지름 15cm이다."
1785,당키버들,Salix purpurea var. smithiana Trautv.,버드나무과,Salicaceae,4,4,N,N,높이 1-3m
1786,큰산버들,Salix sericeocinerea Nakai,버드나무과,Salicaceae,4,5,N,Y,높이 0.2-2m
1787,육지꽃버들,Salix viminalis L.,버드나무과,Salicaceae,4,5,N,N,높이 5-6m에 이른다.
1788,백산버들,Salix xerophila var. fuscescens (Nakai) W.T.Lee,버드나무과,Salicaceae,4,4,N,Y,"높이 2-5m, 지름 5-10cm에 이른다."
1789,개수양버들,Salix dependens Nakai,버드나무과,Salicaceae,4,4,N,Y,수고가 20m에 달한다.
1790,섬버들,Salix ishidoyana Nakai,버드나무과,Salicaceae,4,4,N,Y,높이 1m정도로 자란다.
1791,능수버들,Salix pseudolasiogyne H.L?v.,버드나무과,Salicaceae,4,4,N,Y,"높이 20m, 지름 80cm로 자란다."
1792,제주산버들,Salix blinii H.L?v.,버드나무과,Salicaceae,4,5,Y,Y,높이 50cm내외.
1793,개키버들,Salix integra Thunb.,버드나무과,Salicaceae,3,5,N,N,높이 1-3m이다.
1794,참오글잎버들,Salix siuzevii Seem.,버드나무과,Salicaceae,4,5,N,N,높이 2-5m이다.
1795,내버들,Salix gilgiana Seem.,버드나무과,Salicaceae,4,4,N,N,높이 3-4(간혹 1-7)m.
1796,좀호랑버들,Salix caprea f. elongata (Nakai) Kitag.,버드나무과,Salicaceae,4,4,N,N,"높이 6m, 지름 15cm정도 자란다."
1797,강계버들,Salix kangensis Nakai,버드나무과,Salicaceae,4,4,N,N,"높이 5~7m, 지름 7cm"
1798,버드나무,Salix koreensis Andersson,버드나무과,Salicaceae,4,4,N,N,"높이 20m, 지름 80cm."
1799,키버들,Salix koriyanagi Kimura,버드나무과,Salicaceae,2,3,N,Y,높이 2 ~ 3m. 
1800,가는잎꽃버들,Salix viminalis var. angustifolia Turcz.,버드나무과,Salicaceae,4,5,N,N,높이 5~6m에 이른다.
1801,호랑버들,Salix caprea L.,버드나무과,Salicaceae,4,4,N,N,"높이 6m(15m까지 자란다), 지름 15cm."
1802,털왕버들,Salix chaenomeloides var. pilosa (Nakai) Kimura,버드나무과,Salicaceae,4,5,N,Y,"수고 20m, 직경 1m에 이른다."
1803,갯버들,Salix gracilistyla Miq.,버드나무과,Salicaceae,3,4,N,N,높이 2 ~ 3m. 
1804,쪽버들,Salix maximowiczii Kom.,버드나무과,Salicaceae,4,4,N,N,"높이 20m, 직경 80cm"
1805,분버들,Salix rorida Laksch.,버드나무과,Salicaceae,3,5,N,N,"높이 10-15m, 지름 30cm이다."
1806,좀분버들,Salix rorida var. roridaeformis (Nakai) Ohwi,버드나무과,Salicaceae,4,4,N,N,높이 10m에 달한다.
1807,좀꽃버들,Salix viminalis var. abbreviata Doell.,버드나무과,Salicaceae,4,5,N,N,키 5-6m에 이른다.
1808,닥장버들,Salix brachypoda (Trautv. & C.A.Mey.) Kom.,버드나무과,Salicaceae,4,5,N,N,높이가 1m에 달한다.
1809,붉은키버들,Salix koriyanagi f. rubra (Nakai) W.T.Lee,버드나무과,Salicaceae,3,4,N,N,높이 2-3m정도
1810,반짝버들,Salix pentandra L.,버드나무과,Salicaceae,4,5,N,N,높이 2-3m
1811,꽃버들,Salix stipularis Sm.,버드나무과,Salicaceae,4,4,N,N,높이 5-7m
1812,선버들,Salix subfragilis Andersson,버드나무과,Salicaceae,4,5,N,N,"높이 5-7(10)m, 지름 7-8cm."
1813,유가래나무,Salix xerophila f. glabra (Nakai) Kitag.,버드나무과,Salicaceae,4,4,N,N,"높이 2-5m, 지름 5-10cm"
1814,긴잎여우버들,Salix xerophila f. manshurica (Siuzew) Kitag.,버드나무과,Salicaceae,4,4,N,N,"높이 2-5m, 지름 5-10cm"
1815,털황철나무,Populus maximowiczii var. barbinervis Nakai,버드나무과,Salicaceae,4,4,N,N,"수고 30m, 직경 1m에 이른다."
1816,황철나무,Populus maximowiczii A.Henry,버드나무과,Salicaceae,4,4,N,N,"수고 30m, 직경 1m까지 자람."
1817,털사시나무,Populus davidiana f. tomentella (Schneid.) W.T.Lee,버드나무과,Salicaceae,4,4,N,N,"수고 10m, 직경 30㎝에 이른다."
1818,사시나무,Populus davidiana Dode,버드나무과,Salicaceae,4,4,N,N,"높이 10m, 지름 30cm. "
1819,긴잎사시나무,Populus davidiana f. laticuneata Nakai,버드나무과,Salicaceae,4,4,N,N,"수고 10m, 직경 30cm에 이른다."
1820,물황철나무,Populus koreana Rehder,버드나무과,Salicaceae,4,5,N,N,"높이 25m, 지름 1m에 이른다."
1821,당버들,Populus simonii Carri?re,버드나무과,Salicaceae,4,4,N,N,"수고 20m, 직경 70cm"
1822,새양버들,Chosenia arbutifolia (Pall.) A.K.Skvortsov,버드나무과,Salicaceae,5,6,N,N,"높이 20-30m, 직경 1m"
1823,참나무겨우살이,Taxillus yadoriki (Siebold) Danser,꼬리겨우살이과,Loranthaceae,6,10,Y,N,"높이 40-60㎝,지름이 1m에 달하는 것도 있다."
1824,석류풀,Mollugo pentaphylla L.,석류풀과,Molluginaceae,7,10,N,N,높이가 10-30cm 정도이다.
1825,제비꿀,Thesium chinense Turcz.,단향과,Santalaceae,7,8,N,N,높이 10-25cm.
1826,긴제비꿀,Thesium refractum C.A.Mey.,단향과,Santalaceae,6,7,N,N,높이 10-25cm.
1827,덩굴옻나무,Toxicodendron orientale Greene,옻나무과,Anacardiaceae,5,6,Y,N,길이 3m
1828,개옻나무,Toxicodendron trichocarpum (Miq.) Kuntze,옻나무과,Anacardiaceae,6,7,N,N,높이 7m.
1829,산검양옻나무,Toxicodendron sylvestre (Siebold & Zucc.) Kuntze,옻나무과,Anacardiaceae,5,6,N,N,높이가 3-8m 정도로 자란다.
1830,검양옻나무,Toxicodendron succedaneum (L.) Kuntze,옻나무과,Anacardiaceae,5,5,N,N,높이 10m.
1831,붉나무,Rhus chinensis Mill.,옻나무과,Anacardiaceae,7,9,N,N,높이 7m.
1832,복장나무,Acer mandshuricum Maxim.,단풍나무과,Aceraceae,5,5,N,N,높이 10m.
1833,단풍나무,Acer palmatum Thunb.,단풍나무과,Aceraceae,4,5,N,N,높이 15m.
1834,왕고로쇠나무,Acer mono var. savatieri (Pax) Nakai,단풍나무과,Aceraceae,5,5,N,N,"수고 20m, 직경 50-60㎝에 달한다."
1835,털만주고로쇠,Acer truncatum Bunge f. barbinerve (Nakai) M.Kim,단풍나무과,Aceraceae,5,5,N,N,높이 5m정도에 이른다.
1836,,Acer nehundo var. vioaceum Jaeger,단풍나무과,Aceraceae,4,4,N,N,"수고 20m, 직경 1.3m에 달한다."
1837,당단풍나무,Acer pseudosieboldianum (Pax) Kom.,단풍나무과,Aceraceae,5,5,N,N,높이 8m.
1838,신나무,Acer tataricum L. subsp. ginnala (Maxim.) Wesm.,단풍나무과,Aceraceae,5,6,N,N,높이 8m.
1839,섬단풍나무,Acer takesimense Nakai,단풍나무과,Aceraceae,5,5,N,N,나무의 높이는 8m 정도이다.
1840,집께고로쇠,Acer mono f. connivens (Nichols.) Rehder,단풍나무과,Aceraceae,5,5,N,N,"수고 20m, 직경 50-60㎝에 달한다."
1841,산단풍나무,Acer pseudosieboldianum var. ishidoyanum Uyeki,단풍나무과,Aceraceae,5,5,N,N,높이 8m이다.
1842,털고로쇠나무,Acer pictum Thunb.,단풍나무과,Aceraceae,5,5,N,N,"수고 20m, 직경 50-60㎝에 달한다."
1843,시닥나무,Acer komarovii Pojark.,단풍나무과,Aceraceae,5,6,N,N,높이 약 10m.
1844,만주고로쇠,Acer truncatum Bunge,단풍나무과,Aceraceae,4,5,N,N,높이 5m정도에 이른다.
1845,고로쇠나무,Acer pictum Thunb. var. mono (Maxim.) Maxim. ex Franch.,단풍나무과,Aceraceae,4,5,N,N,높이 20m 내외.
1846,부게꽃나무,Acer ukurunduense Trautv. & C.A.Mey.,단풍나무과,Aceraceae,6,6,N,N,높이 14m.
1847,청시닥나무,Acer barbinerve Maxim.,단풍나무과,Aceraceae,6,6,N,N,높이 10m
1848,복자기,Acer triflorum Kom.,단풍나무과,Aceraceae,5,5,N,N,높이 20m.
1849,붉은고로쇠,Acer mono f. rubripes T.B.Lee,단풍나무과,Aceraceae,5,5,N,N,"수고 20m, 직경 50-60㎝에 달한다."
1850,산겨릅나무,Acer tegmentosum Maxim.,단풍나무과,Aceraceae,5,5,N,N,높이 15m.
1851,긴고로쇠,Acer mono f. dissectum (Wesm.) Rehder,단풍나무과,Aceraceae,5,5,N,N,"수고 20m, 직경 50-60㎝에 달한다."
1852,나도밤나무,Meliosma myriantha Siebold & Zucc.,나도밤나무과,Sabiaceae,6,6,N,N,높이 10m.
1853,합다리나무,Meliosma pinnata (Roxb.) Maxim. var. oldhamii (Miq. ex Maxim.) Beusekom,나도밤나무과,Sabiaceae,6,6,N,N,높이가 10m정도로 자란다.
1854,모감주나무,Koelreuteria paniculata Laxm.,무환자나무과,Sapindaceae,6,7,Y,N,높이 8 ~ 10m.
1855,물봉선,Impatiens textorii Miq.,봉선화과,Balsaminaceae,8,9,N,N,높이가 60cm 정도로 자란다.
1856,가야물봉선,Impatiens atrosanguinea (Nakai) B.U.Oh & Y.P.Hong,봉선화과,Balsaminaceae,8,9,N,N,높이 60cm
1857,노랑물봉선,Impatiens noli-tangere L.,봉선화과,Balsaminaceae,8,9,N,N,높이가 50cm 정도이다.
1858,흰물봉선,Impatiens textorii Miq. var. koreana (Nakai) Nakai,봉선화과,Balsaminaceae,8,9,N,N,높이 40~80cm이다. 
1859,미색물봉선,Impatiens nolitangere var. pallescens Nakai,봉선화과,Balsaminaceae,8,9,N,N,높이 50cm
1860,제주물봉선,Impatiens aphanantha Hook. f.,봉선화과,Balsaminaceae,6,8,N,N,높이 50cm 정도 자란다.
1861,산물봉선,Impatiens furcillata Hemsl.,봉선화과,Balsaminaceae,8,9,N,N,높이 40~80cm이다. 
1862,긴잎끈끈이주걱,Drosera anglica Huds.,끈끈이귀개과,Droseraceae,7,8,N,N,꽃대는 높이 10-25cm이다.
1863,끈끈이주걱,Drosera rotundifolia L.,끈끈이귀개과,Droseraceae,7,7,Y,N,꽃대는 높이 6-30cm
1864,끈끈이귀개,Drosera peltata var. nipponica (Masam.) Ohwi,끈끈이귀개과,Droseraceae,6,6,Y,N,높이 10-30cm
1865,벌레먹이말,Aldrovanda vesiculosa L.,끈끈이귀개과,Droseraceae,8,8,Y,N,"길이 6-25cm,"
1866,보리수나무,Elaeagnus umbellata Thunb.,보리수나무과,Elaeagnaceae,5,6,N,N,높이 3~4m. 
1867,민보리수나무,Elaeagnus umbellata var. parvifolia (Royle) C.K.Schneid.,보리수나무과,Elaeagnaceae,5,6,N,N,높이 3-4m
1868,보리장나무,Elaeagnus glabra Thunb.,보리수나무과,Elaeagnaceae,10,12,N,N,길이 3m. 
1869,긴보리수나무,Elaeagnus umbellata var. longicarpa (Uyeki) T.B.Lee,보리수나무과,Elaeagnaceae,5,6,N,N,높이 3-4m
1870,좁은잎보리장,Elaeagnus glabra Thunb. var. oxyphylla (Servett.) Nakai,보리수나무과,Elaeagnaceae,10,12,N,N,길이 3m 정도.
1871,큰보리장나무,Elaeagnus x submacrophylla Servett.,보리수나무과,Elaeagnaceae,10,11,N,N,4m정도이다.
1872,보리밥나무,Elaeagnus macrophylla Thunb.,보리수나무과,Elaeagnaceae,9,10,N,N,길이 2~3m. 
1873,왕보리수나무,Elaeagnus umbellata var. coreana (H.L?v.) H.L?v.,보리수나무과,Elaeagnaceae,5,6,N,N,높이 3-4m
1874,왕보리수나무,Elaeagnus umbellata var. coreana (H.L?v.) H.L?v.,보리수나무과,Elaeagnaceae,6,7,N,N,키 3~13cm
1875,산닥나무,Wikstroemia trichotoma (Thunb.) Makino,팥꽃나무과,Thymelaeaceae,7,8,Y,N,높이 1m. 
1876,피뿌리풀,Stellera chamaejasme L.,팥꽃나무과,Thymelaeaceae,7,7,Y,N,높이 7-8cm
1877,아마풀,Diarthron linifolium Turcz.,팥꽃나무과,Thymelaeaceae,8,8,Y,N,높이 30cm
1878,팥꽃나무,Daphne genkwa Siebold & Zucc.,팥꽃나무과,Thymelaeaceae,3,5,N,N,높이 1m. 
1879,백서향,Daphne kiusiana Miq.,팥꽃나무과,Thymelaeaceae,3,4,Y,N,높이 1m
1880,두메닥나무,Daphne pseudomezereum A.Gray var. koreana (Nakai) Hamaya,팥꽃나무과,Thymelaeaceae,4,6,Y,N,높이 30~40cm.
1881,제주백서향,Daphne jejudoensis M.Kim,팥꽃나무과,Thymelaeaceae,3,4,N,N,높이 0.5∼1m 정도로 자란다.
1882,곰의말채나무,Cornus macrophylla Wall.,층층나무과,Cornaceae,7,8,N,N,높이 15m.
1883,흰말채나무,Cornus alba L.,층층나무과,Cornaceae,5,6,N,N,높이 3m.
1884,말채나무,Cornus walteri Wangerin,층층나무과,Cornaceae,6,6,N,N,높이 10m.
1885,산딸나무,Cornus kousa Burger ex Hance,층층나무과,Cornaceae,6,7,N,N,높이 7m.
1886,풀산딸나무,Cornus canadensis L.,층층나무과,Cornaceae,6,7,N,N,높이 5~15cm
1887,층층나무,Cornus controversa Hemsl.,층층나무과,Cornaceae,5,6,N,N,높이 20m.
1888,식나무,Aucuba japonica Thunb.,층층나무과,Cornaceae,3,4,N,N,높이 3m.
1889,단풍박쥐나무,Alangium platanifolium (Siebold & Zucc.) Harms,박쥐나무과,Alangiaceae,5,7,Y,N,높이 4m까지 자란다.
1890,박쥐나무,Alangium platanifolium (Siebold & Zucc.) Harms var. trilobum (Miq.) Ohwi,박쥐나무과,Alangiaceae,5,7,N,N,높이 3 ~ 4m.
1891,인삼,Panax ginseng C.A.Mey.,두릅나무과,Araliaceae,4,4,Y,N,높이 60cm 내외이다.
1892,땃두릅나무,Oplopanax elatus (Nakai) Nakai,두릅나무과,Araliaceae,7,8,Y,N,높이가 2-3m 가량 자란다.
1893,가는잎음나무,Kalopanax septemlobus (Thunb.) Koidz. f. maximowiczii (Van Houtte) H.Ohashi,두릅나무과,Araliaceae,7,8,N,N,높이 25m에 달한다.
1894,털음나무,Kalopanax septemlobus var. magnificus (Zabel) Hand.-Mazz.,두릅나무과,Araliaceae,7,8,N,N,높이 25m.
1895,음나무,Kalopanax septemlobus (Thunb.) Koidz.,두릅나무과,Araliaceae,7,8,N,N,높이 25m.
1896,송악,Hedera rhombea (Miq.) Siebold & Zucc. ex Bean,두릅나무과,Araliaceae,10,10,N,N,높이 10m 이상.
1897,팔손이,Fatsia japonica (Thunb.) Decne. & Planch.,두릅나무과,Araliaceae,10,11,N,N,높이 2 ~ 4m.
1898,섬오갈피나무,Eleutherococcus gracilistylus (W.W.Sm.) S.Y.Hu,두릅나무과,Araliaceae,7,7,Y,N,높이 2 ~ 3m.
1899,털오갈피나무,Eleutherococcus divaricatus (Siebold & Zucc.) S.Y.Hu,두릅나무과,Araliaceae,8,8,N,N,높이 2~3m이다.
1900,가시오갈피,Eleutherococcus senticosus (Rupr. & Maxim.) Maxim.,두릅나무과,Araliaceae,7,7,Y,N,높이 2~3m.
1901,오갈피나무,Eleutherococcus sessiliflorus (Rupr. & Maxim.) S.Y.Hu,두릅나무과,Araliaceae,8,9,N,N,높이 3~4m.
1902,황칠나무,Dendropanax trifidus (Thunb.) Makino ex H.Hara,두릅나무과,Araliaceae,6,6,N,N,수고 15m에 달한다.
1903,두릅나무,Aralia elata (Miq.) Seem.,두릅나무과,Araliaceae,8,9,N,N,높이 3~4m.
1904,독활,Aralia cordata var. continentalis (Kitag.) Y.C.Chu,두릅나무과,Araliaceae,7,8,N,N,높이 1.5m까지 자란다.
1905,애기두릅나무,Aralia elata f. canescens (Siebold & Zucc.) T.Yamaz.,두릅나무과,Araliaceae,8,9,N,N,높이 3-4m.
1906,박새,Veratrum oxysepalum Turcz.,백합과,Liliaceae,6,7,N,N,높이 1.5m.
1907,삼수여로,Veratrum bohnhofii var. latifolium Nakai,백합과,Liliaceae,7,7,N,N,"높이 60-70㎝, 밑부분의 지름 3-5mm"
1908,붉은여로,Veratrum versicolor f. brunnea Nakai,백합과,Liliaceae,7,8,N,N,높이 1m정도 자란다.
1909,파란여로,Veratrum maackii var. parviflorum (Maxim.) Hara,백합과,Liliaceae,6,8,N,N,높이는 50-100cm이다.
1910,푸른여로,Veratrum versicolor f. viride Nakai,백합과,Liliaceae,7,8,N,N,높이 1m정도 자란다.
1911,푸른박새,Veratrum dolichopetalum Loes.f.,백합과,Liliaceae,7,8,N,N,높이 1.5m
1912,참여로,Veratrum nigrum var. ussuriense Lose.f.,백합과,Liliaceae,9,9,N,N,높이 약 1.5m정도로 자란다.
1913,흰여로,Veratrum versicolor Nakai,백합과,Liliaceae,7,8,N,N,높이 1m.
1914,여로,Veratrum maackii var. japonicum (Baker) T.Schmizu,백합과,Liliaceae,7,8,N,N,높이 40-60cm
1915,산자고,Tulipa edulis (Miq.) Baker,백합과,Liliaceae,4,5,N,N,꽃대는 높이 15-30cm .
1916,큰연영초,Trillium tschonoskii Maxim.,백합과,Liliaceae,5,6,Y,N,높이 30cm이다.
1917,연영초,Trillium kamtschaticum Pall. ex Pursh,백합과,Liliaceae,5,6,Y,N,높이 20~30cm이다.
1918,뻐꾹나리,Tricyrtis macropoda Miq.,백합과,Liliaceae,7,7,Y,N,높이 30~100cm이다.
1919,꽃장포,Tofieldia nuda Maxim.,백합과,Liliaceae,7,8,Y,N,꽃대는 높이 14-30cm.
1920,숙은꽃장포,Tofieldia coccinea Rich.,백합과,Liliaceae,7,8,N,N,높이 5-15cm이다.
1921,금강애기나리,Streptopus ovalis (Ohwi) F.T.Wang & Y.C.Tang,백합과,Liliaceae,4,6,Y,N,높이는 10~30cm이다.
1922,죽대아재비,Streptopus amplexifolius var. papillatus Ohwi,백합과,Liliaceae,7,8,Y,N,높이는 50-100cm가량
1923,왕죽대아재비,Streptopus koreanus (Kom.) Ohwi,백합과,Liliaceae,6,7,Y,N,높이는 30㎝정도
1924,청미래덩굴,Smilax china L.,백합과,Liliaceae,5,5,N,N,길이 3m
1925,선밀나물,Smilax nipponica Miq.,백합과,Liliaceae,5,6,N,N,높이 1m에 이른다.
1926,민청가시덩굴,Smilax sieboldii f. intermis (Nakai) H. Hara,백합과,Liliaceae,6,6,N,N,길이가 5m
1927,청가시덩굴,Smilax sieboldii Miq.,백합과,Liliaceae,6,6,N,N,길이 5m
1928,민솜대,Smilacina dahurica Turcz. ex Fisch. & C.A.Mey.,백합과,Liliaceae,6,7,N,N,높이 40cm정도 자란다.
1929,왕솜대,Smilacina japonica var. mandshurica Maxim.,백합과,Liliaceae,4,7,N,N,높이는 50㎝정도이다.
1930,자주솜대,Smilacina bicolor Nakai,백합과,Liliaceae,5,7,Y,Y,높이 30-45㎝
1931,세잎솜대,Smilacina trifolium (L.) Desf.,백합과,Liliaceae,7,7,N,N,길이 20-40㎝정도
1932,풀솜대,Smilacina japonica A.Gary,백합과,Liliaceae,5,7,N,N,높이 20-50cm로 자란다.
1933,흰무릇,Scilla scilloides f. albiflora Y.N.Lee,백합과,Liliaceae,7,9,N,N,꽃대는 높이 20-50cm이다.
1934,무릇,Scilla scilloides (Lindl.) Druce,백합과,Liliaceae,7,9,N,N,꽃대는 높이 20-50cm이다.
1935,목포용둥굴레,Polygonatum cryptanthum H.L?v. & Vaniot,백합과,Liliaceae,5,6,N,N,높이 20-60㎝이다.
1936,죽대,Polygonatum lasianthum Maxim.,백합과,Liliaceae,5,6,N,N,높이 30~70cm이다.
1937,산둥굴레,Polygonatum thunbergii Morr. & Decne.,백합과,Liliaceae,6,7,N,N,높이가 30-60cm정도에 이른다.
1938,진황정,Polygonatum falcatum A. Gray,백합과,Liliaceae,5,5,N,N,높이 약 50-80cm가량이다.
1939,용둥굴레,Polygonatum involucratum (Franch. & Sav.) Maxim.,백합과,Liliaceae,5,6,N,N,높이 20-60cm
1940,퉁둥굴레,Polygonatum inflatum Kom.,백합과,Liliaceae,5,6,N,N,높이는 30-80cm이다.
1941,각시둥굴레,Polygonatum humile Fisch. ex Maxim.,백합과,Liliaceae,5,6,N,N,높이 15~30cm정도이다.
1942,안면용둥굴레,Polygonatum x desoulavyi Kom.,백합과,Liliaceae,5,6,N,N,높이 20-60㎝이다.
1943,둥굴레,Polygonatum odoratum var. pluriflorum (Miq.) Ohwi,백합과,Liliaceae,6,7,N,N,높이가 30-60cm정도에 이른다.
1944,왕둥굴레,Polygonatum robustum (Korsh.) Nakai,백합과,Liliaceae,6,7,Y,N,높이가 30-60cm정도에 이른다.
1945,층층둥굴레,Polygonatum stenophyllum Maxim.,백합과,Liliaceae,6,6,Y,N,높이 30-90㎝
1946,네잎삿갓나물,Paris tetraphylla A. Gray,백합과,Liliaceae,6,8,N,N,높이 30cm 정도 자란다.
1947,삿갓나물,Paris verticillata M.Bieb.,백합과,Liliaceae,6,7,N,N,높이 20-40cm
1948,검은삿갓나물,Paris verticillata var. nigra Y.N.Lee,백합과,Liliaceae,5,6,N,N,높이 30~40cm이다.
1949,맥문아재비,Ophiopogon jaburan (Siebold) Lodd.,백합과,Liliaceae,5,7,N,N,"꽃대는 높이 30-50cm이고, 잎은 길이 30-80㎝."
1950,소엽맥문동,Ophiopogon japonicus (L.f.) Ker Gawl.,백합과,Liliaceae,5,5,N,N,"꽃대는 높이 7-12㎝, 잎은 길이 10-30㎝."
1951,칠보치마,Metanarthecium luteoviride Maxim.,백합과,Liliaceae,6,7,Y,N,꽃대는 높이 20-40cm
1952,큰두루미꽃,Maianthemum dilatatum (A.W.Wood) A.Nelson & J.F.Macbr.,백합과,Liliaceae,5,6,Y,N,높이 8-25cm.
1953,두루미꽃,Maianthemum bifolium (L.) F.W.Schmidt,백합과,Liliaceae,6,6,N,N,높이 8-15cm이다.
1954,개감채,Lloydia serotina (L.) Rchb.,백합과,Liliaceae,7,7,Y,N,꽃대의 높이는 7-15㎝
1955,나도개감채,Lloydia triflora (Ledeb.) Baker,백합과,Liliaceae,5,6,Y,N,꽃대의 높이는 10-25cm이다.
1956,개맥문동,Liriope spicata (Thunb.) Lour.,백합과,Liliaceae,5,7,N,N,꽃대는 높이 25-40cm.
1957,맥문동,Liriope platyphylla F.T.Wang & T.Tang,백합과,Liliaceae,5,6,N,N,꽃대는 높이 30-50cm내외이다.
1958,좀맥문동,Liriope minor (Maxim.) Makino,백합과,Liliaceae,5,7,N,N,높이는 약 40cm이다.
1959,큰솔나리,Lilium tenuifolium Fisch.,백합과,Liliaceae,6,7,Y,N,높이 60cm가량 된다.
1960,날개하늘나리,Lilium dauricum Ker Gawl.,백합과,Liliaceae,7,8,Y,N,높이 20-90cm정도로 자란다.
1961,하늘나리,Lilium concolor Salisb.,백합과,Liliaceae,6,7,N,N,높이 30-80cm정도로 자란다.
1962,참나리,Lilium lancifolium Thunb.,백합과,Liliaceae,7,8,N,N,높이 1-2m로 자란다.
1963,말나리,Lilium distichum Nakai ex Kamib.,백합과,Liliaceae,7,7,Y,N,높이는 80cm정도이다.
1964,털중나리,Lilium amabile Palib.,백합과,Liliaceae,6,8,N,N,높이 50-100cm
1965,솔나리,Lilium cernuum Kom.,백합과,Liliaceae,7,8,Y,N,높이는 70cm내외이다.
1966,중나리,Lilium leichtlinii var. maximowiczii (Regel) Baker,백합과,Liliaceae,7,8,N,N,높이 1m에 달한다.
1967,땅나리,Lilium callosum Siebold & Zucc.,백합과,Liliaceae,7,7,Y,N,높이가 30-100cm정도 자란다.
1968,하늘말나리,Lilium tsingtauense Gilg,백합과,Liliaceae,7,8,N,N,높이가 1m가량된다.
1969,누른하늘말나리,Lilium tsingtauense f. flavum (Wilson) T.B.Lee,백합과,Liliaceae,7,8,N,N,높이가 1m에 달한다.
1970,섬말나리,Lilium hansonii Leichtlin ex Baker,백합과,Liliaceae,6,7,Y,Y,높이 50-100cm
1971,지리산하늘말나리,Lilium tsingtauense f. carneum (Nakai) T.B.Lee,백합과,Liliaceae,7,8,N,N,높이가 1m에 달한다.
1972,참비비추,Hosta clausa var. normalis F.Maek.,백합과,Liliaceae,8,9,N,N,꽃대는 길이 40-50cm이다.
1973,일월비비추,Hosta capitata (Koidz.) Nakai,백합과,Liliaceae,6,7,N,N,꽃대는 높이 50-60cm이다.
1974,좀비비추,Hosta minor (Baker) Nakai,백합과,Liliaceae,7,8,N,Y,꽃대는 높이 30-35cm 가량 자란다.
1975,비비추,Hosta longipes (Franch. & Sav.) Matsum.,백합과,Liliaceae,7,8,N,N,꽃대는 길이 30-40cm이다.
1976,각시원추리,Hemerocallis dumortieri C.Morren,백합과,Liliaceae,6,7,N,N,꽃대는 높이 40~70cm
1977,큰원추리,Hemerocallis middendorffii Trautv. & C.A.Mey.,백합과,Liliaceae,6,6,N,N,꽃대는 높이 40-70cm이다.
1978,노랑원추리,Hemerocallis thunbergii Baker,백합과,Liliaceae,6,7,N,N,꽃대는 높이 1m이상 자란다.
1979,애기원추리,Hemerocallis minor Mill.,백합과,Liliaceae,6,7,N,N,꽃대는 높이 0.5-1m.
1980,골잎원추리,Hemerocallis coreana Nakai,백합과,Liliaceae,6,7,N,N,높이 50~80cm이다.
1981,처녀치마,"Heloniopsis koreana Fuse, N.S.Lee & M.N.Tamura",백합과,Liliaceae,4,4,N,N,꽃대는 높이가 10-30cm 정도 자란다.
1982,중의무릇,Gagea lutea (L.) Ker Gawl.,백합과,Liliaceae,4,5,N,N,높이 15-20cm정도 된다.
1983,애기중의무릇,Gagea hiensis Pascher,백합과,Liliaceae,4,5,N,N,높이는 10cm정도 자란다.
1984,패모,Fritillaria ussuriensis Maxim.,백합과,Liliaceae,5,5,N,N,높이 약 25cm.
1985,얼레지,Erythronium japonicum (Balrer) Decne.,백합과,Liliaceae,4,4,N,N,꽃대는 높이 25cm이다.
1986,흰얼레지,Erythronium japonicum f. album T.B.Lee,백합과,Liliaceae,4,5,N,N,높이 20~25cm이다.
1987,큰애기나리,Disporum viridescens (Maxim.) Nakai,백합과,Liliaceae,5,6,N,N,높이 30-70cm정도로 자란다.
1988,애기나리,Disporum smilacinum A. Gray,백합과,Liliaceae,4,5,N,N,높이 15-40cm이다.
1989,윤판나물,Disporum uniflorum Baker,백합과,Liliaceae,4,6,N,N,높이가 30-60cm정도이다.
1990,은방울꽃,Convallaria keiskei Miq.,백합과,Liliaceae,4,5,N,N,꽃대는 높이 20-35cm정도로 자란다.
1991,나도옥잠화,Clintonia udensis Trautv. & C.A.Mey.,백합과,Liliaceae,6,7,Y,N,꽃대는 높이가 20-80cm이다.
1992,실꽃풀,Chionographis japonica (Willd.) Maxim.,백합과,Liliaceae,5,7,Y,N,높이가 30cm이다.
1993,방울비짜루,Asparagus oligoclonos Maxim.,백합과,Liliaceae,6,7,N,N,높이 50-100cm이다.
1994,천문동,Asparagus cochinchinensis (Lour.) Merr.,백합과,Liliaceae,5,6,N,N,길이 1-2m정도.
1995,비짜루,Asparagus schoberioides Kunth,백합과,Liliaceae,5,6,N,N,높이 50-100cm
1996,망적천문동,Asparagus davuricus Fisch. ex Link,백합과,Liliaceae,5,6,N,N,높이 50~100cm이다.
1997,갯천문동,Asparagus brachyphyllus Turcz.,백합과,Liliaceae,5,6,N,N,길이 1~2m이다. 
1998,산파,Allium maximowiczii Regel,백합과,Liliaceae,7,8,Y,N,높이 20-50cm이다.
1999,두메부추,Allium senescens L.,백합과,Liliaceae,8,9,Y,N,높이가 20-30cm이다.
2000,노랑부추,Allium condensatum Turcz.,백합과,Liliaceae,7,8,N,N,꽃대는 높이 40cm.
2001,참산부추,Allium sacculiferum Maxim.,백합과,Liliaceae,7,9,N,N,꽃대는 높이 60cm
2002,갯부추,Allium pseudojaponicum Makino,백합과,Liliaceae,8,9,N,N,높이 30-60cm
2003,울릉산마늘,Allium ochotense Prokh.,백합과,Liliaceae,5,7,N,N,꽃대는 높이 40-70cm 정도로 자란다.
2004,달래,Allium monanthum Maxim.,백합과,Liliaceae,4,4,N,N,높이 5-12cm 정도이다.
2005,산부추,Allium thunbergii G.Don,백합과,Liliaceae,8,9,N,N,높이는 30~60cm이다.
2006,실부추,Allium anisopodium Ledeb.,백합과,Liliaceae,9,10,Y,N,높이 30~50cm이다.
2007,한라부추,Allium taquetii H.L?v. & Vaniot,백합과,Liliaceae,8,9,N,Y,높이가 27cm정도 된다.
2008,여우꼬리풀,Aletris glabra Bureau & Franch.,백합과,Liliaceae,6,7,Y,N,꽃대는 높이 35-40cm.
2009,쥐꼬리풀,Aletris spicata (Thunb.) Franch.,백합과,Liliaceae,6,7,N,N,꽃대는 높이 30-50cm.
2010,물달개비,Monochoria vaginalis var. plantaginea (Roxb.) Solms,물옥잠과,Pontederiaceae,9,9,N,N,높이 10~80cm
2011,물옥잠,Monochoria korsakowii Regel & Maack,물옥잠과,Pontederiaceae,9,9,N,N,높이가 30cm에 달한다.
2012,네가래,Marsilea quadrifolia L.,네가래과,Marsileaceae,7,8,N,N,5~20cm
2013,긴다람쥐꼬리,Huperzia jejuensis B.-Y. Sun & J. Lim,석송과,Lycopodiaceae,7,9,N,Y,높이 5~25cm.
2014,꼬마부들,Typha laxmanni Lepech.,부들과,Typhaceae,7,7,N,N,높이는 80~150cm이다.
2015,애기부들,Typha angustifolia L.,부들과,Typhaceae,6,7,N,N,높이 약 1.5m 내외이다.
2016,큰잎부들,Typha latifolia L.,부들과,Typhaceae,6,7,N,N,키는 1-2m정도이다.
2017,부들,Typha orientalis C.Presl,부들과,Typhaceae,6,7,N,N,높이 1~1.5m.
2018,좁은잎흑삼릉,Sparganium hyperboreum Laest. ex Beurl.,부들과,Typhaceae,6,7,Y,N,높이는 30-50㎝.
2019,긴흑삼릉,Sparganium japonicum Rothert,부들과,Typhaceae,7,8,Y,N,높이는 40-70㎝
2020,흑삼릉,Sparganium erectum L.,부들과,Typhaceae,6,7,Y,N,높이 70-100cm
2021,좀개구리밥,Lemna perpusilla Torr.,개구리밥과,Lemnaceae,8,8,N,N,"줄기의 길이 3-5mm, 나비 2-4mm."
2022,앉은부채,Symplocarpus renifolius Schott ex Tzvelev,천남성과,Araceae,3,5,N,N,꽃대는 길이 10-20cm.
2023,반하,Pinellia ternata (Thunb.) Breitenb.,천남성과,Araceae,5,5,N,N,꽃대는 높이 20-40cm.
2024,산부채,Calla palustris L.,천남성과,Araceae,7,7,N,N,꽃대는 높이 15-30cm.
2025,천남성,Arisaema amurense Maxim.,천남성과,Araceae,5,7,N,N,높이 15~30cm이다.
2026,두루미천남성,Arisaema heterophyllum Blume,천남성과,Araceae,5,6,Y,N,높이 50cm
2027,큰천남성,Arisaema ringens (Thunb.) Schott,천남성과,Araceae,5,5,N,N,꽃대는 길이 3-10cm이며 잎은 길이 15-25cm의 엽병이 있다.
2028,섬천남성,Arisaema negishii Makino,천남성과,Araceae,5,6,Y,N,높이는 60㎝정도
2029,둥근잎천남성,Arisaema amurense Maxim.,천남성과,Araceae,5,7,N,N,높이 15~30cm
2030,무늬천남성,Arisaema thunbergii Blume,천남성과,Araceae,5,5,N,N,꽃대의 높이 10-20cm
2031,점박이천남성,Arisaema peninsulae Nakai,천남성과,Araceae,5,6,N,N,높이 20~80cm
2032,거문천남성,Arisaema thunbergii subsp. geomundoense S.C.Ko,천남성과,Araceae,4,4,N,N,높이 30~100cm 정도로 자란다.
2033,창포,Acorus calamus L.,천남성과,Araceae,6,7,Y,N,잎의 길이가 70cm 정도이다.
2034,석창포,Acorus gramineus Sol.,천남성과,Araceae,6,7,N,N,"꽃대는 길이 10-30cm, 나비 3-5mm."
2035,눈측백,Thuja koraiensis Nakai,측백나무과,Cupressaceae,5,5,Y,N,"수고 10~20m, 지름 20~30㎝의 소교목이지만 흔히 2m 미만의 관목상으로 자람."
2036,측백나무,Platycladus orientalis (L.) Franco,측백나무과,Cupressaceae,4,4,Y,N,"높이 25m, 지름 1m. "
2037,섬향나무,Juniperus chinensis var. procumbens Siebold & Endl.,측백나무과,Cupressaceae,4,4,N,N,줄기 길이 1 ~ 2m 정도.
2038,향나무,Juniperus chinensis L.,측백나무과,Cupressaceae,4,4,N,N,"높이가 20m, 지름 3.5m ."
2039,해변노간주,Juniperus rigida var. conferta (Parl.) Patschke,측백나무과,Cupressaceae,5,5,Y,N,"수고 8m, 직경 20㎝까지 자란다."
2040,노간주나무,Juniperus rigida Siebold & Zucc.,측백나무과,Cupressaceae,4,5,N,N,"높이 8m, 지름 20cm. "
2041,곱향나무,Juniperus communis var. saxatilis Pall.,측백나무과,Cupressaceae,5,5,N,N,"수고 8m, 직경 20㎝까지 자란다."
2042,눈향나무,Juniperus chinensis var. sargentii A.Henry,측백나무과,Cupressaceae,4,5,Y,N,"높이는 75cm 이하,길이 5m 내외로 땅을 기며 자람."
2043,평강노간주,Juniperus rigida var. modesta Nakai,측백나무과,Cupressaceae,5,5,N,N,"높이 약 8m, 지름 약 20cm이다."
2044,비자나무,Torreya nucifera (L.) Siebold & Zucc.,주목과,Taxaceae,4,4,N,N,"높이 25m, 지름 2m. "
2045,주목,Taxus cuspidata Siebold & Zucc.,주목과,Taxaceae,4,4,Y,N,"높이 17~20m, 지름 1m"
2046,개비자나무,Cephalotaxus koreana Nakai,개비자나무과,Cephalotaxaceae,4,4,N,N,높이 3~6m 정도
2047,눈개비자나무,Cephalotaxus nana Nakai,개비자나무과,Cephalotaxaceae,4,4,N,N,수고 3m 정도
2048,큰개비자나무,Cephalotaxus harringtonia (Knight ex Forbes) K.Koch,개비자나무과,Cephalotaxaceae,4,5,N,N,"높이는 8~10cm, 지름 30cm정도이다."
2049,솔송나무,Tsuga sieboldii Carri?re,소나무과,Pinaceae,5,5,Y,N,"수고 30m, 직경 80㎝"
2050,소나무,Pinus densiflora Siebold & Zucc.,소나무과,Pinaceae,5,5,N,N,"높이 35m, 지름 1.8m. "
2051,눈잣나무,Pinus pumila (Pall.) Regel,소나무과,Pinaceae,6,7,Y,N,"높이 4 ~ 5m, 지름 15cm,"
2052,곰솔,Pinus thunbergii Parl.,소나무과,Pinaceae,5,5,N,N,"높이 20m, 지름 1m."
2053,만주곰솔,Pinus tabuliformis var. mukdensis (Uyeki ex Nakai) Uyeki,소나무과,Pinaceae,5,5,N,N,"높이 25m, 지름 80㎝"
2054,반송,Pinus densiflora f. multicaulis Uyeki,소나무과,Pinaceae,5,5,N,N,보통 높이 6-7m 정도
2055,섬잣나무,Pinus parviflora Siebold & Zucc.,소나무과,Pinaceae,6,6,N,N,"높이 30m, 지름 1m. "
2056,여복송,Pinus densiflora f. congesta Uyeki,소나무과,Pinaceae,5,5,N,N,"높이 35m, 지름 1.8m 정도이다."
2057,금강소나무,Pinus densiflora f. erecta Uyeki,소나무과,Pinaceae,5,5,N,N,"수고 35m, 직경 1.8m까지 자람."
2058,은송,Pinus densiflora f. vittata Uyeki,소나무과,Pinaceae,5,5,N,N,"높이 35m, 지름 1.8m 정도이다."
2059,곰반송,Pinus thunbergii f. multicaulis Uyeki,소나무과,Pinaceae,5,5,N,N,"수고 20m이상, 직경 1m까지 자란다."
2060,남복송,Pinus densiflora f. aggregata Nakai,소나무과,Pinaceae,5,5,N,N,"높이 35m, 지름 1.8m 정도이다."
2061,잣나무,Pinus koraiensis Siebold & Zucc.,소나무과,Pinaceae,5,5,N,N,"높이 30m, 지름 1m. "
2062,털종비나무,Picea koraiensis var. tonaiensis (Nakai) T.B.Lee,소나무과,Pinaceae,5,5,N,N,"수고 25m, 직경 75㎝에 이른다."
2063,종비나무,Picea koraiensis Nakai,소나무과,Pinaceae,5,5,N,N,"높이 25m, 지름 75cm"
2064,풍산가문비,Picea pungsanensis Uyeki,소나무과,Pinaceae,6,6,N,Y,"높이 20m, 지름 60cm 정도이다."
2065,잎갈나무,Larix gmelinii var. olgensis (A.Henry) Ostenf. & Syrach,소나무과,Pinaceae,4,5,N,N,"높이가 37m, 지름이 1m에 이른다."
2066,개잎갈나무,Cedrus deodara (Roxb. ex D.Don) G.Don,소나무과,Pinaceae,10,11,N,N,"높이 30m, 지름 1m(원산지에서는 높이 50m, 지름 3m)에 이른다."
2067,전나무,Abies holophylla Maxim.,소나무과,Pinaceae,4,4,N,N,"높이 40m, 지름 1.5m."
2068,검은구상,Abies koreana f. nigrocarpa Hatus.,소나무과,Pinaceae,5,6,N,N,"수고 18m, 수관의 폭 7-8m에 이른다."
2069,분비나무,Abies nephrolepis (Trautv.) Maxim.,소나무과,Pinaceae,4,5,N,N,"높이 25m, 지름 75cm."
2070,청분비나무,Abies nephrolepis f. chlorocarpa Wilson,소나무과,Pinaceae,5,5,N,N,"수고 25m, 직경 75㎝에 이른다."
2071,구상나무,Abies koreana Wilson,소나무과,Pinaceae,6,6,Y,Y,"높이가 18m에 달하고, 수관폭 7~8m로 자란다."
2072,푸른구상,Abies koreana f. chlorocarpa T.B.Lee,소나무과,Pinaceae,5,6,N,N,"수고 18m, 수관의 폭 7-8m에 이른다."
2073,붉은구상,Abies koreana f. rubrocarpa T.B.Lee,소나무과,Pinaceae,5,6,N,N,"수고 18m, 수관의 폭 7-8m"
2074,산꼬리고사리,Asplenium x montanum C.S.Lee & K.Lee,꼬리고사리과,Aspleniaceae,6,9,N,N,높이 5~10cm 정도로 자란다.
2075,거미사철고사리,Asplenium x uiryeongse C.S.Lee & K.Lee,꼬리고사리과,Aspleniaceae,6,8,N,N,높이 5~20cm
2076,불암초,Melochia corchorifolia L.,아욱과,Malvaceae,7,9,N,N,높이 30~60cm
2077,황근,Hibiscus hamabo Siebold & Zucc.,아욱과,Malvaceae,6,8,Y,N,높이 1~2m.
2078,부용,Hibiscus mutabilis L.,아욱과,Malvaceae,8,10,N,N,높이 1-3m 정도이다.
2079,가는기름나물,Kitagawia komarovii Pimenov,산형과,Apiaceae,7,8,N,N,높이 90cm
2080,두메기름나물,Peucedanum coreanum Nakai,산형과,Apiaceae,8,8,N,Y,높이 10~20cm
2081,갯기름나물,Peucedanum japonicum Thunb.,산형과,Apiaceae,6,8,N,N,높이 60cm-100cm이다.
2082,산기름나물,Peucedanum terebinthaceum (Fisch. ex Trevir.) Fisch. ex Turcz. var. deltoideum (Makino ex K.Yabe) Makino,산형과,Apiaceae,7,9,N,N,높이 30-90cm
2083,기름나물,Peucedanum terebinthaceum (Fisch. ex Trevir.) Fisch. ex Turcz.,산형과,Apiaceae,7,9,N,N,높이 39-90cm이다.
2084,묏미나리,Ostericum sieboldii (Miq.) Nakai,산형과,Apiaceae,8,9,N,N,높이는 1m정도이다.
2085,신감채,Ostericum grosseserratum (Maxim.) Kitag.,산형과,Apiaceae,8,8,N,N,높이는 1m정도이다.
2086,강활,Ostericum praeteritum Kitag.,산형과,Apiaceae,8,9,N,N,높이 2m
2087,짧은사상자,Osmorhiza aristata var. montana Makino,산형과,Apiaceae,5,6,N,N,높이 40-60cm
2088,긴사상자,Osmorhiza aristata (Thunb.) Rydb.,산형과,Apiaceae,5,6,N,N,높이 40-60cm
2089,어수리,Heracleum moellendorffii Hance,산형과,Apiaceae,7,8,N,N,높이 70-150cm
2090,고산바디,Coelopleurum saxatile (Turcz.) Drude,산형과,Apiaceae,7,8,N,N,높이 60~80㎝이다.
2091,왜천궁,Angelica genuflexa Nutt. ex Torr. & A.Gray,산형과,Apiaceae,8,9,N,N,높이 80~200cm
2092,부전바디,Angelica nakaiana (Kitag.) Pimenov,산형과,Apiaceae,8,8,N,N,높이 30cm
2093,고본,Angelica tenuissima Nakai,산형과,Apiaceae,8,9,N,N,높이 30-80cm정도이다.
2094,개구릿대,Angelica anomala Av?-Lall.,산형과,Apiaceae,7,8,N,N,높이 1-2m에 달한다.
2095,바디나물,Angelica decursiva (Miq.) Franch. & Sav.,산형과,Apiaceae,8,9,N,N,높이 80~150cm
2096,흰바디나물,Angelica cartilaginomarginata (Makino ex Y.Yabe) Nakai var. distans (Nakai) Kitag.,산형과,Apiaceae,8,8,N,N,높이 약 1m에 달한다.
2097,처녀바디,Angelica cartilaginomarginata (Makino ex Y.Yabe) Nakai,산형과,Apiaceae,8,9,N,N,높이 50~80cm
2098,삼수구릿대,Angelica jaluana Nakai,산형과,Apiaceae,7,8,N,N,높이 1m
2099,참당귀,Angelica gigas Nakai,산형과,Apiaceae,8,9,N,N,높이가 1-2m정도에 이른다.
2100,궁궁이,Angelica polymorpha Maxim.,산형과,Apiaceae,8,9,N,N,높이는 0.8-1.5m이다.
2101,갯강활,Angelica japonica A.Gray,산형과,Apiaceae,7,8,N,N,높이 50~100cm
2102,구릿대,Angelica dahurica (Fisch. ex Hoffm.) Benth. & Hook.f. ex Franch. & Sav.,산형과,Apiaceae,6,8,N,N,높이 1-2m정도이다.
2103,두메당근,Angelica florenti Franch. & Sav. ex Maxim.,산형과,Apiaceae,8,9,N,N,높이 15~30cm이다.
2104,잔잎바디,Angelica czernaevia (Fisch. & C.A.Mey.) Kitag.,산형과,Apiaceae,7,8,N,N,높이 1m내외이다.
2105,개사상자,Torilis scabra (Thunb.) DC.,산형과,Apiaceae,5,6,N,N,높이 60cm
2106,사상자,Torilis japonica (Houtt.) DC.,산형과,Apiaceae,6,8,N,N,높이 30~70cm
2107,무산상자,Sphallerocarpus gracilis (Besser ex Trevir.) Koso-Pol.,산형과,Apiaceae,8,8,N,N,높이 2m이상 자란다.
2108,개발나물,Sium suave Walter,산형과,Apiaceae,8,8,N,N,키 1m
2109,대암개발나물,Sium tenue Kom.,산형과,Apiaceae,9,10,N,N,높이 40-100cm
2110,물개발나물,Sium suave Walter var. nipponicum (Maxim.) H.Hara,산형과,Apiaceae,8,8,N,N,높이 1m
2111,감자개발나물,Sium ninsi L.,산형과,Apiaceae,8,8,N,N,높이 30~80cm
2112,붉은참반디,Sanicula rubriflora F.Schmidt ex Maxim.,산형과,Apiaceae,6,6,N,N,높이가 20-50cm정도로 자란다.
2113,참반디,Sanicula chinensis Bunge,산형과,Apiaceae,7,7,N,N,높이 15~100cm
2114,애기참반디,Sanicula tuberculata Maxim.,산형과,Apiaceae,5,5,N,N,높이 8~20cm
2115,서울개발나물,Pterygopleurum neurophyllum (Maxim.) Kitag.,산형과,Apiaceae,7,8,Y,N,높이 80-159㎝
2116,반디미나리,Pternopetalum tanakae (Franch. & Sav.) Hand.-Mazz.,산형과,Apiaceae,6,7,N,N,높이 10~25cm이다.
2117,왜우산풀,Pleurospermum uralense Hoffm.,산형과,Apiaceae,6,7,N,N,높이 50-100cm
2118,참나물,Pimpinella brachycarpa (Kom.) Nakai,산형과,Apiaceae,6,8,N,N,높이 50-80cm로 자란다.
2119,그늘참나물,Pimpinella brachycarpa (Kom.) Nakai var. uchiyamana (Y.Yabe) W.T.Lee & G.J.Jang,산형과,Apiaceae,7,8,N,Y,높이 50~100cm이다.
2120,가는참나물,Pimpinella koreana (Yabe) Nakai,산형과,Apiaceae,7,8,N,N,높이 50~100cm
2121,노루참나물,Pimpinella komarovii (Kitag.) R.H.Shan & F.T.Pu,산형과,Apiaceae,8,8,N,N,높이 30~80cm
2122,미나리,Oenanthe javanica (Blume) DC.,산형과,Apiaceae,7,9,N,N,높이 30cm 내외이다.
2123,개미나리,Oenanthe javanica var. japonica (Maxim.) Honda,산형과,Apiaceae,7,9,N,N,높이 30cm
2124,기름당귀,Ligusticum scoticum L. subsp. hultenii (Fernald) Calder & Roy L.Taylor,산형과,Apiaceae,7,8,N,N,높이 30~100cm
2125,개회향,Ligusticum tachiroei (Franch. & Sav.) M.Hiroe & Constance,산형과,Apiaceae,7,8,Y,N,높이 10~30cm이다.
2126,털기름나물,Libanotis coreana (H.Wolff) Kitag.,산형과,Apiaceae,7,9,N,N,높이 30~90cm
2127,선피막이,Hydrocotyle maritima Honda,산형과,Apiaceae,6,8,N,N,키 7~15cm
2128,큰피막이풀,Hydrocotyle javanica Thunb.,산형과,Apiaceae,7,10,N,N,높이 5~25cm
2129,제주피막이,Hydrocotyle yabei Makino,산형과,Apiaceae,6,9,N,N,10~30cm
2130,피막이,Hydrocotyle sibthorpioides Lam.,산형과,Apiaceae,7,8,N,N,키 18~40cm
2131,큰피막이,Hydrocotyle ramiflora Maxim.,산형과,Apiaceae,6,8,N,N,높이 10-15cm
2132,갯방풍,Glehnia littoralis F.Schmidt ex Miq.,산형과,Apiaceae,6,7,Y,N,높이 5-20cm이다.
2133,섬바디,Dystaenia takesimana (Nakai) Kitag.,산형과,Apiaceae,7,7,N,Y,높이 2m
2134,갯당근,Daucus littoralis Sm.,산형과,Apiaceae,7,8,N,N,높이 1m
2135,큰참나물,Cymopterus melanotilingia (H.Boissieu) C.Y.Yoon,산형과,Apiaceae,8,8,N,N,높이 50~100cm
2136,파드득나물,Cryptotaenia japonica Hassk.,산형과,Apiaceae,6,7,N,N,높이 30~60cm로 자란다.
2137,두메천궁,Conioselinum filicinum (H.Wolff) H.Hara,산형과,Apiaceae,8,8,N,N,높이 40~80cm이다.
2138,산천궁,Conioselinum kamtschaticum Rupr.,산형과,Apiaceae,8,8,N,N,높이는 50cm내외
2139,벌사상자,Cnidium monnieri (L.) Cusson,산형과,Apiaceae,6,7,N,N,높이가 1m에 이른다.
2140,사동미나리,Cnidium dauricum (Jacq.) Fisch. & C.A.Mey.,산형과,Apiaceae,8,8,N,N,높이 50cm
2141,갯사상자,Cnidium japonicum Miq.,산형과,Apiaceae,8,8,N,N,높이 10~30cm
2142,독미나리,Cicuta virosa L.,산형과,Apiaceae,6,8,Y,N,높이가 1m정도에 이른다.
2143,병풀,Centella asiatica (L.) Urb.,산형과,Apiaceae,7,8,N,N,높이 10~35cm
2144,돌방풍,Carlesia sinensis Dunn,산형과,Apiaceae,8,10,Y,N,키 10~20cm
2145,개시호,Bupleurum longiradiatum Turcz.,산형과,Apiaceae,7,8,N,N,높이 40-150cm이다.
2146,섬시호,Bupleurum latissimum Nakai,산형과,Apiaceae,5,5,Y,Y,키 60cm
2147,시호,Bupleurum komarovianum Lincz.,산형과,Apiaceae,8,9,Y,N,높이 40~70cm이다.
2148,등대시호,Bupleurum euphorbioides Nakai,산형과,Apiaceae,7,8,Y,N,보통 8-12cm
2149,참시호,Bupleurum scorzonerifolium Willd.,산형과,Apiaceae,8,9,N,N,높이 40~60cm이다.
2150,털전호,Anthriscus sylvestris (L.) Hoffm. var. hirtiructus (Ohwi) H.Hara,산형과,Apiaceae,5,6,N,N,높이 1m이상이다.
2151,전호,Anthriscus sylvestris (L.) Hoffm.,산형과,Apiaceae,5,6,N,N,높이 1m정도이다.
2152,왜방풍,Aegopodium alpestre Ledeb.,산형과,Apiaceae,8,8,N,N,높이가 30-70cm정도로 자란다.
2153,물머위,Adenostemma lavenia (L.) Kuntze,국화과,Asteraceae,9,10,N,N,높이는 30-100㎝이다.
2154,멸가치,Adenocaulon himalaicum Edgew.,국화과,Asteraceae,8,9,N,N,높이가 50-100cm 정도로 자란다.
2155,큰톱풀,Achillea ptarmica var. acuminata (Ledeb.) Heim.,국화과,Asteraceae,7,8,N,Y,높이가 85cm정도에 이른다.
2156,톱풀,Achillea alpina L.,국화과,Asteraceae,7,10,N,N,높이  50~110cm
2157,산톱풀,Achillea alpina var. discoidea (Regel) Kitam.,국화과,Asteraceae,7,10,N,N,높이 50~110cm이다.
2158,갯톱풀,Achillea alpina L. subsp. pulchra (Koidz.) Kitam.,국화과,Asteraceae,6,8,N,N,높이 60~80cm 정도로 자란다.
2159,진득찰,Sigesbeckia glabrescens (Makino) Makino,국화과,Asteraceae,8,9,N,N,높이 40~100cm이다.
2160,털진득찰,Sigesbeckia pubescens (Makino) Makino,국화과,Asteraceae,8,9,N,N,높이 1m이다.
2161,제주진득찰,Sigesbeckia orientalis L.,국화과,Asteraceae,4,10,N,N,높이는 20-55㎝
2162,지칭개,Hemistepta lyrata Bunge,국화과,Asteraceae,5,7,N,N,높이 60~80cm이다.
2163,뽀리뱅이,Youngia japonica (L.) DC.,국화과,Asteraceae,5,6,N,N,높이 15-100cm이다.
2164,갯금불초,Wedelia prostrata Hemsl.,국화과,Asteraceae,8,10,Y,N,높이 30-60cm
2165,솜방망이,Tephroseris kirilowii (Turcz. ex DC.) Holub,국화과,Asteraceae,5,6,N,N,높이 20-65cm
2166,물솜방망이,Tephroseris pseudosonchus (Vaniot) C.Jeffrey & Y.L.Chen,국화과,Asteraceae,5,6,N,N,높이는 55-65cm정도이다.
2167,산솜방망이,Tephroseris flammea (Turcz. ex DC.) Holub,국화과,Asteraceae,8,8,Y,N,높이 15-40cm정도이다.
2168,바위솜나물,Tephroseris phaeantha (Nakai) C.Jeffrey & Y.L.Chen,국화과,Asteraceae,6,8,Y,N,높이 15-30cm
2169,민들레,Taraxacum platycarpum Dahlst.,국화과,Asteraceae,4,5,N,N,높이가 30cm 정도 자란다.
2170,털민들레,Taraxacum mongolicum Hand.-Mazz.,국화과,Asteraceae,4,6,N,N,높이 7~30cm이다.
2171,쑥국화,Tanacetum vulgare L.,국화과,Asteraceae,7,9,N,N,키는 60~70cm이다.
2172,수리취,Synurus deltoides (Aiton) Nakai,국화과,Asteraceae,9,10,N,N,높이 40~100cm
2173,큰수리취,Synurus excelsus (Makino) Kitam.,국화과,Asteraceae,7,10,N,N,높이는 1-2m
2174,국화수리취,Synurus palmatopinnatifidus (Makino) Kitam.,국화과,Asteraceae,9,10,N,N,높이는 70-100㎝
2175,우산나물,Syneilesis palmata (Thunb.) Maxim.,국화과,Asteraceae,6,9,N,N,높이 70~120m
2176,애기우산나물,Syneilesis aconitifolia (Bunge) Maxim.,국화과,Asteraceae,7,8,Y,N,높이가 70-120cm이다.
2177,사데풀,Sonchus brachyotus DC.,국화과,Asteraceae,8,10,N,N,높이 30-100cm이다.
2178,울릉미역취,Solidago virgaurea subsp. gigantea (Nakai) Kitam.,국화과,Asteraceae,8,9,N,N,높이 15~70cm이다.
2179,산미역취,Solidago virgaurea var. leiocarpa (Benth.) A. Gray,국화과,Asteraceae,7,10,N,N,높이 35~85cm이다.
2180,나래미역취,Solidago virgaurea var. coreana Nakai,국화과,Asteraceae,8,9,N,N,높이 15-70cm
2181,국화방망이,Sinosenecio koreanus (Kom.) B.Nord.,국화과,Asteraceae,6,8,Y,Y,높이는 35~60cm이다.
2182,산비장이,Serratula coronata L. subsp. insularis (Iljin) Kitam.,국화과,Asteraceae,7,10,N,N,높이는 30-140cm정도이다.
2183,잔톱비장이,Serratula hayatae Nakai,국화과,Asteraceae,8,8,N,N,높이 60~80cm이다.
2184,삼잎방망이,Senecio cannabifolius Less.,국화과,Asteraceae,7,8,N,N,높이 1-2m
2185,금강솜방망이,Senecio birubonensis Kitam.,국화과,Asteraceae,6,7,N,Y,높이 10~30cm이다.
2186,웅기솜나물,Senecio pseudoarnica Less.,국화과,Asteraceae,8,8,N,N,높이 30~35cm이다.
2187,금방망이,Senecio nemorensis L.,국화과,Asteraceae,7,8,Y,N,높이 40-100cm
2188,쑥방망이,Senecio argunensis Turcz.,국화과,Asteraceae,8,9,Y,N,높이 65-160cm이다.
2189,쇠채,Scorzonera albicaulis Bunge,국화과,Asteraceae,7,8,Y,N,높이가 23-100cm 이다.
2190,멱쇠채,Scorzonera austriaca subsp. glabra (Rupr.) Lipsch. & Krasch. ex Lipsch.,국화과,Asteraceae,5,6,Y,N,꽃대는 높이 6-12cm에서 20-25cm로 자란다.
2191,사창분취,Saussurea calcicola Nakai,국화과,Asteraceae,9,10,N,Y,높이가 1m에 달한다.
2192,분취,Saussurea seoulensis Nakai,국화과,Asteraceae,7,9,N,Y,높이 20~80cm이다.
2193,묘향분취,Saussurea myokoensis Kitam.,국화과,Asteraceae,8,8,N,Y,높이 70~80cm이다.
2194,빗살서덜취,Saussurea odontolepis (Herder) Sch.Bip. ex Herder,국화과,Asteraceae,9,10,N,N,높이 60~100cm이다.
2195,각시취,Saussurea pulchella (Fisch.) Fisch.,국화과,Asteraceae,8,10,N,N,높이 30~150cm 정도 자란다.
2196,두메분취,Saussurea tomentosa Kom.,국화과,Asteraceae,8,8,N,N,높이 10~20cm이다.
2197,두메취,Saussurea triangulata Trautv. & Mey.,국화과,Asteraceae,7,9,N,N,높이 12~70cm이다.
2198,흰각시취,Saussurea pulchella f. albiflora (Kitam.) Kitam.,국화과,Asteraceae,8,10,N,N,높이 30-150cm
2199,털분취,Saussurea rorinsanensis Nakai,국화과,Asteraceae,7,8,N,Y,높이 14~33cm이다.
2200,깃덤불취,Saussurea manshurica var. pinnatifida Nakai,국화과,Asteraceae,7,8,N,N,높이 70-90cm.
2201,서덜취,Saussurea grandifolia Maxim.,국화과,Asteraceae,7,10,N,N,높이 30~50cm이다.
2202,큰각시취,Saussurea japonica (Thunb.) DC.,국화과,Asteraceae,8,9,N,N,높이 50~150cm 가량 된다.
2203,비단분취,Saussurea komaroviana Lipsch.,국화과,Asteraceae,7,8,N,Y,높이 40~70cm이다.
2204,큰비단분취,Saussurea komaroviana var. macrophylla Chung,국화과,Asteraceae,7,8,N,N,키 1m가량이다.
2205,너울취,Saussurea nomurae Kitam.,국화과,Asteraceae,8,8,N,N,높이는 90cm 정도이다.
2206,담배취,Saussurea conandrifolia Nakai,국화과,Asteraceae,7,8,N,Y,높이 35~50cm이다.
2207,금강분취,Saussurea diamantica Nakai,국화과,Asteraceae,9,9,N,Y,높이 30~80cm이다.
2208,버들분취,Saussurea maximowiczii Herd,국화과,Asteraceae,7,9,N,N,높이 50~160cm이다.
2209,꼬리서덜취,Saussurea subtriangulata Kom.,국화과,Asteraceae,7,10,N,N,높이 30~50cm
2210,각시서덜취,Saussurea macrolepis (Nakai) Kitam.,국화과,Asteraceae,7,9,N,Y,높이 30~90cm
2211,물골취,Saussurea stenolepis Nakai,국화과,Asteraceae,8,9,N,N,높이 70~80cm 정도로 자란다.
2212,그늘취,Saussurea uchiyamana Nakai,국화과,Asteraceae,8,9,N,Y,높이 35~40cm이다.
2213,솜분취,Saussurea eriophylla Nakai,국화과,Asteraceae,7,8,N,Y,높이 15~75cm이다.
2214,은분취,Saussurea gracilis Maxim.,국화과,Asteraceae,8,9,N,N,높이 10~30cm.
2215,경성서덜취,Saussurea koidzumiana Kitam.,국화과,Asteraceae,8,8,N,Y,높이 70~80cm이다.
2216,덤불취,Saussurea manshurica Kom.,국화과,Asteraceae,7,8,N,N,높이 70~90cm이다.
2217,산골취,Saussurea neoserrata Nakai,국화과,Asteraceae,8,9,N,N,높이 50-110cm 정도로 자란다.
2218,구와취,Saussurea ussuriensis Maxim.,국화과,Asteraceae,8,9,N,N,높이 30~120cm이다.
2219,가야산은분취,Saussurea pseudogracilis Kitam.,국화과,Asteraceae,8,9,N,N,높이 35~70cm이다.
2220,백운취,Saussurea insularis Kitam.,국화과,Asteraceae,5,10,N,N,높이가 50cm에 달한다.
2221,추분취,Rhynchospermum verticillatum Reinw.,국화과,Asteraceae,8,10,N,N,높이는 50-100㎝이다.
2222,뻐꾹채,Rhaponticum uniflorum (L.) DC.,국화과,Asteraceae,6,8,N,N,높이 30~70cm
2223,왕씀배,Prenanthes ochroleuca (Maxim.) Hemsl.,국화과,Asteraceae,8,9,Y,N,높이 80~100cm이다.
2224,쇠서나물,Picris hieracioides var. koreana Kitam.,국화과,Asteraceae,6,9,N,N,높이 90cm로 자란다.
2225,머위,Petasites japonicus (Siebold & Zucc.) Maxim.,국화과,Asteraceae,4,5,N,N,꽃대의 높이는 5-45㎝이다.
2226,참박쥐나물,Parasenecio hastatus var. farfaraefolia (Maxim.) Ohwi,국화과,Asteraceae,7,9,N,N,키 60-90㎝이다.
2227,병풍쌈,Parasenecio firmus (Kom.) Y.L.Chen,국화과,Asteraceae,7,9,Y,N,높이 1~2m이다.
2228,박쥐나물,Parasenecio auriculatus var. matsumurana Nakai,국화과,Asteraceae,7,9,N,N,높이 1~2m이다.
2229,귀박쥐나물,Parasenecio auriculatus (DC.) J.R.Grant,국화과,Asteraceae,8,9,Y,N,높이는 60~120cm이다.
2230,나래박쥐나물,Parasenecio auriculatus var. kamtschatica (Maxim.) H.Koyama,국화과,Asteraceae,8,9,N,N,높이 60~120cm이다.
2231,게박쥐나물,Parasenecio adenostyloides (Franch. & Sav. ex Maxim.) H.Koyama,국화과,Asteraceae,6,9,Y,N,높이 60~100cm이다.
2232,민박쥐나물,Parasenecio hastatus subsp. orientalis (Kitam.) H.Koyama,국화과,Asteraceae,7,9,N,N,높이 1~2m 정도 자란다.
2233,참나래박쥐,Parasenecio koraiensis (Nakai) K. J. Kim,국화과,Asteraceae,8,8,N,Y,"높이 1∼2m, 지름 1.5cm"
2234,곰취,Ligularia fischeri (Ledeb.) Turcz.,국화과,Asteraceae,7,9,N,N,높이가 1-2m이다.
2235,어리곤달비,Ligularia intermedia Nakai,국화과,Asteraceae,7,8,N,N,높이 40-70cm 이다.
2236,화살곰취,Ligularia jamesii (Hemsl.) Kom.,국화과,Asteraceae,7,8,N,N,높이 20-60cm 가량 된다.
2237,개담배,Ligularia schmidtii (Maxim.) Makino,국화과,Asteraceae,8,8,N,N,높이는 1m정도
2238,무산곰취,Ligularia japonica (Thunb.) Less.,국화과,Asteraceae,6,8,N,N,높이는 1m정도이다.
2239,곤달비,Ligularia stenocephala (Maxim.) Matsum. & Koidz.,국화과,Asteraceae,7,8,N,N,높이가 1m에 달한다.
2240,긴잎곰취,Ligularia jaluensis Kom.,국화과,Asteraceae,7,9,N,N,높이 65-115cm 정도이다.
2241,키큰산국,Leucanthemella linearis (Matsum.) Tzvelev,국화과,Asteraceae,9,11,Y,N,높이 30-100cm
2242,솜다리,Leontopodium coreanum Nakai,국화과,Asteraceae,4,7,Y,Y,꽃대의 높이가 15-25cm정도이다.
2243,들떡쑥,Leontopodium leontopodioides (Willd.) Beauverd,국화과,Asteraceae,7,8,Y,N,높이 15-45cm
2244,한라솜다리,Leontopodium hallaisanense Hand.-Mazz.,국화과,Asteraceae,8,8,Y,Y,높이는 7-12㎝
2245,산솜다리,Leontopodium leiolepis Nakai,국화과,Asteraceae,8,8,Y,Y,꽃대의 높이는 7-22㎝이다.
2246,왜솜다리,Leontopodium japonicum Miq.,국화과,Asteraceae,8,9,Y,N,높이는 25-55cm이다.
2247,그늘보리뺑이,Lapsanastrum humile (Thunb.) J.H.Pak & K.Bremer,국화과,Asteraceae,6,7,N,N,높이는 9-50㎝
2248,개보리뺑이,Lapsanastrum apogonoides (Maxim.) J.H.Pak & K.Bremer,국화과,Asteraceae,3,5,N,N,높이는 4~20㎝
2249,두메고들빼기,Lactuca triangulata Maxim.,국화과,Asteraceae,7,8,N,N,높이 1m.
2250,왕고들빼기,Lactuca indica L.,국화과,Asteraceae,7,9,N,N,높이 1-2m까지 자란다.
2251,산씀바귀,Lactuca raddeana Maxim.,국화과,Asteraceae,8,10,N,N,높이 65-150cm 이다.
2252,자주방가지똥,Lactuca sibirica (L.) Benth. ex Maxim.,국화과,Asteraceae,7,8,N,N,높이가 60-90cm이다.
2253,버드쟁이나물,Kalimeris pinnatifida (Maxim.) Kitam.,국화과,Asteraceae,7,8,N,N,높이 30-150cm
2254,벌씀바귀,Ixeris polycephala Cass.,국화과,Asteraceae,5,7,N,N,높이 15~40cm이다.
2255,노랑선씀바귀,Ixeris chinensis (Thunb.) Nakai,국화과,Asteraceae,8,10,N,N,높이 20~50cm이다.
2256,냇씀바귀,Ixeris tamagawaensis (Makino) Kitam.,국화과,Asteraceae,4,11,Y,N,높이 15-30cm.
2257,벋음씀바귀,Ixeris debilis (Thunb.) A. Gray,국화과,Asteraceae,5,7,N,N,꽃대의 높이 10~35cm이다.
2258,좀씀바귀,Ixeris stolonifera A. Gray,국화과,Asteraceae,5,6,N,N,높이는 10cm정도
2259,선씀바귀,Ixeris strigosa (H.L?v. & Vaniot) J.H.Pak & Kawano,국화과,Asteraceae,5,6,N,N,높이 20-50cm이다.
2260,흰씀바귀,Ixeridium dentatum f. albiflora (Makino) H. Hara,국화과,Asteraceae,5,7,N,N,높이가 25-50cm
2261,버들금불초,Inula salicina var. asiatica Kitam.,국화과,Asteraceae,6,8,Y,N,높이가 60-80cm정도이다.
2262,가지금불초,Inula britannica var. ramosa Kom.,국화과,Asteraceae,7,9,N,N,높이 1m
2263,가는금불초,Inula britannica var. linariifolia (Turcz.) Regel,국화과,Asteraceae,6,8,N,N,높이가 30~70cm이다.
2264,금불초,Inula britannica var. japonica (Thunb.) Franch. & Sav.,국화과,Asteraceae,7,9,N,N,높이 20~60cm이다. 
2265,금혼초,Hypochaeris ciliata (Thunb.) Makino,국화과,Asteraceae,6,8,N,N,높이가 35-73cm이다.
2266,께묵,Hololeion maximowiczii Kitam.,국화과,Asteraceae,8,10,Y,N,높이 50-100cm이다.
2267,조밥나물,Hieracium umbellatum L.,국화과,Asteraceae,7,10,N,N,높이 30-100cm이다.
2268,껄껄이풀,Hieracium coreanum Nakai,국화과,Asteraceae,7,9,N,Y,높이 30-60cm이다.
2269,풀솜나물,Gnaphalium japonicum Thunb.,국화과,Asteraceae,5,7,N,N,높이 8~25cm이다.
2270,금떡쑥,Gnaphalium hypoleucum DC.,국화과,Asteraceae,8,10,Y,N,높이는 30~60㎝이다
2271,왜떡쑥,Gnaphalium uliginosum L.,국화과,Asteraceae,5,7,N,N,높이 15-30cm
2272,떡쑥,Gnaphalium affine D.Don,국화과,Asteraceae,5,7,N,N,높이 15-40cm 정도로 자란다.
2273,실쑥,Filifolium sibiricum (L.) Kitam.,국화과,Asteraceae,6,8,N,N,높이가 35-45cm이다.
2274,털머위,Farfugium japonicum (L.) Kitam.,국화과,Asteraceae,9,10,N,N,높이가 30-50cm이다.
2275,등골나물,Eupatorium japonicum Thunb.,국화과,Asteraceae,7,10,N,N,높이가 2m에 달한다.
2276,향등골나물,Eupatorium tripartitum (Makino) Murata & H.Koyama,국화과,Asteraceae,7,10,N,N,높이가 2m에 달한다.
2277,골등골나물,Eupatorium lindleyanum DC.,국화과,Asteraceae,7,10,N,N,높이 약 70cm이다.
2278,벌등골나물,Eupatorium makinoi var. oppisitifolium (Koidz.) Kawahara & Yahara,국화과,Asteraceae,8,9,N,N,1~1.5m
2279,흰구름국화,Erigeron thunbergii subsp. glabratus f. albiflorus Y.N.Lee,국화과,Asteraceae,7,8,N,N,높이 10~35cm이다.
2280,구름국화,Erigeron thunbergii subsp. glabratus (A. Gray) H. Hara,국화과,Asteraceae,7,8,N,N,높이는 10-35cm 정도로 자란다.
2281,민망초,Erigeron acris L.,국화과,Asteraceae,8,9,N,N,높이는 15-90㎝이다.
2282,절굿대,Echinops setifer Iljin,국화과,Asteraceae,7,8,N,N,높이 1m
2283,큰절굿대,Echinops latifolius Tausch,국화과,Asteraceae,7,8,Y,N,길이가 60-80cm 이다.
2284,산국,Dendranthema boreale (Makino) Ling ex Kitam.,국화과,Asteraceae,9,10,N,N,높이 1~1.5m
2285,구절초,Dendranthema zawadskii var. latilobum (Maxim.) Kitam.,국화과,Asteraceae,9,10,N,N,높이 50cm
2286,바위구절초,Dendranthema sichotense Tzvelev,국화과,Asteraceae,9,10,N,N,높이가 20cm로 자란다.
2287,산구절초,Dendranthema zawadskii (Herb.) Tzvelev,국화과,Asteraceae,7,9,N,N,높이 10~60cm이다.
2288,포천구절초,Dendranthema zawadskii var. tenuisectum Kitag.,국화과,Asteraceae,9,10,N,N,높이가 50cm정도이다.
2289,감국,Dendranthema indicum (L.) Des Moul.,국화과,Asteraceae,10,11,N,N,높이 30~80cm이다.
2290,지리고들빼기,Crepidiastrum koidzumianum (Kitam.) Pak & Kawano,국화과,Asteraceae,9,10,N,Y,높이는 40㎝
2291,고들빼기,Crepidiastrum sonchifolium (Maxim.) Pak & Kawano,국화과,Asteraceae,7,9,N,N,높이 12-80cm에 달한다.
2292,까치고들빼기,Crepidiastrum chelidoniifolium (Makino) Pak & Kawano,국화과,Asteraceae,9,10,N,N,높이 20-50cm
2293,이고들빼기,Crepidiastrum denticulatum (Houtt.) Pak & Kawano,국화과,Asteraceae,8,9,N,N,높이 30~70cm이다.
2294,도깨비엉겅퀴,Cirsium schantarense Trautv. & Mey.,국화과,Asteraceae,7,9,N,N,높이는 50-150㎝
2295,가시엉겅퀴,Cirsium japonicum var. spinossimum Kitam.,국화과,Asteraceae,6,8,N,N,높이 50~100cm
2296,버들잎엉겅퀴,Cirsium lineare (Thunb.) Sch.Bip.,국화과,Asteraceae,8,10,Y,N,높이 50cm이다.
2297,흰잎고려엉겅퀴,Cirsium setidens var. niveoaraneum Kitam.,국화과,Asteraceae,7,10,N,N,높이 1m
2298,물엉겅퀴,Cirsium nipponicum (Maxim.) Makino,국화과,Asteraceae,8,11,Y,N,높이 1~2m이다.
2299,흰잎엉겅퀴,Cirsium vlassovianum Fisch. ex DC.,국화과,Asteraceae,8,8,N,N,높이가 30-100cm 이다.
2300,정영엉겅퀴,Cirsium chanroenicum (L.) Nakai,국화과,Asteraceae,7,8,N,N,높이 50~100cm이다.
2301,흰가시엉겅퀴,Cirsium japonicum var. ussuriense f. alba T.B.Lee,국화과,Asteraceae,6,8,N,N,높이 50-100cm
2302,큰엉겅퀴,Cirsium pendulum Fisch. ex DC.,국화과,Asteraceae,7,10,N,N,높이 1-2m이다.
2303,엉겅퀴,Cirsium japonicum var. maackii (Maxim.) Matsum.,국화과,Asteraceae,6,8,N,N,높이 50~100cm 내외이다.
2304,고려엉겅퀴,Cirsium setidens (Dunn) Nakai,국화과,Asteraceae,7,10,N,Y,높이 약 1m에 이른다.
2305,좁은잎엉겅퀴,Cirsium japonicum f. nakaianum (H.L?v. & Vaniot) W.T.Lee,국화과,Asteraceae,6,8,N,N,높이 50-100cm
2306,중대가리풀,Centipeda minima (L.) A.Br. & Asch.,국화과,Asteraceae,7,8,N,N,높이가 10cm정도로 자란다.
2307,천일담배풀,Carpesium glossophyllum Maxim.,국화과,Asteraceae,8,10,N,N,높이 25~50cm이다.
2308,애기담배풀,Carpesium rosulatum Miq.,국화과,Asteraceae,7,8,Y,N,높이는 15-45㎝이다.
2309,좀담배풀,Carpesium cernuum L.,국화과,Asteraceae,8,9,N,N,높이는 50-100㎝이다.
2310,담배풀,Carpesium abrotanoides L.,국화과,Asteraceae,8,9,N,N,높이 50~100cm이다.
2311,두메담배풀,Carpesium triste Maxim.,국화과,Asteraceae,7,9,N,N,높이가 40-100cm 정도로 자란다.
2312,여우오줌,Carpesium macrocephalum Franch. & Sav.,국화과,Asteraceae,8,9,N,N,높이 1m 정도이다.
2313,긴담배풀,Carpesium divaricatum Siebold & Zucc.,국화과,Asteraceae,8,10,N,N,높이 25-150cm이다.
2314,과꽃,Callistephus chinensis (L.) Nees,국화과,Asteraceae,7,9,N,N,높이 30~100cm
2315,조뱅이,Breea segeta (Willd.) Kitam.,국화과,Asteraceae,5,8,N,N,높이 25-50cm정도로 자란다.
2316,흰조뱅이,Breea segeta f. lactiflora (Nakai) W.T.Lee,국화과,Asteraceae,5,8,N,N,높이 25~50m이다.
2317,큰조뱅이,Breea setosa (Willd.) Kitam.,국화과,Asteraceae,8,10,N,N,높이 50~180cm이다.
2318,도깨비바늘,Bidens bipinnata L.,국화과,Asteraceae,8,9,N,N,높이 25-85cm
2319,털도깨비바늘,Bidens biternata (Lour.) Merr. & Sherff ex Sherff,국화과,Asteraceae,8,10,N,N,높이는 30-150㎝
2320,까치발,Bidens parviflora Willd.,국화과,Asteraceae,8,8,N,N,높이 20-70cm이다.
2321,가막사리,Bidens tripartita L.,국화과,Asteraceae,8,10,N,N,높이 20-150cm이다.
2322,좁은잎가막사리,Bidens cernua L.,국화과,Asteraceae,6,7,N,N,높이는 25-90㎝
2323,구와가막사리,Bidens radiata var. pinnatifida (Turcz. ex DC.) Kitam.,국화과,Asteraceae,8,8,N,N,높이는 15-70㎝
2324,당삽주,Atractylodes koreana (Nakai) Kitam.,국화과,Asteraceae,8,8,N,N,높이 30~50cm이다.
2325,삽주,Atractylodes ovata (Thunb.) DC.,국화과,Asteraceae,7,10,N,N,높이 30-100cm이다.
2326,가는쑥부쟁이,Aster pekinensis (Hance) Chen,국화과,Asteraceae,8,9,N,N,높이 30-70cm
2327,개쑥부쟁이,Aster meyendorfii (Regel & Maack) Voss,국화과,Asteraceae,7,8,N,N,높이 35-50cm이다.
2328,개미취,Aster tataricus L.f.,국화과,Asteraceae,7,10,N,N,"높이가 1-1.5m, 폭 2.5-3.3㎝정도 된다."
2329,쑥부쟁이,Aster yomena (Kitam.) Honda,국화과,Asteraceae,7,9,N,N,높이 30∼100cm이다.
2330,벌개미취,Aster koraiensis Nakai,국화과,Asteraceae,6,10,N,Y,높이가 50-60cm이다.
2331,섬쑥부쟁이,Aster glehnii F.Schmidt,국화과,Asteraceae,8,9,N,Y,높이 1-1.5m
2332,좀개미취,Aster maackii Regel,국화과,Asteraceae,8,10,N,N,높이 45~85cm
2333,까실쑥부쟁이,Aster ageratoides Turcz.,국화과,Asteraceae,8,10,N,N,높이 1m 정도로 자란다.
2334,눈개쑥부쟁이,Aster hayatae H.L?v. & Vaniot,국화과,Asteraceae,6,7,N,Y,높이는 15-25cm 정도이다.
2335,단양쑥부쟁이,Aster altaicus var. uchiyamae Kitam.,국화과,Asteraceae,8,9,Y,Y,초년도의 줄기는 높이 15cm에 달하고 전년도의 줄기에서 꽃대가 계속 자라 높이 30-50cm에 이른다.
2336,갯개미취,Aster tripolium L.,국화과,Asteraceae,9,10,N,N,높이 25-100cm이다.
2337,가새쑥부쟁이,Aster incisus Fisch.,국화과,Asteraceae,7,10,N,N,높이 1~1.5m이다.
2338,갯쑥부쟁이,Aster hispidus Thunb.,국화과,Asteraceae,8,11,N,N,높이 30~100cm이다.
2339,민쑥부쟁이,Aster associatus Kitag.,국화과,Asteraceae,9,9,N,N,높이는 60∼80cm이다.
2340,옹굿나물,Aster fastigiatus Fisch.,국화과,Asteraceae,8,10,Y,N,높이가 30-100cm정도로 자란다.
2341,해국,Aster spathulifolius Maxim.,국화과,Asteraceae,7,11,N,N,높이 30-60cm
2342,섬갯쑥부쟁이,Aster arenarius (Kitam.) Nemoto,국화과,Asteraceae,8,11,N,N,높이 30~100cm이다.
2343,참취,Aster scaber Thunb.,국화과,Asteraceae,8,10,N,N,높이 약 1-1.5m이다.
2344,사철쑥,Artemisia capillaris Thunb.,국화과,Asteraceae,8,9,N,N,높이 30~100cm이다.
2345,뺑쑥,Artemisia feddei H.L?v. & Vaniot,국화과,Asteraceae,8,9,N,N,높이  1m정도이다.
2346,큰비쑥,Artemisia fukudo Makino,국화과,Asteraceae,9,9,N,N,높이 30~90cm이다.
2347,제비쑥,Artemisia japonica Thunb.,국화과,Asteraceae,7,9,N,N,높이 약 30~90cm이다.
2348,구와쑥,Artemisia laciniata Will.,국화과,Asteraceae,10,10,N,N,높이는 25-40㎝
2349,애기비쑥,Artemisia fauriei Nakai,국화과,Asteraceae,8,9,N,N,높이 20~150cm이다.
2350,개똥쑥,Artemisia annua L.,국화과,Asteraceae,6,8,N,N,높이 약 1m이다.
2351,더위지기,Artemisia gmelinii Weber ex Stechm.,국화과,Asteraceae,8,8,N,N,높이가 1m 정도이다.
2352,가는잎쑥,Artemisia integrifolia f. subulata (Nakai) Kitag.,국화과,Asteraceae,8,9,N,N,높이 60~80cm이다.
2353,율무쑥,Artemisia koidzumii Nakai,국화과,Asteraceae,8,8,N,N,높이는 35-100㎝
2354,그늘쑥,Artemisia sylvatica Maxim.,국화과,Asteraceae,8,10,N,N,높이는 1m
2355,물쑥,Artemisia selengensis Turcz. ex Besser,국화과,Asteraceae,8,9,N,N,높이가 120cm 정도에 이른다.
2356,참쑥,Artemisia dubia Wall.,국화과,Asteraceae,8,9,N,N,높이 1.5~2m이다.
2357,털산쑥,Artemisia freyniana f. discolor (Kom.) Kitag.,국화과,Asteraceae,7,8,N,N,높이는 70㎝
2358,맑은대쑥,Artemisia keiskeana Miq.,국화과,Asteraceae,7,9,N,N,높이 약 30~80cm이다.
2359,비단쑥,Artemisia lagocephala f. triloba (Ledeb.) Pamp.,국화과,Asteraceae,8,8,N,N,높이는 60㎝
2360,외잎쑥,Artemisia viridissima (Kom.) Pamp.,국화과,Asteraceae,7,8,Y,N,높이는 90-120㎝
2361,쑥,Artemisia princeps Pamp.,국화과,Asteraceae,7,9,N,N,높이 60-120cm이다.
2362,넓은잎외잎쑥,Artemisia stolonifera (Maxim.) Kom.,국화과,Asteraceae,8,9,N,N,높이가 50-100cm 정도로 자란다.
2363,증산쑥,Artemisia borealis var. ledebouri Besser,국화과,Asteraceae,8,9,N,N,높이20~35cm이다.
2364,실제비쑥,Artemisia japonica var. angustissima (Nakai) Kitam.,국화과,Asteraceae,9,9,N,N,높이는 60-90㎝정도이다.
2365,덤불쑥,Artemisia rubripes Nakai,국화과,Asteraceae,8,10,N,N,높이는 1-2m
2366,산쑥,Artemisia montana (Nakai) Pamp.,국화과,Asteraceae,8,9,N,N,높이 1.5-2m 정도이다.
2367,비쑥,Artemisia scoparia Waldst. & Kit.,국화과,Asteraceae,8,9,N,N,높이가 60-90cm정도이다.
2368,산흰쑥,Artemisia sieversiana Ehrh. ex Willd.,국화과,Asteraceae,8,9,Y,N,높이 20-150cm 정도이다.
2369,흰쑥,Artemisia stelleriana Besser,국화과,Asteraceae,7,9,N,N,높이는 20-65㎝
2370,금쑥,Artemisia aurata Kom.,국화과,Asteraceae,8,9,N,N,높이 25~50cm이다. 
2371,명천쑥,Artemisia leucophylla (Turcz.) Turcz. ex C.B.Clarke,국화과,Asteraceae,8,9,N,N,높이 50~100cm이다.
2372,외잎물쑥,Artemisia selengensis f. subintegra (Pamp.) Kitag.,국화과,Asteraceae,8,9,N,N,높이 120cm
2373,개사철쑥,Artemisia apiacea Hance ex Walp.,국화과,Asteraceae,7,9,N,N,높이 40~150cm이다.
2374,섬쑥,Artemisia japonica var. hallaisanensis (Nakai) Kitam.,국화과,Asteraceae,9,9,N,Y,높이 20-40cm
2375,황해쑥,Artemisia argyi H.L?v. & Vaniot,국화과,Asteraceae,7,8,N,N,높이가 45-120cm 정도이다.
2376,백두산떡쑥,Antennaria dioica (L.) Gaertn.,국화과,Asteraceae,6,6,N,N,화경花莖의 높이 6~25㎝이다.
2377,산떡쑥,Anaphalis margaritacea (L.) Benth. & Hook.f.,국화과,Asteraceae,7,8,N,N,높이 30~70cm이다.
2378,다북떡쑥,Anaphalis sinica Hance,국화과,Asteraceae,7,8,Y,N,높이는 20-35㎝
2379,구름떡쑥,Anaphalis sinica var. morii (Nakai) Ohwi,국화과,Asteraceae,8,9,Y,N,높이는 5-20㎝이다.
2380,솔인진,Ajania pallasiana (Fisch. ex Besser) P.Poljakov,국화과,Asteraceae,7,7,N,N,높이 20~60cm이다.
2381,단풍취,Ainsliaea acerifolia Sch.Bip.,국화과,Asteraceae,7,9,N,N,높이 35-80cm이다.
2382,가야단풍취,Ainsliaea acerifolia var. subapoda Nakai,국화과,Asteraceae,7,9,N,N,높이 35-80cm
2383,좀딱취,Ainsliaea apiculata Sch.Bip.,국화과,Asteraceae,8,10,N,N,높이 8~30cm
2384,염주냉이,Torularia humilis (C.A.Mey.) O.E.Schulz,배추과,Brassicaceae,5,7,N,N,높이 15~30cm이다.
2385,갯무,Raphanus sativus var. hortensis f. raphanistroides Makino,배추과,Brassicaceae,4,5,N,N,꽃대는 높이 1m정도
2386,고추냉이,Eutrema japonicum (Miq.) Koidz.,배추과,Brassicaceae,5,6,Y,Y,높이는 20~40cm이다.
2387,노란장대,Sisymbrium luteum (Maxim.) O.E.Schulz,배추과,Brassicaceae,6,6,N,N,높이 80~120cm
2388,구슬갓냉이,Rorippa globosa (Turcz. ex Fisch. & C.A.Mey.) Hayek,배추과,Brassicaceae,6,6,N,N,높이 60cm
2389,개갓냉이,Rorippa indica (L.) Hiern,배추과,Brassicaceae,5,6,N,N,높이 20~50cm
2390,좀개갓냉이,Rorippa cantoniensis (Lour.) Ohwi,배추과,Brassicaceae,4,6,N,N,높이 10~40cm
2391,속속이풀,Rorippa palustris (Leyss.) Besser,배추과,Brassicaceae,5,6,N,N,높이 30-60cm가량 자란다.
2392,앉은잎다닥냉이,Lepidium cordatum Willd. ex Stev.,배추과,Brassicaceae,4,5,N,N,높이 10~40cm이다.
2393,시베리아다닥냉이,Lepidium sibiricum Schweigg.,배추과,Brassicaceae,5,6,N,N,높이 40~150cm이다.
2394,대청,Isatis tinctoria L.,배추과,Brassicaceae,5,6,N,N,높이가 30-70cm로 자란다.
2395,부지깽이나물,Erysimum amurense Kitag.,배추과,Brassicaceae,5,6,N,N,높이 60cm정도로 자란다.
2396,쑥부지깽이,Erysimum cheiranthoides L.,배추과,Brassicaceae,5,6,Y,N,높이 60cm
2397,꽃다지,Draba nemorosa L.,배추과,Brassicaceae,4,6,N,N,높이 20cm가량이다.
2398,산꽃다지,Draba glabella Pursh,배추과,Brassicaceae,7,7,N,N,높이 7cm
2399,구름꽃다지,Draba daurica var. ramosa Pohl & Bush,배추과,Brassicaceae,7,7,N,N,높이 7㎝
2400,민꽃다지,Draba nemorosa f. leiocarpa (Lindb.) Kitag.,배추과,Brassicaceae,4,6,N,N,높이 20㎝
2401,가는장대,Dontostemon dentatus (Bunge) C.A.Mey. ex Ledeb.,배추과,Brassicaceae,5,7,N,N,높이 15~60cm정도.
2402,큰꽃장대,Dontostemon hispidus Maxim.,배추과,Brassicaceae,5,6,N,N,높이는 50cm 정도이다.
2403,재쑥,Descurainia sophia (L.) Webb ex Prantl,배추과,Brassicaceae,5,6,N,N,높이 30~70cm
2404,큰장대,Clausia trichosepala (Turcz.) Dvorak,배추과,Brassicaceae,8,8,N,N,높이 50cm에 달한다.
2405,벌깨냉이,Cardamine glechomifolia H.L?v.,배추과,Brassicaceae,4,4,N,Y,높이 15~30cm
2406,통영미나리냉이,Cardamine leucantha var. toensis (Nakai) T.B.Lee,배추과,Brassicaceae,6,7,N,N,높이 50㎝이다.
2407,산냉이,Cardamine prorepens Fisch. ex DC.,배추과,Brassicaceae,5,6,N,N,높이 1m
2408,두메냉이,Cardamine changbaiana Al-Shehbaz,배추과,Brassicaceae,7,8,N,N,높이 6~8cm.
2409,큰황새냉이,Cardamine scutata Thunb.,배추과,Brassicaceae,5,6,N,N,높이 20cm
2410,왜갓냉이,Cardamine yezoensis Maxim.,배추과,Brassicaceae,5,5,N,N,높이 30~50cm
2411,좁은잎미나리냉이,Cardamine schulziana Baehni,배추과,Brassicaceae,6,7,N,N,높이 10~20cm이다.
2412,좁쌀냉이,Cardamine fallax L.,배추과,Brassicaceae,4,5,N,N,높이 20cm
2413,논냉이,Cardamine lyrata Bunge,배추과,Brassicaceae,4,5,N,N,높이 30~50cm
2414,좀냉이,Cardamine parviflora L.,배추과,Brassicaceae,5,6,N,N,높이 10~50cm 또는 70cm이다.
2415,꽃황새냉이,Cardamine amaraeformis Nakai,배추과,Brassicaceae,5,7,N,N,높이 70cm
2416,미나리냉이,Cardamine leucantha (Tausch) O.E.Schulz,배추과,Brassicaceae,6,7,N,N,높이 50cm정도로 자란다.
2417,황새냉이,Cardamine flexuosa With.,배추과,Brassicaceae,4,5,N,N,높이 10~30cm
2418,애기냉이,Cardamine bellidifolia L.,배추과,Brassicaceae,7,8,N,N,높이 5cm
2419,큰는쟁이냉이,Cardamine komarovii f. macrophylla (T.H.Chung) W.T.Lee,배추과,Brassicaceae,6,7,N,N,높이 30~60cm이다.
2420,는쟁이냉이,Cardamine komarovii Nakai,배추과,Brassicaceae,6,8,N,N,높이 30cm
2421,싸리냉이,Cardamine impatiens L.,배추과,Brassicaceae,5,6,N,N,높이 50cm
2422,꼬마냉이,Cardamine tanaka Franch. & Sav.,배추과,Brassicaceae,4,5,N,N,높이 10~20cm 정도로 자란다.
2423,냉이,Capsella bursa-pastoris (L.) L.W.Medicus,배추과,Brassicaceae,5,6,N,N,높이 약 10~50cm이다.
2424,유채,Brassica napus L.,배추과,Brassicaceae,3,4,N,N,높이 80∼130cm이다. 
2425,장대냉이,Berteroella maximowiczii (Palib.) O.E.Schulz,배추과,Brassicaceae,6,7,N,N,높이 50cm
2426,나도냉이,Barbarea orthoceras Ledeb.,배추과,Brassicaceae,5,6,N,N,높이 1m
2427,갯장대,Arabis stelleri DC.,배추과,Brassicaceae,4,5,N,N,높이 20~40cm
2428,털장대,Arabis hirsuta (L.) Scop.,배추과,Brassicaceae,4,6,N,N,높이 20~80cm
2429,주걱장대,Arabis ligulifolia Nakai,배추과,Brassicaceae,5,6,N,N,높이 35~75cm
2430,섬장대,Arabis takesimana Nakai,배추과,Brassicaceae,5,6,N,N,높이 20~50cm
2431,자주장대나물,Arabis coronata Nakai,배추과,Brassicaceae,7,7,N,N,높이 15~30cm
2432,흰장대나물,Arabis coronata f. leucantha Nakai,배추과,Brassicaceae,7,7,N,N,높이 15~30cm.
2433,산장대,Arabis gemmifera (Matsum.) Makino,배추과,Brassicaceae,5,6,N,N,높이 15~30cm
2434,바위장대,Arabis serrata Franch. & Sav.,배추과,Brassicaceae,6,7,Y,N,높이 10~20cm
2435,장대나물,Arabis glabra Bernh.,배추과,Brassicaceae,4,6,N,N,높이 70cm
2436,느러진장대,Arabis pendula L.,배추과,Brassicaceae,7,8,N,N,높이 50-100cm가량 자란다.
2437,묏장대,Arabis lyrata L.,배추과,Brassicaceae,4,8,N,N,높이 15~35cm
2438,참장대나물,Arabis columnalis Nakai,배추과,Brassicaceae,7,7,N,Y,높이 30cm
2439,애기장대,Arabidopsis thaliana (L.) Heynh.,배추과,Brassicaceae,4,5,N,N,높이 15~35cm
2440,큰도둑놈의갈고리,Hylodesmum oldhamii (Oliv.) H.Ohashi & R.R.Mill,콩과,Fabaceae,8,8,N,N,높이 1-1.5m
2441,개도둑놈의갈고리,Hylodesmum podocarpum (DC.) H.Ohashi & R.R.Mill,콩과,Fabaceae,8,9,N,N,높이 60~90cm
2442,애기도둑놈의갈고리,Hylodesmum podocarpum (DC.) H.Ohashi & R.R.Mill var. mandshuricum (Maxim.) H.Ohashi & R.R.Mill,콩과,Fabaceae,7,8,N,N,높이는 60~90cm이다.
2443,도둑놈의갈고리,Hylodesmum podocarpum (DC.) H.Ohashi & R.R.Mill subsp. oxyphyllum (DC.) H.Ohashi & R.R.Mill,콩과,Fabaceae,7,8,N,N,높이 60~90cm이다.
2444,돌동부,Vigna vexillata (L.) A.Rich. var. tsusimensis Matsum.,콩과,Fabaceae,8,9,N,N,길이 3m
2445,갈퀴나물,Vicia amoena Fisch. ex Ser.,콩과,Fabaceae,6,9,N,N,줄기의 길이가 80~180cm정도 자란다.
2446,등갈퀴나물,Vicia cracca L.,콩과,Fabaceae,6,6,N,N,길이가 80-150cm 정도로 자란다.
2447,넓은잎갈퀴,Vicia japonica A.Gray,콩과,Fabaceae,6,8,N,N,길이가 1m 정도로 자란다.
2448,계방나비나물,Vicia linearifolia Y.N.Lee,콩과,Fabaceae,7,7,N,Y,높이 40cm
2449,가는등갈퀴,Vicia tenuifolia Roth,콩과,Fabaceae,6,8,N,N,길이 1.5m
2450,나비나물,Vicia unijuga A.Braun,콩과,Fabaceae,8,8,N,N,높이 30~100cm 정도 자란다.
2451,노랑갈퀴,Vicia chosenensis Ohwi,콩과,Fabaceae,6,6,N,Y,높이 80cm
2452,얼치기완두,Vicia tetrasperma (L.) Schreb.,콩과,Fabaceae,5,6,N,N,길이 30~60cm
2453,가는살갈퀴,Vicia sativa L. subsp. nigra Ehrh.,콩과,Fabaceae,5,5,N,N,높이 70~80cm
2454,광양나비나물,Vicia unijuga A.Braun var. vesnusta Nakai,콩과,Fabaceae,6,8,N,N,높이 0.4-1m 정도
2455,큰나비나물,Vicia unijuga A.Braun var. ouensanensis H.L?v.,콩과,Fabaceae,7,8,N,N,높이 30-100cm 정도
2456,나래완두,Vicia hirticalycina Nakai,콩과,Fabaceae,5,6,N,Y,높이 40cm
2457,큰등갈퀴,Vicia pseudoorobus Fisch. & C.A.Mey.,콩과,Fabaceae,9,9,N,N,길이 80-150cm
2458,광릉갈퀴,Vicia venosa (Link) Maxim. var. cuspidata Maxim.,콩과,Fabaceae,6,7,N,N,높이 80-100cm
2459,벌완두,Vicia amurensis Oett.,콩과,Fabaceae,6,8,N,N,길이 1m
2460,,Vicia unijuga var. kausanensis Lev.,콩과,Fabaceae,8,8,N,N,높이 20㎝에 달한다.
2461,흰큰나비나물,Vicia unijuga A.Braun var. ouensanensis H.L?v. f. albiflora Y.N.Lee,콩과,Fabaceae,8,8,N,N,높이 30-100cm
2462,흰갈퀴나물,Vicia amoena f. albiflora Y.N.Lee,콩과,Fabaceae,6,9,N,N,줄기의 길이 80-180cm
2463,긴잎나비나물,Vicia unijuga A.Braun f. angustifolia Makino ex Ohwi,콩과,Fabaceae,6,8,N,N,높이 30~100cm이다.
2464,꽃나비나물,Vicia unijuga var. apoda Nakai,콩과,Fabaceae,7,8,N,N,높이 약 60cm
2465,살갈퀴,Vicia sativa L.,콩과,Fabaceae,5,5,N,N,길이 60-150cm 정도
2466,새완두,Vicia hirsuta (L.) Gray,콩과,Fabaceae,5,6,N,N,길이 50cm
2467,연리갈퀴,Vicia venosa (Link) Maxim.,콩과,Fabaceae,7,7,N,N,높이 40cm
2468,애기나비나물,Vicia unijuga A.Braun var. kausanensis H.L?v.,콩과,Fabaceae,6,8,N,N,높이 20cm 내외이다.
2469,잔나비나물,Vicia bifolia Nakai,콩과,Fabaceae,6,8,N,N,높이 30cm이다.
2470,,Vicia unijuga var. angustifolia Nakai,콩과,Fabaceae,6,8,N,N,높이 0.4-1m
2471,가는갈퀴나물,Vicia anguste-pinnata Nakai,콩과,Fabaceae,5,5,N,N,높이 60~80cm이다.
2472,선등갈퀴,Vicia heptajuga Nakai,콩과,Fabaceae,6,7,N,N,높이 80~100cm이다.
2473,제주달구지풀,Trifolium lupinaster f. alpinus (Nakai) M.Park,콩과,Fabaceae,6,9,Y,N,높이 약 15cm
2474,달구지풀,Trifolium lupinaster L.,콩과,Fabaceae,6,9,N,N,높이가 30cm에 이른다.
2475,갯활량나물,Thermopsis lupinoides (L.) Link,콩과,Fabaceae,5,8,Y,N,높이 40~80cm
2476,개느삼,Sophora koreensis Nakai,콩과,Fabaceae,5,5,Y,Y,높이 1m.
2477,고삼,Sophora flavescens Aiton,콩과,Fabaceae,6,8,N,N,높이 1m
2478,칡,Pueraria lobata (Willd.) Ohwi,콩과,Fabaceae,8,8,N,N,"길이 10m 이상, 지름 20cm."
2479,두메자운,Oxytropis anertii Nakai ex Kitag.,콩과,Fabaceae,7,8,N,N,높이가 12cm정도로 자란다.
2480,털두메자운,Oxytropis racemosa Turcz.,콩과,Fabaceae,8,8,N,N,높이 5~13cm이다.
2481,흰두메자운,Oxytropis anertii f. alba Y.N.Lee,콩과,Fabaceae,7,8,N,N,높이 12cm
2482,노랑개자리,Medicago ruthenica (L.) Ledeb.,콩과,Fabaceae,7,7,N,N,높이 60cm
2483,다릅나무,Maackia amurensis Rupr.,콩과,Fabaceae,7,7,N,N,"높이 15m, 지름 50cm."
2484,개물푸레나무,Maackia amurensis Rupr. var. buergeri (Maxim.) C.K.Schneid.,콩과,Fabaceae,7,7,N,N,"높이 15m, 직경 1.5m에 달한다."
2485,벌노랑이,Lotus corniculatus L. var. japonica Regel,콩과,Fabaceae,6,8,N,N,높이가 약 30cm 정도된다.
2486,풀싸리,Lespedeza thunbergii Nakai subsp. formosa (Vogel) H.Ohashi,콩과,Fabaceae,8,9,N,N,높이 1 ~ 2m.
2487,해변싸리,Lespedeza maritima Nakai,콩과,Fabaceae,8,9,N,Y,높이 2m.
2488,괭이싸리,Lespedeza pilosa (Thunb.) Siebold & Zucc.,콩과,Fabaceae,8,9,N,N,높이 30-60cm 정도
2489,삼색싸리,Lespedeza tricolor (Nakai) D.P.Jin,콩과,Fabaceae,5,7,N,N,높이 3m 정도
2490,호비수리,Lespedeza davurica (Laxm.) Schindl.,콩과,Fabaceae,8,8,N,N,높이가 30-50cm 정도로 자란다.
2491,고양싸리,Lespedeza x robusta Nakai,콩과,Fabaceae,8,9,N,N,높이가 2m 정도 된다.
2492,긴괭이싸리,Lespedeza pilosa var. pedunculata T.B.Lee,콩과,Fabaceae,8,9,N,N,높이 60㎝ 정도
2493,털싸리,Lespedeza bicolor var. sericea Nakai,콩과,Fabaceae,7,8,N,N,높이 3m 정도
2494,참싸리,Lespedeza cyrtobotrya Miq.,콩과,Fabaceae,7,9,N,N,높이 2m.
2495,흰싸리,Lespedeza bicolor f. alba (Bean) Ohwi,콩과,Fabaceae,7,8,N,N,높이 3m 정도
2496,긴잎참싸리,Lespedeza cyrtobotrya var. longifolia Nakai,콩과,Fabaceae,7,7,N,N,높이 2m 정도
2497,늦싸리,Lespedeza maximowiczii var. elongata Nakai,콩과,Fabaceae,8,9,Y,N,높이는 2-3m 정도로 자란다.
2498,흰참싸리,Lespedeza cyrtobotrya f. semialba T.B.Lee,콩과,Fabaceae,7,7,N,N,높이 2m 정도
2499,흰조록싸리,Lespedeza maximowiczii f. albiflora Uyeki,콩과,Fabaceae,6,7,N,N,높이 3m 정도
2500,흰풀싸리,Lespedeza thunbergii var. intermedia f. alba T.B.Lee,콩과,Fabaceae,8,9,N,N,높이 1-2m 정도
2501,싸리,Lespedeza bicolor Turcz.,콩과,Fabaceae,5,8,N,N,높이 3m.
2502,비수리,Lespedeza cuneata (Dum.Cours.) G.Don,콩과,Fabaceae,8,9,N,N,높이 1m
2503,조록싸리,Lespedeza maximowiczii C.K.Schneid.,콩과,Fabaceae,6,7,N,N,높이 2 ~ 3m.
2504,개싸리,Lespedeza tomentosa (Thunb.) Siebold ex Maxim.,콩과,Fabaceae,8,9,N,N,높이가 1m에 달한다.
2505,땅괭이싸리,Lespedeza x patentihirta T.B.Lee,콩과,Fabaceae,8,9,N,N,높이 60㎝ 정도
2506,좀싸리,Lespedeza virgata (Thunb.) DC.,콩과,Fabaceae,8,9,N,N,높이 50cm
2507,개파리채,Lespedeza juncea var. subsericea Kom.,콩과,Fabaceae,7,7,N,N,높이가 1m 정도로 자란다.
2508,부채싸리,Lespedeza thunbergii var. retusa T.B.Lee,콩과,Fabaceae,8,9,N,N,높이 1-2m 에 달한다.
2509,선녀싸리,Lespedeza cyrtobotrya f. alba T.B.Lee,콩과,Fabaceae,7,7,N,N,높이 2m 정도
2510,청비수리,Lespedeza inschanica (Maxim.) Schindl.,콩과,Fabaceae,8,9,N,N,1m
2511,검나무싸리,Lespedeza melanantha Nakai,콩과,Fabaceae,7,8,N,N,높이 약 3m에 달한다.
2512,털조록싸리,Lespedeza maximowiczii C.K.Schneid. var. tomentella (Nakai) Nakai,콩과,Fabaceae,6,7,N,N,높이는 2m 정도 자란다.
2513,애기완두,Lathyrus humilis (Ser.) Spreng.,콩과,Fabaceae,5,6,N,N,높이 25~50cm이다.
2514,갯완두,Lathyrus japonicus Willd.,콩과,Fabaceae,5,6,N,N,길이 20- 60cm.
2515,연리초,Lathyrus quinquenervius (Miq.) Litv.,콩과,Fabaceae,5,5,N,N,높이 30-60cm이다.
2516,털연리초,Lathyrus palustris L. subsp. pilosus (Cham.) Hult?n,콩과,Fabaceae,5,6,Y,N,길이 40~80cm
2517,털갯완두,Lathyrus japonicus Willd. var. aleuticus (Greene ex T.G.White) Fernald,콩과,Fabaceae,5,6,N,N,길이 20-60cm
2518,선연리초,Lathyrus komarovii Ohwi,콩과,Fabaceae,6,6,N,N,높이 30~60cm
2519,활량나물,Lathyrus davidii Hance,콩과,Fabaceae,6,8,N,N,높이 80-120cm이다.
2520,둥근매듭풀,Kummerowia stipulacea (Maxim.) Makino,콩과,Fabaceae,7,7,N,N,높이가 10-20cm 정도로 자란다.
2521,매듭풀,Kummerowia striata (Thunb.) Schindl.,콩과,Fabaceae,8,9,N,N,"높이 10~30cm,"
2522,땅비싸리,Indigofera kirilowii Maxim. ex Palib.,콩과,Fabaceae,5,6,N,N,높이 1m.
2523,낭아초,Indigofera pseudotinctoria Matsum.,콩과,Fabaceae,7,9,N,N,높이 30 ~ 60cm.
2524,민땅비싸리,Indigofera koreana Ohwi,콩과,Fabaceae,5,6,N,N,높이 1m에 달한다.
2525,애기자운,Gueldenstaedtia verna (Georgi) Boriss.,콩과,Fabaceae,7,8,Y,N,높이가 5-10cm 정도로 자란다.
2526,돌콩,Glycine soja Siebold & Zucc.,콩과,Fabaceae,7,8,N,N,덩굴의 길이가 2m 정도로 자란다.
2527,주엽나무,Gleditsia japonica Miq.,콩과,Fabaceae,6,6,N,N,높이 20m. 
2528,민주엽나무,Gleditsia japonica Miq. f. inarmata Nakai,콩과,Fabaceae,6,6,N,N,"수고 20m, 직경 70㎝ 정도"
2529,만년콩,Euchresta japonica Hook.f. ex Regel,콩과,Fabaceae,6,7,Y,N,높이 30 ~ 60cm.
2530,여우팥,Dunbaria villosa (Thunb.) Makino,콩과,Fabaceae,7,8,N,N,50~200cm
2531,비진도콩,Dumasia truncata Siebold & Zucc.,콩과,Fabaceae,8,9,N,N,길이 100~300cm
2532,된장풀,Desmodium caudatum (Thunb.) DC.,콩과,Fabaceae,6,6,Y,N,높이 1.5m 정도 자란다.
2533,잔디갈고리,Desmodium heterocarpon (L.) DC.,콩과,Fabaceae,9,10,N,N,1~3m
2534,활나물,Crotalaria sessiliflora L.,콩과,Fabaceae,7,9,N,N,높이 20~70cm이다.
2535,차풀,Chamaecrista nomame (Makino) H.Ohashi,콩과,Fabaceae,7,8,N,N,높이 약 30~60cm이다.
2536,좀골담초,Caragana microphylla Lam.,콩과,Fabaceae,5,5,N,N,높이 2m 정도.
2537,골담초,Caragana sinica (Buc'hoz) Rehder,콩과,Fabaceae,5,5,N,N,높이 2m.
2538,반용골담초,Caragana sinica var. megalamtha Schneid,콩과,Fabaceae,5,5,N,N,높이 2m 정도
2539,붉은꽃싸리,Campylotropis macrocarpa f. rosea Uyeki,콩과,Fabaceae,8,10,N,N,높이 1.5m에 달한다.
2540,꽃싸리,Campylotropis macrocarpa (Bunge) Rehder,콩과,Fabaceae,8,9,N,N,높이 1m  내외.
2541,실거리나무,Caesalpinia decapetala (Roth) Alston,콩과,Fabaceae,6,6,N,N,길이 6~7m.
2542,자주황기,Astragalus dahuricus (Pall.) DC.,콩과,Fabaceae,6,8,Y,N,길이 50~100cm
2543,정선황기,Astragalus koraiensis Y.N.Lee,콩과,Fabaceae,7,8,Y,N,높이 약 30cm
2544,자주개황기,Astragalus laxmannii Jacq.,콩과,Fabaceae,7,8,N,N,높이 10-30cm
2545,설령황기,Astragalus setsureianus Nakai,콩과,Fabaceae,8,8,N,N,높이 10~28cm이다.
2546,개황기,Astragalus uliginosus L.,콩과,Fabaceae,6,8,N,N,높이 1m
2547,염주황기,Astragalus membranaceus var. mandshuricus Nakai,콩과,Fabaceae,7,8,N,N,높이 30cm가량.
2548,황기,Astragalus penduliflorus Lam. var. dahuricus (DC.) X.Y. Zhu,콩과,Fabaceae,7,8,N,N,높이 1m 이상 자란다.
2549,새콩,Amphicarpaea bracteata (L.) Fernald subsp. edgeworthii (Benth.) H.Ohashi,콩과,Fabaceae,8,9,N,N,길이 1~2m
2550,자귀나무,Albizia julibrissin Durazz.,콩과,Fabaceae,7,7,N,N,높이 3 ~ 5m.
2551,왕자귀나무,Albizia kalkora (Roxb.) Prain,콩과,Fabaceae,6,7,Y,N, 높이 6 ~ 8m(흔히 3m 정도).
2552,자귀풀,Aeschynomene indica L.,콩과,Fabaceae,7,7,N,N,높이 50-80cm
2553,등,Wisteria floribunda (Willd.) DC.,콩과,Fabaceae,5,5,N,N,길이 10m이상으로 자란다.
2554,흰등,Wisteria floribunda (Willd.) DC. f. alba Rehder & E.H.Wilson,콩과,Fabaceae,5,5,N,N,길이 10m 이상
2555,넓은묏황기,Hedysarum hedysaroides (L.) Schinz & Thell.,콩과,Fabaceae,7,8,N,N,높이가 25-80cm 정도로 자란다.
2556,나도황기,Hedysarum vicioides var. japonicum (Fedtsch.) B.H.Choi & Ohashi,콩과,Fabaceae,7,8,N,N,높이 70cm
2557,묏황기,Hedysarum alpinum L.,콩과,Fabaceae,8,8,N,N,높이 1m.
2558,속단아재비,Paraphlomis koreana S.C.Ko & G.Y.Chung,꿀풀과,Lamiaceae,4,5,N,N,높이 10~20cm
2559,흰백리향,Thymus quinquecostatus f. albus Y.N.Lee,꿀풀과,Lamiaceae,6,8,N,N,높이는 20cm 안팎이다.
2560,백리향,Thymus quinquecostatus Celak.,꿀풀과,Lamiaceae,6,6,Y,N,높이 20~40cm
2561,곽향,Teucrium veronicoides Maxim.,꿀풀과,Lamiaceae,7,8,N,N,높이 20-30cm 정도로 자란다.
2562,개곽향,Teucrium japonicum Houtt.,꿀풀과,Lamiaceae,7,8,N,N,높이 30~70cm이다.
2563,덩굴곽향,Teucrium viscidum var. miquelianum (Maxim.) Hara,꿀풀과,Lamiaceae,7,9,N,N,높이 25~40cm이다.
2564,석잠풀,Stachys japonica Miq.,꿀풀과,Lamiaceae,6,9,N,N,높이 30~60cm이다.
2565,개석잠풀,Stachys japonica var. hispidula (Hara) Y.M.Lee & H.J.Choi,꿀풀과,Lamiaceae,6,9,N,N,높이 30~60cm
2566,털석잠풀,Stachys japonica var. villosa (Kudo) Ohwi,꿀풀과,Lamiaceae,6,9,N,N,높이 30-60cm
2567,가는골무꽃,Scutellaria regeliana Nakai,꿀풀과,Lamiaceae,6,9,N,N,높이 20~40cm 정도로 자란다.
2568,흰수골무꽃,Scutellaria dentata var. alpina f. albida Y.N.Lee,꿀풀과,Lamiaceae,6,8,N,N,높이 15cm
2569,골무꽃,Scutellaria indica L.,꿀풀과,Lamiaceae,5,6,N,N,높이 20-40cm이다.
2570,왜골무꽃,Scutellaria strigillosa var. yezoensis (Kudo) Kitam.,꿀풀과,Lamiaceae,7,8,N,N,높이 10-40cm
2571,수골무꽃,Scutellaria dentata var. alpina Nakai,꿀풀과,Lamiaceae,6,8,N,N,높이 15cm가량
2572,구슬골무꽃,Scutellaria moniliorrhiza Kom.,꿀풀과,Lamiaceae,7,8,N,N,높이 25cm 정도이다.
2573,호골무꽃,Scutellaria pekinensis var. ussuriensis (Regel) Hand.-Mazz.,꿀풀과,Lamiaceae,5,6,N,N,높이 15-30cm
2574,좀골무꽃,Scutellaria indica var. parvifolia (Makino) Makino,꿀풀과,Lamiaceae,5,6,N,N,높이 5-20cm
2575,애기골무꽃,Scutellaria dependens Maxim.,꿀풀과,Lamiaceae,7,8,N,N,높이 10-30cm
2576,그늘골무꽃,Scutellaria fauriei H.L?v. & Vaniot,꿀풀과,Lamiaceae,6,8,N,N,높이 4-25cm이다.
2577,광릉골무꽃,Scutellaria insignis Nakai,꿀풀과,Lamiaceae,5,6,Y,Y,높이가 40-70cm가량 된다.
2578,다발골무꽃,Scutellaria asperiflora Nakai,꿀풀과,Lamiaceae,6,6,N,Y,높이는 37cm 가량 된다.
2579,참골무꽃,Scutellaria strigillosa Hemsl.,꿀풀과,Lamiaceae,7,8,N,N,높이 10~40cm이다.
2580,산골무꽃,Scutellaria pekinensis var. transitra (Makino) H. Hara,꿀풀과,Lamiaceae,5,6,N,N,높이 15-30cm이다.
2581,떡잎골무꽃,Scutellaria indica var. tsusimensis (Hara) Ohwi,꿀풀과,Lamiaceae,5,6,N,N,높이 10-30cm
2582,창골무꽃,Scutellaria barbata D. Don,꿀풀과,Lamiaceae,5,7,N,N,높이 35~50cm
2583,배암차즈기,Salvia plebeia R.Br.,꿀풀과,Lamiaceae,5,7,N,N,높이 30~70cm이다.
2584,둥근배암차즈기,Salvia japonica Thunb.,꿀풀과,Lamiaceae,6,8,N,N,키는 약 30cm 정도
2585,참배암차즈기,Salvia chanryoenica Nakai,꿀풀과,Lamiaceae,8,8,Y,Y,높이 50cm정도이다.
2586,꿀풀,Prunella vulgaris var. lilacina Nakai,꿀풀과,Lamiaceae,5,7,N,N,높이 20~30cm
2587,흰꿀풀,Prunella vulgaris f. albiflora Nakai,꿀풀과,Lamiaceae,5,7,N,N,높이 20-30cm
2588,두메꿀풀,Prunella vulgaris L. var. aleutica Fernald,꿀풀과,Lamiaceae,5,7,N,N,높이 20-30cm.
2589,흰속단,Phlomis umbrosa f. albiflora Y.N.Lee,꿀풀과,Lamiaceae,7,7,N,N,높이 1m 가량
2590,산속단,Phlomis koraiensis Nakai,꿀풀과,Lamiaceae,8,9,N,N,높이 60cm정도로 자란다.
2591,속단,Phlomis umbrosa Turcz.,꿀풀과,Lamiaceae,7,7,N,N,높이 1m이다.
2592,개박하,Nepeta cataria L.,꿀풀과,Lamiaceae,6,8,Y,N,높이 50~100cm 정도이다.
2593,간장풀,Nepeta stewartiana Diels,꿀풀과,Lamiaceae,7,8,N,N,높이 1m에 달한다.
2594,털쥐깨,Mosla dianthera var. nana (Hara) Ohwi,꿀풀과,Lamiaceae,7,9,N,N,높이 20~60cm이다. 
2595,산들깨,Mosla japonica (Benth.) Maxim.,꿀풀과,Lamiaceae,7,8,Y,N,키는 10~40cm.
2596,쥐깨풀,Mosla dianthera (Buch.-Ham. ex Roxb.) Maxim.,꿀풀과,Lamiaceae,7,9,N,N,높이 20~60cm이다. 
2597,들깨풀,Mosla punctulata (J.F.Gmelin) Nakai,꿀풀과,Lamiaceae,8,9,N,N,높이 20~60cm 내외이다.
2598,푸른산들깨,Mosla japonica var. robusta Ohwi,꿀풀과,Lamiaceae,7,8,N,N,높이 10-40cm
2599,섬쥐깨풀,Mosla japonica var. thymolifera (Makino) Kitam.,꿀풀과,Lamiaceae,8,8,Y,N,높이 15-40cm
2600,박하,Mentha piperascens (Malinv.) Holmes,꿀풀과,Lamiaceae,7,9,N,N,높이 50cm이다.
2601,벌깨덩굴,Meehania urticifolia (Miq.) Makino,꿀풀과,Lamiaceae,5,5,N,N,화경의 높이가 15~30cm이다.
2602,붉은벌깨덩굴,Meehania urticifolia f. rubra T.B.Lee,꿀풀과,Lamiaceae,5,5,N,N,꽃대의 높이 15-30cm
2603,흰벌깨덩굴,Meehania urticifolia f. leucantha Hara,꿀풀과,Lamiaceae,5,5,N,N,꽃대의 높이 15-30cm
2604,쉽싸리,Lycopus lucidus Turcz. ex Benth.,꿀풀과,Lamiaceae,7,8,N,N,높이 1m에 달한다.
2605,애기쉽싸리,Lycopus maackianus (Maxim. ex Herder) Makino,꿀풀과,Lamiaceae,7,9,N,N,높이 30-70cm로 자란다.
2606,털쉽싸리,Lycopus uniflorus Michx.,꿀풀과,Lamiaceae,7,8,N,N,높이가 20-40cm정도로 자란다.
2607,개쉽싸리,Lycopus ramosissimus (Makino) Makino,꿀풀과,Lamiaceae,8,9,N,N,높이 30cm 이다.
2608,송장풀,Leonurus macranthus Maxim.,꿀풀과,Lamiaceae,8,8,N,N,높이가 1m정도에 이른다.
2609,익모초,Leonurus japonicus Houtt.,꿀풀과,Lamiaceae,7,8,N,N,높이 1m이상 자라는 것도 있다.
2610,섬광대수염,Lamium takesimense Nakai,꿀풀과,Lamiaceae,5,6,Y,Y,높이가 1m 가량된다.
2611,호광대수염,Lamium cuspidatum Nakai,꿀풀과,Lamiaceae,7,8,N,N,높이는 50cm정도이다.
2612,광대수염,Lamium album var. barbatum (Siebold & Zucc.) Franch. & Sav.,꿀풀과,Lamiaceae,5,5,N,N,높이 30~60cm이다.
2613,광대나물,Lamium amplexicaule L.,꿀풀과,Lamiaceae,4,5,N,N,높이 10~30cm이다.
2614,왜광대수염,Lamium album L.,꿀풀과,Lamiaceae,5,6,N,N,50cm 내외이다.
2615,흰꽃광대나물,Lagopsis supina (Stephan) Ikonn.-Gal. ex Knorring,꿀풀과,Lamiaceae,6,7,N,N,높이 20~50cm이다.
2616,산박하,Isodon inflexus (Thunb.) Kudo,꿀풀과,Lamiaceae,6,8,N,N,높이 40~100cm이다.
2617,오리방풀,Isodon excisus (Maxim.) Kudo,꿀풀과,Lamiaceae,6,8,N,N,높이가 50-100cm정도이다.
2618,방아풀,Isodon japonicus (Burm.) Hara,꿀풀과,Lamiaceae,8,9,N,N,높이 50~100cm이다. 
2619,지리오리방풀,Isodon excisus var. coreanus T.B.Lee,꿀풀과,Lamiaceae,6,8,N,N,높이 50-100cm.
2620,깨나물,Isodon inflexus var. macrophyllus (Maxim.) Kitag.,꿀풀과,Lamiaceae,6,8,N,N,높이 40-100cm.
2621,털산박하,Isodon inflexus var. canescens (Nakai) Kudo,꿀풀과,Lamiaceae,6,8,N,N,높이 40-100cm
2622,영도산박하,Isodon inflexus var. microphyllus Kudo,꿀풀과,Lamiaceae,6,8,N,N,높이 40-100cm
2623,둥근오리방풀,Isodon excisus var. chiisanensis T.B.Lee,꿀풀과,Lamiaceae,6,8,N,N,높이 50-100cm.
2624,흰오리방풀,Isodon excisus f. albiflorus (Sakata) Hara,꿀풀과,Lamiaceae,6,8,N,N,높이 50-100cm
2625,자주방아풀,Isodon serra (Maxim.) Kudo,꿀풀과,Lamiaceae,9,10,N,N,높이 1m 정도로 자란다.
2626,긴잎산박하,Isodon inflexus var. transiticus Matsum. & Kudo,꿀풀과,Lamiaceae,6,8,N,N,높이 40-100cm
2627,털향유,Galeopsis bifida Boenn.,꿀풀과,Lamiaceae,6,7,N,N,높이가 20-50cm정도로 자란다.
2628,가는잎향유,Elsholtzia angustifolia (Loes.) Kitag.,꿀풀과,Lamiaceae,9,10,Y,N,높이 50cm 정도로 자란다.
2629,좀향유,Elsholtzia minima Nakai,꿀풀과,Lamiaceae,9,10,N,Y,높이가 2-5cm정도로 자란다.
2630,꽃향유,Elsholtzia splendens Nakai,꿀풀과,Lamiaceae,9,10,N,N,높이가 60cm정도된다.
2631,분홍꽃향유,Elsholtzia splendens f. roseola Y.N.Lee,꿀풀과,Lamiaceae,9,10,N,N,높이 60cm이다.
2632,애기향유,Elsholtzia saxatilis (Kom.) Nakai ex Kitag.,꿀풀과,Lamiaceae,10,10,N,N,높이 30cm에 달한다. 
2633,흰꽃향유,Elsholtzia splendens f. albiflora Y.N.Lee,꿀풀과,Lamiaceae,9,10,N,N,높이 60㎝정도
2634,향유,Elsholtzia ciliata (Thunb.) Hyl.,꿀풀과,Lamiaceae,8,9,N,N,높이 30~60cm이다.
2635,흰향유,Elsholtzia ciliata f. leucantha (Nakai) T.B.Lee,꿀풀과,Lamiaceae,8,9,N,N,높이 30-60cm
2636,다발꽃향유,"Elsholtzia splendens Nakai ex F.Maek. var. fasciflora N.S.Lee, M.S. Chung & C.S.Lee",꿀풀과,Lamiaceae,10,11,N,N,높이 30~50cm 정도로 자란다.
2637,변산향유,Elsholtzia byeonsanensis M.Kim,꿀풀과,Lamiaceae,11,11,N,N,높이 20~35cm 정도로 자란다.
2638,벌깨풀,Dracocephalum rupestre Hance,꿀풀과,Lamiaceae,7,8,Y,N,높이 20~30cm로 자란다.
2639,용머리,Dracocephalum argunense Fisch. ex Link,꿀풀과,Lamiaceae,6,8,Y,N,높이 15~40cm
2640,흰용머리,Dracocephalum argunense f. alba T.B.Lee,꿀풀과,Lamiaceae,6,8,N,N,높이 15-40cm
2641,두메층층이,Clinopodium micranthum (Regel) Hara,꿀풀과,Lamiaceae,8,8,N,N,높이 20-50cm로 자란다.
2642,탑꽃,Clinopodium gracile var. multicaule (Maxim.) Ohwi,꿀풀과,Lamiaceae,6,8,N,N,높이 10~30cm이다.
2643,애기탑꽃,Clinopodium gracile (Benth.) Kuntze,꿀풀과,Lamiaceae,7,8,N,N,높이 15-30cm정도로 자란다.
2644,꽃층층이꽃,Clinopodium chinense var. grandiflora (Maxim.) Kitag.,꿀풀과,Lamiaceae,7,8,N,N,높이 15-40cm이다.
2645,산층층이,Clinopodium chinense var. shibetchense (H.L?v.) Koidz.,꿀풀과,Lamiaceae,7,8,N,N,높이 15-40cm.
2646,개차즈기,Amethystea caerulea L.,꿀풀과,Lamiaceae,8,9,N,N,높이가 30-80cm정도로 자란다.
2647,내장금란초,Ajuga decumbens var. rosa Y.N.Lee,꿀풀과,Lamiaceae,5,6,N,N,높이 5~15cm이다.
2648,조개나물,Ajuga multiflora Bunge,꿀풀과,Lamiaceae,5,6,N,N,높이가 30cm이다.
2649,자란초,Ajuga spectabilis Nakai,꿀풀과,Lamiaceae,6,6,N,Y,높이가 50cm 정도된다.
2650,붉은조개나물,Ajuga multiflora f. rosea Y.N.Lee,꿀풀과,Lamiaceae,5,6,N,N,높이 30cm.
2651,금창초,Ajuga decumbens Thunb.,꿀풀과,Lamiaceae,5,6,N,N,꽃이 피는 줄기는 높이 5~15cm정도 곧게 자란다.
2652,흰조개나물,Ajuga multiflora f. leucantha (Nakai) T.B.Lee,꿀풀과,Lamiaceae,5,6,N,N,높이 30cm로 자란다.
2653,배초향,Agastache rugosa (Fisch. & Mey.) Kuntze,꿀풀과,Lamiaceae,7,9,N,N,높이가 40-100cm이다.
2654,물마디꽃,Rotala rosea (Poir.) C.D.K.Cook ex H.Hara,부처꽃과,Lythraceae,8,9,N,N,높이 10~30cm
2655,가는마디꽃,Rotala mexicana Cham. & Schltdl.,부처꽃과,Lythraceae,8,10,N,N,높이 3-10cm
2656,부처꽃,Lythrum salicaria subsp. anceps (Koehne) H. Hara,부처꽃과,Lythraceae,7,8,N,N,높이 1m.
2657,털부처꽃,Lythrum salicaria L.,부처꽃과,Lythraceae,7,8,N,N,높이가 1m 에 달한다.
2658,좀부처꽃,Ammannia multiflora Roxb.,부처꽃과,Lythraceae,9,10,N,N,높이 20~30cm
2659,낙지다리,Penthorum chinense Pursh,낙지다리과,Penthoraceae,7,8,Y,N,높이 30-70cm 가량 자란다.
2660,백운란,Vexillabium yakushimensis (Yamam.) F.Maek.,난초과,Orchidaceae,7,7,Y,N,꽃대의 높이 5-12cm.
2661,나도잠자리란,Tulotis ussuriensis (Regel & Maack) Hara,난초과,Orchidaceae,7,8,N,N,높이는 15~35cm이다.
2662,넓은잎잠자리란,Tulotis asiatica Hara,난초과,Orchidaceae,6,8,N,N,높이 25-50㎝.
2663,비비추난초,Tipularia japonica Matsum.,난초과,Orchidaceae,5,6,Y,N,화경花莖은 길이 20-35cm이다.
2664,흰타래난초,Spiranthes sinensis f. albiflora Y.N.Lee,난초과,Orchidaceae,5,8,N,N,높이 10-40㎝이다.
2665,타래난초,Spiranthes sinensis (Pers.) Ames,난초과,Orchidaceae,5,8,N,N,높이 10-40cm.
2666,나도풍란,Sedirea japonica (Rchb.f.) Garay & Sweet,난초과,Orchidaceae,6,8,Y,N,"길이는 7~15cm, 폭은 1.5~2cm"
2667,비자란,Sarcochilus japonicus (Rchb.f.) Miq.,난초과,Orchidaceae,4,5,Y,N,길이 3-7cm
2668,탐라난,Saccolabium japonicum Makino,난초과,Orchidaceae,7,8,Y,N,길이 1-4cm.
2669,방울새란,Pogonia minor (Makino) Makino,난초과,Orchidaceae,6,8,Y,N,높이 10~25cm이다.
2670,흰큰방울새란,Pogonia japonica f. albiflora Y.N.Lee,난초과,Orchidaceae,5,8,N,N,높이 15-30㎝
2671,큰방울새란,Pogonia japonica Rchb.f.,난초과,Orchidaceae,5,7,Y,N,높이 15-30㎝
2672,큰제비란,Platanthera sachalinensis F.Schmidt,난초과,Orchidaceae,6,8,N,N,높이는 40~60cm이다.
2673,제비난초,Platanthera freynii Kraenzl.,난초과,Orchidaceae,6,8,N,N,높이 20~50cm이다.
2674,애기제비란,Platanthera mandarinorum var. maximowicziana (Schltr.) Ohwi,난초과,Orchidaceae,5,8,N,N,높이가 20㎝이하이다.
2675,구름제비란,Platanthera ophrydioides F.Schmidt,난초과,Orchidaceae,7,8,N,N,높이 20-40㎝
2676,산제비란,Platanthera mandarinorum var. brachycentron (Franch. & Sav.) Koidz. ex Ohwi,난초과,Orchidaceae,5,8,N,N,높이 20-40cm이다.
2677,한라잠자리난,Platanthera minor (Miq.) Rchb.f.,난초과,Orchidaceae,6,7,Y,N,높이 30-60㎝
2678,흰제비란,Platanthera hologlottis Maxim.,난초과,Orchidaceae,5,7,N,N,높이는 50~90cm이다.
2679,갈매기난초,Platanthera japonica (Thunb.) Lindl.,난초과,Orchidaceae,5,6,Y,N,높이 40-60㎝.
2680,감자난초,Oreorchis patens (Lindl.) Lindl.,난초과,Orchidaceae,5,6,N,N,꽃대는 높이 30-50cm.
2681,나비난초,Orchis graminifolia (Rchb.f.) T.Tang & F.T.Wang,난초과,Orchidaceae,6,8,N,N,높이 8-15cm.
2682,너도제비란,Orchis jooiokiana Makino,난초과,Orchidaceae,7,8,Y,N,높이 12-30㎝
2683,나도제비란,Orchis cyclochila (Franch. & Sav.) So?,난초과,Orchidaceae,5,9,Y,N,높이 7~17cm이다.
2684,손바닥나비난초,Orchis aristata Fisch. ex Lindl.,난초과,Orchidaceae,6,8,N,N,높이 20~40cm이다.
2685,흰나도제비란,Orchis cyclochila f. leucantha Hort,난초과,Orchidaceae,5,6,N,N,높이 10-15㎝
2686,애기무엽란,Neottia asiatica Ohwi,난초과,Orchidaceae,6,8,N,N,높이 10-20㎝
2687,새둥지란,Neottia nidus-avis var. manshurica Kom.,난초과,Orchidaceae,5,6,N,N,높이 15~45 cm이다.
2688,풍란,Neofinetia falcata (Thunb.) Hu,난초과,Orchidaceae,7,7,Y,N,길이는3~8cm 폭은6~8cm
2689,개미난초,Myrmechis japonica (Rchb.f.) Rolfe,난초과,Orchidaceae,7,8,N,N,높이는 3∼8cm이다.
2690,이삭단엽란,Microstylis monophyllos (L.) Lindl.,난초과,Orchidaceae,7,8,Y,N,높이 20-30㎝.
2691,쌍잎난초,Listera pinetorum Lindl.,난초과,Orchidaceae,8,9,N,N,높이 12-20㎝.
2692,털쌍잎난초,Listera nipponica Makino,난초과,Orchidaceae,7,8,N,N,높이는 10-25㎝.
2693,흑난초,Liparis nervosa (Thunb.) Lindl.,난초과,Orchidaceae,6,7,Y,N,높이는 20~31cm이다.
2694,나리난초,Liparis makinoana Schlech.,난초과,Orchidaceae,5,7,N,N,꽃대는 길이 10-35cm이다.
2695,나나벌이난초,Liparis krameri Franch. & Sav.,난초과,Orchidaceae,5,7,N,N,높이 10~15cm.
2696,옥잠난초,Liparis kumokiri F.Maek.,난초과,Orchidaceae,6,7,N,N,높이 20-31㎝
2697,키다리난초,Liparis japonica (Miq.) Maxim.,난초과,Orchidaceae,6,8,N,N,꽃대는 높이가 10-40cm이다.
2698,참나리난초,Liparis koreana (Nakai) Nakai,난초과,Orchidaceae,6,7,N,Y,꽃대는 길이 10-18cm.
2699,날개옥잠난초,"Liparis pterosepala N.S. Lee, C.S. Lee, and K.S. Lee",난초과,Orchidaceae,4,5,N,N,높이 10~20cm
2700,무엽란,Lecanorchis japonica Blume,난초과,Orchidaceae,6,7,Y,N,높이는 20-40㎝.
2701,제주무엽란,Lecanorchis kiusiana Tuyama,난초과,Orchidaceae,6,8,N,N,키 10-20㎝이다.
2702,애기천마,Hetaeria sikokiana (Makino & F.Maek.) Tuyama,난초과,Orchidaceae,7,8,Y,N,높이 5-15㎝가량
2703,나도씨눈란,Herminium monorchis (L.) R.A.Br,난초과,Orchidaceae,6,7,Y,N,높이 10-35cm.
2704,씨눈난초,Herminium lanceum var. longicrure (C.Wright) H. Hara,난초과,Orchidaceae,6,8,Y,N,높이 20-45cm로 자란다.
2705,잠자리난초,Habenaria linearifolia Maxim.,난초과,Orchidaceae,6,8,N,N,높이 40~70cm이다.
2706,방울난초,Habenaria flagellifera (Maxim.) Makino,난초과,Orchidaceae,9,10,Y,N,높이는 20-50㎝
2707,개잠자리난초,Habenaria cruciformis Ohwi,난초과,Orchidaceae,8,8,N,Y,높이 70cm 내외이다.
2708,해오라비난초,Habenaria radiata (Thunb.) Spreng.,난초과,Orchidaceae,7,8,Y,N,높이 15~40cm.
2709,손바닥난초,Gymnadenia conopsea (L.) R.A.Br,난초과,Orchidaceae,7,8,Y,N,높이 30-60cm
2710,구름병아리난초,Gymnadenia cucullata (L.) Rich.,난초과,Orchidaceae,7,8,Y,N,높이 10-20cm이다.
2711,점박이구름병아리난초,Gymnadenia cucullata var. variegata Y.N.Lee,난초과,Orchidaceae,7,9,N,N,높이 30-50㎝
2712,주름제비란,Gymnadenia camtschatica (Cham.) Miyabe & Kudo,난초과,Orchidaceae,5,7,Y,N,높이 30-60㎝
2713,애기사철란,Goodyera repens (L.) R.Br.,난초과,Orchidaceae,8,8,Y,N,높이 10~20cm이다.
2714,털사철란,Goodyera velutina Maxim. ex Regel,난초과,Orchidaceae,8,9,N,N,높이 10-20㎝
2715,붉은사철란,Goodyera macrantha Maxim.,난초과,Orchidaceae,7,9,N,N,높이는 4~8cm이다.
2716,섬사철란,Goodyera maximowicziana Makino,난초과,Orchidaceae,7,10,N,N,높이 5~10cm이다.
2717,사철란,Goodyera schlechtendaliana Rchb.f.,난초과,Orchidaceae,8,9,Y,N,높이 12~25cm
2718,푸른천마,Gastrodia elata f. viridis (Makino) Makino,난초과,Orchidaceae,6,7,N,N,높이 40~100cm이다.
2719,천마,Gastrodia elata Blume,난초과,Orchidaceae,6,7,Y,N,높이 60-100cm이다.
2720,으름난초,Galeola septentrionalis Rchb.f.,난초과,Orchidaceae,6,7,Y,N,높이 50-100㎝
2721,유령란,Epipogium aphyllum Sw.,난초과,Orchidaceae,8,10,N,N,높이는 7-20㎝
2722,청닭의난초,Epipactis papillosa Franch. & Sav.,난초과,Orchidaceae,7,8,Y,N,높이 30-70㎝
2723,부전란,Epipactis puzenensis T.H.Chung,난초과,Orchidaceae,7,7,N,N,높이 15cm이다.
2724,닭의난초,Epipactis thunbergii A. Gray,난초과,Orchidaceae,6,7,N,N,높이 30-70cm
2725,석곡,Dendrobium moniliforme (L.) Sw.,난초과,Orchidaceae,4,6,Y,N,높이 20cm
2726,노랑복주머니란,Cypripedium calceolus L.,난초과,Orchidaceae,6,8,N,N,높이 40㎝정도
2727,복주머니란,Cypripedium macranthos Sw.,난초과,Orchidaceae,5,7,Y,N,높이 20~40cm.
2728,광릉요강꽃,Cypripedium japonicum Thunb. ex Murray,난초과,Orchidaceae,4,5,Y,N,높이 20~40cm이다.
2729,흰털복주머니란,Cypripedium guttatum f. albiflorum Y.N.Lee,난초과,Orchidaceae,7,7,N,N,높이는 30cm 정도이다.
2730,털복주머니란,Cypripedium guttatum var. koreanum Nakai,난초과,Orchidaceae,5,7,Y,N,높이 30㎝
2731,대흥란,Cymbidium macrorrhizum Lindl.,난초과,Orchidaceae,7,8,Y,N,높이 10~30cm이다.
2732,,Cymbidium nipponicum (Franch. & Sav.) Makino,난초과,Orchidaceae,7,8,N,N,꽃대는 높이 15-20cm.
2733,죽백란,Cymbidium lancifolium Hook.,난초과,Orchidaceae,5,7,Y,N,화경의 높이 10-15cm.
2734,보춘화,Cymbidium goeringii (Rchb.f.) Rchb.f.,난초과,Orchidaceae,3,4,N,N,"꽃대의 높이는 10-25cm, 잎은 길이 20-50cm 정도 자란다."
2735,한란,Cymbidium kanran Makino,난초과,Orchidaceae,1,12,Y,N,"꽃대는 길이 25-60cm, 잎은 길이 20-70cm정도 자란다."
2736,약난초,Cremastra variabilis (Blume) Nakai ex Shibata,난초과,Orchidaceae,4,6,Y,N,꽃대의 높이 40cm.
2737,두잎약난초,Cremastra unguiculata (Finet) Finet,난초과,Orchidaceae,5,6,Y,N,꽃대는 길이 25-40cm이다.
2738,개제비난,Coeloglossum viride var. bracteatum (Willd.) Rich.,난초과,Orchidaceae,5,7,N,N,높이 15-30cm이다.
2739,포태제비난,Coeloglossum coreanum (Nakai) Schltr.,난초과,Orchidaceae,5,7,N,N,높이 20㎝
2740,은난초,Cephalanthera erecta (Thunb.) Blume,난초과,Orchidaceae,5,5,N,N,높이 40-60cm정도이다.
2741,금난초,Cephalanthera falcata (Thunb.) Blume,난초과,Orchidaceae,4,6,N,N,높이는 40~70cm이다.
2742,은대난초,Cephalanthera longibracteata Blume,난초과,Orchidaceae,5,6,N,N,높이 30~50cm이다.
2743,꼬마은난초,Cephalanthera erecta var. subaphylla (Miyabe & Kudo) Ohwi,난초과,Orchidaceae,5,6,Y,N,높이 20-30cm
2744,풍선난초,Calypso bulbosa (L.) Oakes,난초과,Orchidaceae,5,6,N,N,화경花莖의 높이는 6-15㎝
2745,새우난초,Calanthe discolor Lindl.,난초과,Orchidaceae,4,5,Y,N,꽃대는 높이 30-50cm
2746,금새우난초,Calanthe sieboldii Decne. ex Regel,난초과,Orchidaceae,4,5,Y,N,꽃대는 높이 40cm
2747,여름새우난초,Calanthe reflexa Maxim.,난초과,Orchidaceae,8,8,Y,N,높이 20-40㎝
2748,섬새우난초,Calanthe coreana Nakai,난초과,Orchidaceae,4,5,N,Y,꽃대는 높이 30~50cm이다.
2749,다도새우난초,Calanthe x kibanakirishima F.Maek,난초과,Orchidaceae,4,5,N,N,높이 30~50cm 정도로 자란다.
2750,신안새우난초,Calanthe aristulifera Rchb.f.,난초과,Orchidaceae,4,5,N,N,높이 30~50cm 정도로 자란다.
2751,자란,Bletilla striata (Thunb.) Rchb.f.,난초과,Orchidaceae,5,6,Y,N,꽃대는 높이 50cm정도 자란다.
2752,병아리난초,Amitostigma gracile (Blume) Schltr.,난초과,Orchidaceae,6,7,N,N,높이 8~20cm.
2753,물매화,Parnassia palustris L.,물매화과,Parnassiaceae,7,8,N,N,꽃대는 길이 7-45cm
2754,애기물매화,Parnassia alpicola Makino,물매화과,Parnassiaceae,7,8,N,N,꽃대는 높이 10cm정도 자란다.
2755,좀미꾸리광이,Torreyochloa pallida (Torr.) Church,벼과,Poaceae,6,7,N,N,키 30-50㎝이다.
2756,기름새,Spodiopogon cotulifer (Thunb.) Hack.,벼과,Poaceae,8,8,N,N,높이는 80~120cm이다.
2757,큰기름새,Spodiopogon sibiricus Trin.,벼과,Poaceae,8,8,N,N,높이 80-120cm이다.
2758,자주이대,Pseudosasa japonica var. purpurascens Nakai,벼과,Poaceae,5,7,N,N,"수고 2-4(5)m, 직경 5-15㎜에 이른다."
2759,이대,Pseudosasa japonica (Siebold & Zucc. ex Steud.) Makino ex Nakai,벼과,Poaceae,8,8,N,N,높이 2 ~ 4(5)m.
2760,진퍼리새,Molinia japonica Hack.,벼과,Poaceae,6,8,N,N,높이는 30-110cm
2761,산향모,Hierochloe alpina (Sw. ex Willd.) Roem. & Schult.,벼과,Poaceae,6,6,N,N,높이는 15-30㎝
2762,향모,Hierochloe odorata (L.) P.Beauv.,벼과,Poaceae,4,5,N,N,높이 20-50cm이다.
2763,광릉용수염,Diarrhena fauriei (Hack.) Ohwi,벼과,Poaceae,7,8,N,N,높이 60-80㎝
2764,용수염,Diarrhena japonica (Franch. & Sav.) Franch. & Sav.,벼과,Poaceae,7,8,N,N,높이 50-80㎝
2765,껍질용수염,Diarrhena mandshurica Maxim.,벼과,Poaceae,7,8,N,N,높이 50-90㎝
2766,수염대새풀,Cleistogenes hackelii var. nakaii (Keng) Ohwi,벼과,Poaceae,8,9,N,N,높이는 40-100㎝
2767,대새풀,Cleistogenes hackelii (Honda) Honda,벼과,Poaceae,8,9,N,N,높이 40~100cm로 자란다.
2768,갯조풀,Calamagrostis pseudophragmites (Haller f.) Koeler,벼과,Poaceae,7,8,N,N,높이는 1-1.5m
2769,실새풀,Calamagrostis arundinacea (L.) Roth,벼과,Poaceae,8,9,N,N,높이 60-150cm이다.
2770,산조풀,Calamagrostis epigeios (L.) Roth,벼과,Poaceae,6,7,N,N,키 60-150cm이다.
2771,큰산새풀,Calamagrostis langsdorffii var. ramosa Nakai,벼과,Poaceae,8,8,N,N,높이는 80-150㎝정도
2772,산새풀,Calamagrostis langsdorfii (Link) Trin.,벼과,Poaceae,8,8,N,N,높이 80-150cm이다.
2773,들새풀,Calamagrostis heterogluma (Nakai) Honda,벼과,Poaceae,8,9,N,N,높이 40~65cm이다.
2774,야지피,Calamagrostis neglecta var. aculeolata (Hack.) Miyabe & Kudo,벼과,Poaceae,7,8,N,N,높이는 40-100㎝
2775,백산새풀,Calamagrostis angustifolia Kom.,벼과,Poaceae,8,8,N,Y,높이 65~100cm이다
2776,제주새풀,Calamagrostis arundinacea var. inaequgta Hack.,벼과,Poaceae,8,9,N,N,높이 60-150cm이다.
2777,사할린새풀,Calamagrostis sachalinensis F.Schmidt,벼과,Poaceae,8,9,N,N,키 30-60㎝이다.
2778,숲개밀,Brachypodium sylvaticum (Huds.) P.Beauv.,벼과,Poaceae,6,7,N,N,높이는 40-80㎝
2779,바랭이새,Bothriochloa ischaemum (L.) Keng,벼과,Poaceae,7,7,N,N,높이 25-80cm
2780,새,Arundinella hirta (Thunb.) Tanaka,벼과,Poaceae,8,9,N,N,높이 30~120cm이다.
2781,털새,Arundinella hirta var. ciliata Koidz.,벼과,Poaceae,8,9,N,N,높이 30~120cm이다.
2782,왕잔디,Zoysia macrostachya Franch. & Sav.,벼과,Poaceae,6,6,N,N,꽃대의 높이는 15-20㎝
2783,잔디,Zoysia japonica Steud.,벼과,Poaceae,5,6,N,N,화경花莖의 높이는 10~15cm이다.
2784,줄,Zizania latifolia (Griseb.) Turcz. ex Stapf,벼과,Poaceae,8,8,N,N,꽃대는 높이 1-2m이다.
2785,잠자리피,Trisetum bifidum (Thunb.) Ohwi,벼과,Poaceae,4,5,N,N,높이 40-80cm이다.
2786,시베리아잠자리피,Trisetum sibiricum Rupr.,벼과,Poaceae,7,8,N,N,높이는 50-100㎝
2787,산잠자리피,Trisetum spicatum (L.) K.Richt.,벼과,Poaceae,7,8,N,N,높이는 10-30㎝
2788,갯잠자리피,Tripogon chinensis (Franch.) Hack.,벼과,Poaceae,6,7,N,N,높이는 20-30㎝
2789,솔새,Themeda triandra var. japonica (Willd.) Makino,벼과,Poaceae,8,8,N,N,높이는 70-100cm
2790,제주나래새,Stipa coreana var. japonica (Matsum.) Y.N.Lee,벼과,Poaceae,9,9,N,N,높이 50-100㎝이다.
2791,수염풀,Stipa mongolica Turcz. ex Trin.,벼과,Poaceae,7,8,N,N,높이 30-90cm이다.
2792,참나래새,Stipa coreana Honda ex Nakai,벼과,Poaceae,9,9,N,N,높이 50~150cm이다.
2793,가는나래새,Stipa sibirica (L.) Lam.,벼과,Poaceae,8,8,N,N,높이는 90~120㎝이다.
2794,나도잔디,Sporobolus japonicus (Steud.) Maxim. ex Rendle,벼과,Poaceae,8,8,N,N,높이는 5-30㎝
2795,쥐꼬리새풀,Sporobolus fertilis (Steud.) Clayton,벼과,Poaceae,6,8,N,N,높이 30-80cm 정도이다.
2796,수수새,Sorghum nitidum (Vahl) Pers.,벼과,Poaceae,7,7,Y,N,높이 50~120cm이다.
2797,금강아지풀,Setaria glauca (L.) P.Beauv.,벼과,Poaceae,8,8,N,N,높이는 20-50cm이다.
2798,수강아지풀,Setaria x pycnocoma (Steud.) Henrard ex Nakai,벼과,Poaceae,7,8,N,N,높이 20-70㎝이다.
2799,조아재비,Setaria chondrachne (Steud.) Honda,벼과,Poaceae,7,7,N,N,높이는 1m이상 자란다.
2800,갯강아지풀,Setaria viridis var. pachystachys (Franch. & Sav.) Makino & Nemoto,벼과,Poaceae,7,7,N,N,높이는 20-70㎝이다.
2801,호오리새,Schizachne purpurascens (Torr.) Swallen,벼과,Poaceae,6,7,N,N,높이는 40-70㎝
2802,제주조릿대,Sasa palmata (Bean) E.G.Camus,벼과,Poaceae,4,5,N,Y,"높이 10 ~ 80cm, 지름 3 ~ 4mm."
2803,조릿대,Sasa borealis (Hack.) Makino,벼과,Poaceae,4,4,N,N,높이 1 ~ 2m.
2804,섬조릿대,Sasa kurilensis (Rupr.) Makino & Shibata,벼과,Poaceae,4,5,N,N,높이가 2-5m정도된다.
2805,갓대,Sasa chiisanensis (Nakai) Y.N.Lee,벼과,Poaceae,4,4,N,Y,높이는 1~3m
2806,물뚝새,Sacciolepis indica var. oryzetorum (Makino) Ohwi,벼과,Poaceae,6,8,N,N,높이는 20-35㎝이다.
2807,좀물뚝새,Sacciolepis indica (L.) Chase,벼과,Poaceae,6,8,N,N,높이는 20-35cm 정도이다.
2808,갯꾸러미풀,Puccinellia nipponica Ohwi,벼과,Poaceae,6,7,N,N,높이 30~100cm.
2809,갯겨이삭,Puccinellia coreensis Honda,벼과,Poaceae,6,6,N,Y,높이 30~60cm이다.
2810,각시미꾸리광이,Puccinellia chinampoensis Ohwi,벼과,Poaceae,6,7,N,N,높이 25~50cm이다.
2811,물잔디,Pseudoraphis ukishiba Ohwi,벼과,Poaceae,8,9,Y,N,길이 60㎝이상 자란다.
2812,갯쇠돌피,Polypogon monspeliensis (L.) Desf.,벼과,Poaceae,5,6,N,N,높이는 30-40㎝
2813,쇠돌피,Polypogon fugax Nees ex Steud.,벼과,Poaceae,5,6,N,N,높이는 20-50㎝
2814,실포아풀,Poa acroleuca Steud.,벼과,Poaceae,5,6,N,N,높이는 40-50㎝
2815,섬포아풀,Poa takeshimana Honda,벼과,Poaceae,5,6,N,Y,높이는 30㎝
2816,자주포아풀,Poa glauca Vahl,벼과,Poaceae,5,6,N,N,높이는 20-30㎝
2817,마디포아풀,Poa acroleuca var. submoniliformis Makino,벼과,Poaceae,5,6,N,N,높이는 40-50㎝이다.
2818,새포아풀,Poa annua L.,벼과,Poaceae,5,5,N,N,높이는 10~25cm이다.
2819,구내풀,Poa hisauchii Honda,벼과,Poaceae,5,7,N,N,높이 30-50㎝
2820,가는포아풀,Poa matsumurae Hack.,벼과,Poaceae,5,7,N,N,높이가 50~80cm이다.
2821,큰꾸러미풀,Poa nipponica Koidz.,벼과,Poaceae,5,6,N,N,높이 40-50cm
2822,두메포아풀,Poa malacantha var. shinanoana (Ohwi) Ohwi,벼과,Poaceae,5,7,N,N,높이는 15~30㎝
2823,포아풀,Poa sphondylodes Trin.,벼과,Poaceae,5,6,N,N,높이 50-70cm이다.
2824,선포아풀,Poa nemoralis L.,벼과,Poaceae,6,6,N,N,높이 30-70cm
2825,관모포아풀,Poa kanboensis Ohwi,벼과,Poaceae,6,7,N,Y,높이 40~50cm이다 .
2826,눈포아풀,Poa palustris L.,벼과,Poaceae,5,7,N,N,높이는 50-100㎝
2827,청포아풀,Poa viridula Palib.,벼과,Poaceae,6,8,N,N,화경의 높이가 30-60㎝이다.
2828,큰달뿌리풀,Phragmites karka (Retz.) Trin. ex Steud.,벼과,Poaceae,8,9,N,N,높이는 2-4m
2829,갈대,Phragmites communis Trin.,벼과,Poaceae,9,9,N,N,높이 1~3m
2830,달뿌리풀,Phragmites japonica Steud.,벼과,Poaceae,8,9,N,N,높이 약 2m 이다.
2831,산조아재비,Phleum alpinum L.,벼과,Poaceae,7,7,N,N,높이는 30-40㎝
2832,갈풀,Phalaris arundinacea L.,벼과,Poaceae,6,6,N,N,높이 70~180cm이다.
2833,산기장,Phaenosperma globosa Munro ex Benth.,벼과,Poaceae,5,6,N,N,높이 1-1.5m
2834,가는잎모새달,Phacelurus latifolius f. angustifolius (Debeaux) Kitag.,벼과,Poaceae,6,10,N,N,높이는 80~120㎝이다.
2835,모새달,Phacelurus latifolius (Steud.) Ohwi,벼과,Poaceae,6,10,Y,N,높이는 80-120㎝.
2836,흰수크령,Pennisetum alopecuroides var. albiflorum Y.N.Lee,벼과,Poaceae,8,9,N,N,높이 30~80cm이다.
2837,청수크령,Pennisetum alopecuroides var. viridescens (Miq.) Ohwi,벼과,Poaceae,8,9,N,N,높이 30-80㎝이다.
2838,수크령,Pennisetum alopecuroides (L.) Spreng.,벼과,Poaceae,8,9,N,N,높이 30~80cm
2839,붉은수크령,Pennisetum alopecuroides var. erythrochaetum Ohwi,벼과,Poaceae,8,9,N,N,높이 30-80㎝이다.
2840,참새피,Paspalum thunbergii Kunth ex Steud.,벼과,Poaceae,7,8,N,N,높이는 40~90cm이다.
2841,개기장,Panicum bisulcatum Thunb.,벼과,Poaceae,8,9,N,N,높이 30~120cm이다.
2842,주름조개풀,Oplismenus undulatifolius (Ard.) P.Beauv.,벼과,Poaceae,8,10,N,N,높이 10~30cm이다.
2843,가지주름조개풀,Oplismenus compositus (L.) P.Beauv.,벼과,Poaceae,10,10,N,N,높이 20~40cm이다.
2844,참주름조개풀,Oplismenus undulatifolius var. elongatus Honda ex Nakai,벼과,Poaceae,8,10,N,N,높이 10-30㎝이다.
2845,민주름조개풀,Oplismenus undulatifolius var. japonicus (Steud.) Koidz.,벼과,Poaceae,8,10,N,N,높이 10-30㎝이다.
2846,쥐꼬리새,Muhlenbergia japonica Steud.,벼과,Poaceae,8,8,N,N,높이 15-40cm이다 .
2847,선쥐꼬리새,Muhlenbergia hakonensis (Hack.) Makino,벼과,Poaceae,8,8,N,N,높이는 40-100㎝
2848,큰쥐꼬리새,Muhlenbergia huegelii Trin.,벼과,Poaceae,8,9,N,N,높이 50~120cm이다.
2849,장억새,Miscanthus changii Y.N.Lee,벼과,Poaceae,8,9,N,Y,키 70-120㎝이다.
2850,참억새,Miscanthus sinensis Andersson,벼과,Poaceae,9,9,N,N,높이 1~2m
2851,물억새,Miscanthus sacchariflorus (Maxim.) Benth.,벼과,Poaceae,9,9,N,N,높이 1-2.5m 이다.
2852,가는잎억새,Miscanthus sinensis f. gracillimus (Hitchc.) Ohwi,벼과,Poaceae,9,9,N,N,높이 1~2m.
2853,가는잎물억새,Miscanthus sacchariflorus var. gracilis Y.N.Lee,벼과,Poaceae,9,9,N,N,높이 1~2.5m이다.
2854,금억새,Miscanthus sinensis var. chejuensis (Y.N.Lee) Y.N.Lee,벼과,Poaceae,9,10,Y,N,높이는 약100∼150cm이다.
2855,넓은잎물억새,Miscanthus sacchariflorus f. latifolius Adati,벼과,Poaceae,9,9,N,N,높이 1-2.5m이다
2856,억새아재비,Miscanthus oligostachyus Stapf,벼과,Poaceae,9,9,N,Y,높이는 120-180㎝
2857,억새,Miscanthus sinensis var. purpurascens (Andersson) Rendle,벼과,Poaceae,9,9,N,N,높이는 1-2m.
2858,얼룩억새,Miscanthus sinensis f. variegatus Nakai,벼과,Poaceae,9,9,N,N,높이 1-2m.
2859,나도겨이삭,Milium effusum L.,벼과,Poaceae,5,6,N,N,높이는 60-120㎝
2860,나도바랭이새,Microstegium vimineum (Trin.) A.Camus,벼과,Poaceae,8,9,N,N,높이는 40-100cm정도이다.
2861,큰듬성이삭새,Microstegium vimineum var. imberbe (Nees ex Steud.) Honda,벼과,Poaceae,8,9,N,N,높이 40~70cm이다.
2862,민바랭이새,Microstegium japonicum (Miq.) Koidz.,벼과,Poaceae,8,10,N,N,높이는 20-70㎝.
2863,참쌀새,Melica scabrosa Trin.,벼과,Poaceae,5,6,N,N,높이 30-70㎝
2864,쌀새,Melica onoei Franch. & Sav.,벼과,Poaceae,8,9,N,N,높이는 90-120㎝
2865,큰껍질새,Melica turczaninowiana Ohwi,벼과,Poaceae,6,7,N,N,높이 25-100cm이다.
2866,왕쌀새,Melica nutans L.,벼과,Poaceae,6,7,N,N,높이는 20-50㎝
2867,털조릿대풀,Lophatherum sinense Rendle,벼과,Poaceae,8,10,N,N,높이는 60-90㎝
2868,조릿대풀,Lophatherum gracile Brongn.,벼과,Poaceae,8,10,N,N,높이는 40-80㎝.
2869,드렁새,Leptochloa chinensis (L.) Nees,벼과,Poaceae,8,10,N,N,높이는 30-70㎝.
2870,좀겨풀,Leersia oryzoides (L.) Sw.,벼과,Poaceae,8,10,N,N,높이 50㎝
2871,나도겨풀,Leersia japonica (Honda) Honda,벼과,Poaceae,8,9,N,N,높이 30~50cm이다.
2872,겨풀,Leersia sayanuka Ohwi,벼과,Poaceae,8,10,N,N,높이 50cm 정도이다.
2873,도랭이피,Koeleria cristata (L.) Pers.,벼과,Poaceae,5,6,N,N,높이 20-40cm 이다.
2874,갯쇠보리,Ischaemum anthephoroides (Steud.) Miq.,벼과,Poaceae,7,7,N,N,높이 30~80cm이다 .
2875,쇠보리,Ischaemum crassipes (Steud.) Thell.,벼과,Poaceae,7,7,N,N,높이는 30~70cm이다.
2876,참쇠보리,Ischaemum anthephoroides f. coreanum (Nakai) Y.N.Lee,벼과,Poaceae,7,9,N,N,높이 30~80cm이다.
2877,누운기장대풀,Isachne nipponensis Ohwi,벼과,Poaceae,9,10,N,N,높이는 10-40㎝.
2878,기장대풀,Isachne globosa (Thunb.) Kuntze,벼과,Poaceae,6,8,N,N,높이 30~60cm로 자란다.
2879,띠,Imperata cylindrica var. koenigii (Retz.) Pilg.,벼과,Poaceae,5,5,N,N,높이 30-80cm
2880,수염개밀,Hystrix longearistata (Hack.) Honda,벼과,Poaceae,8,9,N,N,높이는 50-120㎝
2881,쇠치기풀,Hemarthria sibirica (Gand.) Ohwi,벼과,Poaceae,7,8,N,N,높이는 50~120cm이다.
2882,총전광이,Glyceria lithuanica (Gorski) Gorski,벼과,Poaceae,7,8,N,N,높이는 80-100㎝
2883,검정진들피,Glyceria debilior (Trin.) Kudo,벼과,Poaceae,7,8,N,N,높이 90~140cm이다.
2884,긴진들피,Glyceria effusa Kitag.,벼과,Poaceae,7,8,N,N,키 90㎝이다.
2885,두메미꾸리광이,Glyceria alnasteretum Kom.,벼과,Poaceae,6,7,N,N,높이 80-150㎝
2886,진들피,Glyceria ischyroneura Steud.,벼과,Poaceae,5,6,N,N,높이 40-120㎝
2887,육절보리풀,Glyceria acutiflora Torr.,벼과,Poaceae,4,5,N,N,높이는 20-70㎝
2888,왕미꾸리광이,Glyceria leptolepis Ohwi,벼과,Poaceae,6,7,N,N,높이 80-150cm이다.
2889,개묵새,Festuca takedana Ohwi,벼과,Poaceae,7,8,N,N,높이 15~30cm.
2890,김의털,Festuca ovina L.,벼과,Poaceae,6,8,N,N,높이 30-50cm이다.
2891,지리산김의털,Festuca ovina var. chiisanensis Ohwi,벼과,Poaceae,6,8,N,N,높이는 30-50㎝
2892,김의털아재비,Festuca parvigluma Steud.,벼과,Poaceae,5,6,N,N,높이 30~60cm이다.
2893,왕김의털아재비,Festuca subulata var. japonica Hack.,벼과,Poaceae,6,6,N,N,높이 60~120cm이다.
2894,서울김의털,Festuca ovina var. duriuscula (L.) W.D.J. Koch,벼과,Poaceae,6,8,N,N,높이는 30㎝-50㎝이다.
2895,산묵새,Festuca japonica Makino,벼과,Poaceae,5,6,N,N,높이 30~60cm.
2896,두메김의털,Festuca ovina var. koreanoalpina Ohwi,벼과,Poaceae,6,8,N,Y,높이는 30-50㎝이다.
2897,참김의털,Festuca ovina var. coreana (St.-Yves) St.-Yves,벼과,Poaceae,6,8,N,N,높이는 20-30㎝이다.
2898,왕김의털,Festuca rubra L.,벼과,Poaceae,8,9,N,N,높이 30~60cm.
2899,털개억새,Eulalia quadrinervis (Hack.) Kuntze,벼과,Poaceae,7,8,N,N,높이는 60-100㎝
2900,개억새,Eulalia speciosa (Debeaux) Kuntze,벼과,Poaceae,7,8,N,N,높이는 80-120㎝
2901,나도개피,Eriochloa villosa (Thunb.) Kunth,벼과,Poaceae,7,8,N,N,높이 50-100cm이다.
2902,좀새그령,Eragrostis minor Host,벼과,Poaceae,8,9,N,N,높이는 10-40㎝.
2903,비노리,Eragrostis multicaulis Steud.,벼과,Poaceae,7,8,N,N,높이 7-30(50)cm이다.
2904,그령,Eragrostis ferruginea (Thunb.) P.Beauv.,벼과,Poaceae,8,9,N,N,높이 30~80cm이다.
2905,참새그령,Eragrostis cilianensis (Bellardi) Link ex Janch.,벼과,Poaceae,7,9,N,N,높이 30-60cm이다.
2906,각시그령,Eragrostis japonica (Thunb.) Trin.,벼과,Poaceae,9,9,N,N,높이는 50~120㎝
2907,큰비노리,Eragrostis pilosa (L.) P.Beauv.,벼과,Poaceae,7,8,N,N,높이 30-70cm이다.
2908,개보리,Elymus sibiricus L.,벼과,Poaceae,7,8,N,N,높이 40~80cm이다.
2909,고려개보리,Elymus coreanus Honda,벼과,Poaceae,7,8,N,Y,키 50-65㎝이다.
2910,갯그령,Elymus mollis Trin.,벼과,Poaceae,7,7,N,N,높이는 50-100㎝
2911,갯보리,Elymus dahuricus Turcz. ex Griseb.,벼과,Poaceae,7,8,N,N,높이 50-100cm이다.
2912,왕바랭이,Eleusine indica (L.) Gaertn.,벼과,Poaceae,8,9,N,N,높이 30~80cm이다.
2913,피,Echinochloa utilis Ohwi & Yabuno,벼과,Poaceae,8,10,N,N,높이는 1~1.3m이다.
2914,물피,Echinochloa crusgalli var. oryzicola (Vasinger) Ohwi,벼과,Poaceae,7,8,N,N,높이 80-100cm이다.
2915,돌피,Echinochloa crus-galli (L.) P.Beauv.,벼과,Poaceae,7,8,N,N,높이 80-100cm이다.
2916,,Dimeria ornithopoda var. robusta Hack.,벼과,Poaceae,8,8,N,N,높이 7-40cm이다.
2917,갯바랭이,Dimeria ornithopoda var. subrobusta Hack.,벼과,Poaceae,8,8,N,N,높이는 30∼40cm이다.
2918,잔디바랭이,Dimeria ornithopoda Trin.,벼과,Poaceae,8,8,N,N,높이는 7-40㎝
2919,민바랭이,Digitaria violascens Link,벼과,Poaceae,8,9,N,N,높이 20-50cm이다.
2920,바랭이,Digitaria ciliaris (Retz.) Koel.,벼과,Poaceae,7,8,N,N,높이 40-70cm이다.
2921,좀바랭이,Digitaria radicosa (Presl) Miq.,벼과,Poaceae,5,7,N,N,높이 10~30cm이다.
2922,좀새풀,Deschampsia cespitosa (L.) P.Beauv.,벼과,Poaceae,7,8,N,N,높이는 15-70㎝
2923,우산잔디,Cynodon dactylon (L.) Pers.,벼과,Poaceae,6,8,N,N,꽃대의 높이 15~40cm이다.
2924,개솔새,Cymbopogon tortilis var. goeringii (Steud.) Hand.-Mazz.,벼과,Poaceae,9,9,N,N,높이는 1m정도 된다.
2925,갯율무,Crypsis aculeata (L.) Aiton,벼과,Poaceae,7,8,N,N,높이는 5-30㎝
2926,나도딸기광이,Cinna latifolia (Trevir.) Griseb.,벼과,Poaceae,8,9,N,N,높이 80-120㎝
2927,,Capillipedium assimile (Steud.) A.Camus,벼과,Poaceae,8,9,N,N,높이는 50-100㎝.
2928,나도기름새,Capillipedium parviflorum (R.Br.) Stapf,벼과,Poaceae,8,9,N,N,높이는 50~100cm이다.
2929,꼬리새,Bromus pauciflorus (Thunb.) Hack.,벼과,Poaceae,6,7,N,N,높이는 60~100cm이다.
2930,참새귀리,Bromus japonicus Thunb.,벼과,Poaceae,6,7,N,N,높이 30~70cm이다.
2931,담상이삭풀,Brachyelytrum erectum var. japonicum Hack.,벼과,Poaceae,8,9,N,N,높이는 50-70㎝
2932,개피,Beckmannia syzigachne (Steud.) Fernald,벼과,Poaceae,5,5,N,N,높이 30~100cm이다.
2933,조개풀,Arthraxon hispidus (Thunb.) Makino,벼과,Poaceae,9,10,N,N,꽃대의 높이 20-50cm이다.
2934,포태향기풀,Anthoxanthum odoratum var. furumii Honda,벼과,Poaceae,6,7,N,N,높이 30~40cm이다.
2935,쇠풀,Andropogon brevifolius Sw.,벼과,Poaceae,8,9,N,N,높이는 10~40cm이다.
2936,뚝새풀,Alopecurus aequalis Sobol.,벼과,Poaceae,5,6,N,N,높이 20-40cm로 자란다.
2937,엉성겨이삭,Agrostis divaricatissima Mez,벼과,Poaceae,6,10,N,N,높이 50㎝
2938,산겨이삭,Agrostis clavata Trin.,벼과,Poaceae,6,8,N,N,높이 30-70cm이다.
2939,긴겨이삭,Agrostis scabra Willd.,벼과,Poaceae,6,8,N,N,높이는 30-80㎝
2940,겨이삭,Agrostis clavata var. nukabo Ohwi,벼과,Poaceae,5,6,N,N,높이 40-80cm이다.
2941,흰겨이삭,Agrostis alba L.,벼과,Poaceae,5,6,N,N,높이 40~100cm이다.
2942,애기겨이삭,Agrostis stolonifera L.,벼과,Poaceae,5,6,N,N,키 10-20㎝이다.
2943,검정겨이삭,Agrostis flaccida var. trinii (Turcz. ex Litv.) Ohwi,벼과,Poaceae,8,9,N,N,높이 15-30㎝
2944,개밀아재비,Agropyron chinense (Trin. ex Bunge) Ohwi,벼과,Poaceae,6,7,N,N,높이 30-90cm이다.
2945,속털개밀,Agropyron ciliare (Trin.) Franch.,벼과,Poaceae,5,6,N,N,높이 30~90cm이다.
2946,털개밀,Agropyron gmelini (Griseb.) Scribn. & Sm.,벼과,Poaceae,6,7,N,N,높이는 60-100㎝
2947,개밀,Agropyron tsukushiense var. transiens (Hack.) Ohwi,벼과,Poaceae,6,7,N,N,높이 40~100cm
2948,자주개밀,Agropyron yezoense Honda,벼과,Poaceae,5,6,N,N,높이는 70-100㎝
2949,광릉개밀,Agropyron yezoense var. koryoense (Honda) Ohwi,벼과,Poaceae,5,6,N,N,높이는 70-90㎝
2950,가는개밀,Agropyron ciliare f. hackelianum (Ohwi) Y.N.Lee,벼과,Poaceae,5,6,N,N,높이가 30~90㎝이다.
2951,꼬리까치밥나무,Ribes komarovii Pojark.,까치밥나무과,Grossulariaceae,4,4,N,N,높이가 2.5m정도 자란다.
2952,까치밥나무,Ribes mandshuricum (Maxim.) Kom.,까치밥나무과,Grossulariaceae,5,6,N,N,높이가 2m정도 된다.
2953,눈까치밥나무,Ribes triste Pall.,까치밥나무과,Grossulariaceae,5,5,N,N,길이 1.5m이내
2954,개앵도나무,Ribes mandshuricum (Maxim.) Kom. var. subglabrum Kom.,까치밥나무과,Grossulariaceae,5,5,N,N,높이 2m에 달한다.
2955,넓은잎까치밥나무,Ribes latifolium Jancz.,까치밥나무과,Grossulariaceae,6,7,N,N,높이 1~2m
2956,까마귀밥나무,Ribes fasciculatum Siebold & Zucc. var. chinense Maxim.,까치밥나무과,Grossulariaceae,4,5,N,N,높이 1 ~ 1.5m.
2957,명자순,Ribes maximowiczianum Kom.,까치밥나무과,Grossulariaceae,4,4,N,N,높이는 1m 안팎
2958,좀꼬리까치밥나무,Ribes komarovii Pojark. var. breviracemum (Nakai) T.B.Lee,까치밥나무과,Grossulariaceae,4,4,N,N,높이 2.5m에 달한다.
2959,겨우살이,Viscum album L. var. coloratum (Kom.) Ohwi,겨우살이과,Viscaceae,4,4,N,N,"높이 40~60cm, 지름 1m. "
2960,붉은겨우살이,Viscum album f. rubroauranticum (Makino) Ohwi,겨우살이과,Viscaceae,4,4,N,N,높이 40-60cm. 직경이 1m에 달하는 것도 있다.
2961,동백나무겨우살이,Korthalsella japonica (Thunb.) Engl.,겨우살이과,Viscaceae,4,5,N,N,높이 5-30cm정도로 자란다.
2962,뚜껑덩굴,Actinostemma lobatum (Maxim.) Maxim. ex Franch. & Sav.,박과,Cucurbitaceae,8,9,N,N,줄기의 길이가 2m에 달한다.
